# C sweep, English no-space, non-rotating move-to-depth deck over AP slot layouts.
# columns: k a s mode dev8 r4spread r1 r2 r3 r4 r5 r6 r7 r8   (top 2000 of 564898 configs by dev8)
20 72 10 0 2.41 0.58 0.00 0.45 0.64 1.87 1.27 0.91 0.89 0.90
25 77 10 0 2.77 0.66 0.00 0.44 0.70 1.80 1.32 1.05 0.97 0.81
33 6 18 1 3.10 0.41 0.00 0.33 0.63 1.61 0.99 1.13 0.90 0.82
17 69 10 0 3.30 0.46 0.00 0.45 0.66 1.95 1.40 0.82 0.95 0.90
42 13 36 0 3.42 0.24 0.00 0.34 0.95 1.61 1.05 0.90 0.87 0.90
23 75 10 0 3.46 0.48 0.00 0.45 0.65 1.83 1.40 0.97 0.91 0.83
39 71 18 0 3.47 0.03 0.00 0.45 0.74 1.99 1.28 0.75 0.83 1.14
24 76 10 0 3.78 0.28 0.00 0.42 0.69 1.91 1.47 0.98 0.91 0.80
21 73 10 0 3.79 0.38 0.00 0.53 0.61 1.78 1.32 0.95 0.82 0.91
22 74 10 0 3.95 0.17 0.00 0.37 0.64 1.63 1.30 0.89 0.90 0.94
27 79 10 0 4.18 0.64 0.00 0.56 0.83 1.68 1.31 1.04 0.92 0.82
34 7 18 1 4.25 0.35 0.00 0.41 0.69 1.45 0.95 1.13 0.87 0.83
46 65 11 1 4.35 0.15 0.00 0.38 0.63 1.83 1.40 1.19 0.87 0.74
29 81 10 0 4.50 0.31 0.00 0.62 0.80 1.76 1.28 0.97 0.78 0.82
44 10 7 0 4.51 0.19 0.00 0.46 0.92 1.48 1.02 0.85 0.89 0.90
15 67 10 0 4.55 0.10 0.00 0.40 0.51 1.99 1.34 0.72 0.88 0.97
37 10 18 1 4.55 0.30 0.00 0.54 0.81 1.53 1.12 1.13 0.83 0.81
40 11 36 0 4.69 0.20 0.00 0.35 1.10 1.66 1.04 0.74 1.02 0.90
18 70 10 0 4.70 0.19 0.00 0.55 0.59 1.91 1.44 0.91 0.86 0.79
42 8 7 0 4.73 0.33 0.00 0.47 0.98 1.57 0.97 0.83 0.77 0.90
41 7 7 0 4.83 0.08 0.00 0.47 1.06 1.53 0.99 0.90 0.87 0.84
12 10 4 0 4.86 0.20 0.00 0.26 0.78 2.07 1.29 0.86 1.16 1.40
10 62 10 0 4.98 0.26 0.00 0.39 0.38 2.25 1.12 0.77 1.01 1.12
47 66 11 1 5.01 0.01 0.00 0.37 0.70 1.69 1.41 1.15 0.90 0.72
32 5 18 1 5.01 0.20 0.00 0.51 0.71 1.45 1.13 1.15 0.92 0.82
7 59 10 0 5.06 0.31 0.00 0.41 0.41 2.14 1.20 0.71 1.00 1.09
55 80 15 1 5.07 0.10 0.00 0.54 0.81 1.46 1.18 0.92 0.90 0.94
14 66 10 0 5.09 0.50 0.00 0.39 0.54 2.02 1.30 0.63 0.92 1.08
13 65 10 1 5.13 0.19 0.00 0.48 0.75 1.65 1.35 0.83 1.05 1.25
51 76 15 1 5.14 0.10 0.00 0.56 0.93 1.55 1.24 0.98 0.91 0.81
16 68 10 1 5.14 0.42 0.00 0.70 0.84 1.62 1.19 0.87 0.99 1.04
31 4 18 1 5.21 0.30 0.00 0.52 0.72 1.48 1.21 1.04 0.88 0.77
7 43 23 1 5.21 0.64 0.00 0.44 0.71 2.09 1.14 0.77 0.72 0.57
44 63 11 1 5.25 0.37 0.00 0.48 0.57 1.71 1.35 1.31 1.01 0.76
9 7 4 0 5.27 0.23 0.00 0.23 0.74 1.98 1.28 0.87 1.21 1.37
44 15 36 0 5.32 0.24 0.00 0.39 1.06 1.49 1.09 0.86 0.94 1.00
47 20 40 1 5.36 0.71 0.00 0.28 1.34 2.17 1.11 1.08 1.05 1.14
10 46 23 1 5.40 0.28 0.00 0.36 0.76 2.40 1.29 0.81 0.73 0.62
48 21 36 0 5.41 0.06 0.00 0.36 0.63 1.38 0.90 0.88 0.87 0.94
11 47 23 1 5.41 0.46 0.00 0.54 0.81 2.11 1.22 0.91 0.67 0.61
45 18 40 1 5.44 0.10 0.00 0.36 1.41 1.99 1.06 0.97 0.93 1.06
46 19 40 1 5.46 0.33 0.00 0.35 1.38 1.87 1.02 1.02 1.00 1.12
28 80 10 0 5.47 0.14 0.00 0.56 0.82 1.54 1.22 0.90 0.85 0.74
45 64 11 1 5.51 0.11 0.00 0.49 0.50 1.79 1.34 1.22 0.90 0.71
49 22 40 1 5.54 0.05 0.00 0.29 1.40 1.97 0.95 1.04 0.92 1.04
52 77 15 1 5.55 0.08 0.00 0.54 0.97 1.46 1.19 1.03 1.00 0.87
26 78 10 0 5.57 0.19 0.00 0.52 0.62 1.54 1.35 1.06 0.85 0.87
51 24 40 1 5.61 0.44 0.00 0.29 1.40 2.03 0.97 0.86 0.99 1.03
13 49 23 1 5.63 0.67 0.00 0.52 0.73 2.04 1.22 0.83 0.71 0.57
19 71 10 0 5.64 0.09 0.00 0.38 0.60 1.62 1.46 0.95 0.83 0.90
11 9 4 0 5.66 0.28 0.00 0.25 0.80 1.91 1.34 0.94 1.17 1.43
44 35 32 0 5.68 0.08 0.00 0.39 1.22 1.80 1.34 1.19 1.02 1.07
50 23 40 1 5.69 0.15 0.00 0.35 1.44 2.06 1.04 0.92 0.96 1.05
34 66 18 0 5.72 0.39 0.00 0.39 0.63 2.07 1.35 0.65 0.78 1.20
43 9 7 0 5.74 0.19 0.00 0.51 1.07 1.51 1.02 0.85 0.81 0.91
77 54 10 0 5.75 0.03 0.00 0.73 0.67 2.26 1.33 0.69 0.90 0.86
13 65 10 0 5.79 0.26 0.00 0.38 0.41 1.91 1.11 0.62 1.03 0.97
78 55 10 0 5.79 0.27 0.00 0.78 0.60 2.05 1.21 0.68 0.93 0.90
58 31 40 1 5.86 0.33 0.00 0.36 1.46 1.97 0.96 0.90 1.00 1.03
45 11 7 0 5.87 0.12 0.00 0.57 1.04 1.48 0.97 0.83 0.87 0.95
42 61 11 1 5.89 0.39 0.00 0.37 0.60 1.81 1.52 1.11 0.90 0.67
66 39 40 1 5.92 0.28 0.00 0.31 1.45 1.98 0.87 0.91 0.93 0.93
14 73 23 0 5.92 0.37 0.00 0.21 0.50 1.80 1.31 0.95 0.87 0.82
11 63 10 1 5.95 0.35 0.00 0.51 0.76 1.57 1.28 0.76 1.16 1.24
38 29 32 0 5.97 0.05 0.00 0.44 1.01 1.69 1.41 1.26 1.14 1.16
1 74 23 0 5.97 0.32 0.00 0.38 1.10 1.61 1.27 0.96 0.89 0.72
76 53 10 0 6.00 0.73 0.00 0.69 0.62 2.38 1.26 0.66 0.83 0.84
6 42 23 1 6.04 0.12 0.00 0.36 0.83 2.41 1.18 0.79 0.60 0.66
69 42 40 1 6.05 0.34 0.00 0.38 1.48 2.14 0.87 0.89 0.89 0.96
16 68 10 0 6.07 0.13 0.00 0.45 0.52 1.76 1.50 0.77 1.06 0.89
9 61 10 0 6.07 0.13 0.00 0.41 0.36 2.20 1.17 0.71 1.09 1.10
53 78 15 1 6.07 0.24 0.00 0.57 0.88 1.49 1.35 1.01 0.91 0.91
41 73 18 0 6.08 0.38 0.00 0.45 0.77 1.67 1.24 0.75 0.68 0.74
10 8 4 0 6.11 0.17 0.00 0.23 0.77 1.81 1.25 0.80 1.06 1.43
2 61 23 1 6.14 0.35 0.00 0.65 0.62 2.32 1.15 0.81 0.68 0.63
43 69 38 1 6.16 0.03 0.00 0.80 1.04 1.64 0.97 0.89 0.92 1.01
36 68 18 0 6.18 0.24 0.00 0.33 0.55 2.04 1.33 0.72 0.75 1.29
54 79 15 1 6.18 0.34 0.00 0.56 0.85 1.39 1.22 0.98 0.95 0.92
51 65 40 0 6.19 0.17 0.00 0.40 1.13 1.64 1.42 1.10 0.97 0.96
48 41 31 1 6.24 0.32 0.00 0.47 0.75 1.60 1.38 1.44 1.14 1.05
67 40 40 1 6.26 1.40 0.00 0.28 1.44 2.21 0.85 0.90 0.87 0.91
63 36 40 1 6.27 0.24 0.00 0.27 1.43 1.94 0.90 0.89 0.94 0.99
8 60 10 0 6.30 0.11 0.00 0.42 0.38 2.18 1.14 0.65 1.13 1.13
8 44 23 1 6.33 0.42 0.00 0.38 0.69 2.30 1.16 0.78 0.66 0.55
11 63 10 0 6.34 0.15 0.00 0.46 0.41 1.78 1.18 0.66 1.04 1.04
9 45 23 1 6.34 0.64 0.00 0.39 0.76 2.20 1.09 0.83 0.60 0.56
64 37 40 1 6.38 0.41 0.00 0.33 1.45 1.81 0.85 0.92 0.93 0.98
40 6 7 0 6.43 0.19 0.00 0.45 0.96 1.41 0.98 0.81 0.75 0.89
42 15 40 1 6.43 0.26 0.00 0.37 1.44 1.75 0.99 1.02 1.09 1.05
40 72 18 0 6.44 0.26 0.00 0.29 0.63 1.89 1.32 0.74 0.70 1.24
42 35 31 1 6.49 0.19 0.00 0.53 0.85 1.63 1.37 1.36 1.31 1.06
35 67 18 0 6.51 0.26 0.00 0.28 0.58 2.10 1.46 0.74 0.78 1.23
57 30 40 1 6.53 0.30 0.00 0.33 1.49 2.04 0.95 0.86 0.97 1.08
43 8 3 1 6.56 0.12 0.00 0.28 1.09 1.98 0.51 1.32 1.17 0.94
48 80 34 1 6.56 0.14 0.00 0.27 1.21 1.68 1.12 0.91 0.78 0.78
12 71 23 0 6.58 0.46 0.00 0.20 0.50 1.65 1.22 0.89 0.84 0.94
12 64 10 1 6.59 0.25 0.00 0.36 0.85 1.65 1.31 0.65 1.00 1.26
12 64 10 0 6.61 0.14 0.00 0.38 0.36 1.91 1.15 0.66 1.01 0.99
45 71 38 1 6.62 0.33 0.00 0.80 0.89 1.65 0.82 0.81 0.78 0.83
44 76 18 0 6.66 0.19 0.00 0.49 0.82 1.80 1.15 0.77 0.66 0.59
36 27 32 0 6.70 0.17 0.00 0.47 1.15 1.85 1.48 1.30 1.10 1.09
57 23 7 0 6.73 0.04 0.00 0.44 0.79 1.38 0.77 0.84 0.97 1.32
47 79 34 1 6.75 0.15 0.00 0.34 1.18 1.67 1.07 0.95 0.72 0.69
42 72 11 1 6.77 0.24 0.00 0.33 1.06 1.42 1.18 1.21 1.11 0.91
40 31 32 0 6.82 0.24 0.00 0.43 1.28 1.92 1.43 1.18 1.18 1.05
54 27 40 1 6.84 0.26 0.00 0.33 1.51 1.97 0.87 0.82 0.99 0.98
1 0 39 1 6.84 0.46 0.00 0.46 1.21 2.05 1.53 1.14 0.96 0.75
45 38 31 1 6.88 0.32 0.00 0.56 0.83 1.81 1.57 1.42 1.09 1.03
46 17 36 0 6.90 0.36 0.00 0.43 0.89 1.31 0.99 0.98 1.18 1.21
36 9 18 1 6.91 0.37 0.00 0.62 0.86 1.50 1.19 1.08 0.75 0.72
34 1 20 0 6.93 0.26 0.00 0.39 1.06 1.52 1.21 1.40 1.17 1.11
33 4 36 0 6.94 0.32 0.00 0.25 1.14 1.65 1.11 0.70 0.85 0.88
50 16 7 0 6.95 0.40 0.00 0.50 0.91 1.37 0.89 0.81 0.97 1.26
45 36 32 0 6.95 0.59 0.00 0.46 1.22 1.73 1.43 1.15 1.16 1.07
46 19 36 0 6.99 0.30 0.00 0.22 0.65 1.40 0.97 0.82 0.81 0.96
36 7 36 0 6.99 0.38 0.00 0.31 1.22 1.56 1.15 0.79 0.88 0.94
47 40 31 1 7.00 0.29 0.00 0.56 0.86 1.77 1.47 1.39 1.32 1.10
46 39 31 1 7.00 0.30 0.00 0.58 0.86 1.59 1.32 1.41 1.28 1.04
35 26 32 0 7.02 0.02 0.00 0.40 1.02 1.60 1.47 1.22 1.21 1.09
47 20 36 0 7.02 0.16 0.00 0.27 0.56 1.35 0.84 0.87 0.88 0.95
39 5 7 0 7.06 0.34 0.00 0.53 1.11 1.67 1.14 0.87 0.70 0.68
44 17 36 0 7.07 0.16 0.00 0.34 0.55 1.29 1.01 0.95 1.10 1.05
30 1 36 0 7.10 0.28 0.00 0.20 1.20 1.67 0.97 0.81 0.88 0.85
55 28 40 1 7.10 0.39 0.00 0.32 1.50 2.01 0.89 0.82 0.92 1.10
42 68 38 1 7.10 0.42 0.00 0.76 0.78 1.47 0.72 0.89 0.83 1.00
51 70 11 1 7.12 0.28 0.00 0.40 0.48 1.50 1.36 1.22 1.01 0.82
3 62 23 1 7.13 0.26 0.00 0.62 0.54 2.27 1.07 0.83 0.61 0.61
44 17 40 1 7.13 0.38 0.00 0.34 1.44 1.96 1.12 0.97 1.24 1.22
46 72 38 1 7.16 0.44 0.00 0.78 1.01 1.63 1.08 0.76 0.83 0.98
31 63 18 0 7.20 0.31 0.00 0.35 0.64 2.12 1.38 0.69 1.02 1.55
43 36 31 1 7.21 0.32 0.00 0.52 0.79 1.60 1.39 1.47 1.23 1.10
14 66 10 1 7.23 0.26 0.00 0.73 0.92 1.59 1.33 0.87 0.98 1.17
63 32 18 0 7.23 0.30 0.00 0.57 0.51 1.84 0.97 0.54 0.82 0.78
28 20 36 0 7.23 0.53 0.00 0.49 0.74 1.27 1.11 1.04 0.87 0.82
31 28 8 0 7.26 0.11 0.00 0.38 1.15 1.76 1.35 1.34 1.28 1.20
47 18 36 0 7.26 0.20 0.00 0.45 0.82 1.28 1.11 1.04 1.20 1.11
43 62 11 1 7.26 0.37 0.00 0.37 0.54 1.67 1.53 1.11 0.89 0.68
36 2 7 0 7.33 0.18 0.00 0.51 0.97 1.62 1.05 0.82 0.63 0.66
24 73 3 1 7.34 0.26 0.00 0.58 1.14 1.54 0.88 0.76 0.77 0.85
41 21 15 1 7.35 0.24 0.00 0.66 1.21 1.65 1.17 0.89 0.91 1.19
48 21 40 1 7.36 0.22 0.00 0.33 1.52 2.02 1.13 0.95 0.96 1.15
68 41 40 1 7.36 0.35 0.00 0.37 1.57 1.84 0.94 1.02 0.95 0.90
29 26 8 0 7.37 0.39 0.00 0.35 1.30 1.61 1.01 1.05 1.32 1.23
43 37 7 0 7.38 0.28 0.00 0.76 1.28 1.77 1.16 1.05 1.03 0.85
72 16 35 1 7.38 0.51 0.00 0.59 0.64 2.26 1.19 0.73 0.54 0.76
43 34 18 1 7.40 0.21 0.00 0.53 1.29 1.91 1.29 0.93 0.80 0.68
62 31 18 0 7.41 0.32 0.00 0.56 0.48 1.70 1.07 0.59 0.79 0.96
56 81 15 1 7.42 0.46 0.00 0.83 0.81 1.53 1.28 1.01 1.02 0.91
47 77 11 1 7.43 0.15 0.00 0.27 0.95 1.38 1.10 1.32 1.19 0.90
53 26 40 1 7.43 0.88 0.00 0.32 1.56 2.36 0.99 0.90 0.89 0.96
37 69 18 0 7.45 0.15 0.00 0.33 0.55 2.06 1.53 0.75 0.81 1.34
38 4 7 0 7.46 0.20 0.00 0.49 1.12 1.55 1.10 1.00 0.69 0.69
26 23 8 0 7.46 0.21 0.00 0.29 1.22 1.56 0.98 1.14 1.30 1.23
51 5 20 0 7.47 0.31 0.00 0.13 0.89 1.73 1.26 1.08 0.94 0.96
52 71 11 1 7.48 0.12 0.00 0.39 0.66 1.34 1.36 1.20 1.11 0.91
5 64 23 1 7.48 0.53 0.00 0.55 0.55 2.59 0.99 0.71 0.59 0.70
42 74 18 0 7.49 0.20 0.00 0.46 0.79 1.60 1.35 0.69 0.75 0.72
43 14 36 0 7.50 0.21 0.00 0.38 1.13 1.40 1.01 0.73 0.94 1.04
41 12 36 0 7.51 0.28 0.00 0.33 0.94 1.32 1.14 0.80 0.88 0.97
14 69 9 1 7.53 0.16 0.00 0.56 1.01 1.34 1.04 0.84 1.02 1.14
2 1 39 0 7.54 0.70 0.00 0.37 0.82 1.63 1.10 0.75 0.59 0.68
43 75 18 0 7.56 0.19 0.00 0.44 0.80 1.62 1.34 0.65 0.70 0.85
43 34 32 0 7.60 0.17 0.00 0.31 1.17 1.54 1.37 1.14 1.11 1.02
73 8 29 0 7.60 0.19 0.00 0.48 0.81 1.57 1.42 0.92 0.63 0.85
59 32 40 1 7.63 0.24 0.00 0.30 1.55 1.90 0.90 0.87 0.93 0.98
38 29 18 1 7.64 0.49 0.00 0.53 1.17 1.76 1.57 0.95 0.88 0.89
65 57 35 1 7.65 0.55 0.00 0.48 0.83 1.94 1.43 0.93 0.58 0.66
39 82 12 0 7.66 0.13 0.00 0.52 0.90 1.40 1.42 1.04 0.89 0.93
42 33 32 0 7.67 0.10 0.00 0.38 1.32 1.67 1.40 1.13 1.05 0.99
50 64 40 0 7.67 0.18 0.00 0.33 1.28 1.63 1.30 1.02 0.82 0.81
58 24 7 0 7.68 0.17 0.00 0.46 1.00 1.37 0.79 0.82 1.06 1.31
35 6 36 0 7.68 0.32 0.00 0.24 1.17 1.58 1.21 0.75 0.92 0.95
52 18 7 0 7.69 0.03 0.00 0.37 0.94 1.33 0.89 0.80 0.98 1.29
32 64 18 0 7.70 0.15 0.00 0.22 0.69 2.12 1.32 0.67 0.87 1.45
3 2 39 0 7.70 0.18 0.00 0.35 0.89 1.62 0.99 0.75 0.69 0.56
67 36 18 0 7.72 0.12 0.00 0.65 0.42 1.98 1.10 0.58 0.95 0.84
17 72 9 1 7.75 0.15 0.00 0.53 1.01 1.35 1.05 0.81 1.00 1.20
39 4 40 0 7.75 0.19 0.00 0.48 1.22 1.49 1.20 1.04 1.10 1.24
40 33 31 1 7.77 0.17 0.00 0.51 0.89 1.57 1.54 1.34 1.16 1.03
65 38 40 1 7.77 0.40 0.00 0.26 1.55 2.12 0.89 0.87 0.90 0.97
39 10 36 0 7.78 0.34 0.00 0.16 1.16 1.70 1.17 0.85 0.92 0.93
61 30 18 0 7.81 0.30 0.00 0.56 0.57 1.95 0.96 0.50 0.77 0.73
30 82 10 0 7.82 0.35 0.00 0.63 0.75 1.79 1.59 1.30 0.99 0.69
27 19 36 0 7.83 0.07 0.00 0.47 0.81 1.26 1.19 0.99 0.84 0.86
69 38 18 0 7.86 0.36 0.00 0.51 0.36 2.00 1.07 0.57 0.98 1.02
12 48 23 1 7.86 0.41 0.00 0.61 0.77 2.30 1.37 0.90 0.68 0.54
39 12 40 1 7.91 0.32 0.00 0.52 1.29 1.58 1.04 1.15 1.33 1.19
68 37 18 0 7.99 0.28 0.00 0.65 0.48 1.96 1.01 0.50 0.92 0.91
57 79 33 0 8.00 0.28 0.00 0.44 1.13 1.30 1.00 1.15 0.94 0.97
59 39 11 0 8.02 0.30 0.00 0.55 1.20 1.37 0.97 1.00 0.85 0.88
4 52 38 0 8.02 0.33 0.00 0.64 0.79 1.55 0.92 0.60 1.32 1.16
72 42 35 0 8.05 0.24 0.00 0.42 0.90 1.66 1.11 0.67 0.55 0.96
32 3 36 0 8.05 0.45 0.00 0.26 1.25 1.59 1.12 0.69 0.96 0.92
41 32 18 1 8.06 0.28 0.00 0.66 1.08 1.68 1.51 1.02 0.87 0.81
56 29 40 1 8.07 0.44 0.00 0.24 1.51 2.05 0.95 0.79 1.04 1.03
14 50 23 1 8.07 0.46 0.00 0.58 0.77 2.00 1.31 0.97 0.65 0.51
41 34 31 1 8.07 0.46 0.00 0.49 0.90 1.65 1.47 1.53 1.25 1.06
37 2 40 0 8.08 0.28 0.00 0.45 1.33 1.50 1.04 1.04 1.02 1.25
31 63 23 0 8.09 0.32 0.00 0.37 1.23 2.07 1.50 1.33 1.08 0.68
32 24 36 0 8.12 0.07 0.00 0.23 1.16 1.72 1.44 1.13 0.85 0.79
35 2 20 0 8.15 0.19 0.00 0.31 1.05 1.42 1.25 1.33 1.14 1.10
32 6 40 1 8.15 0.68 0.00 0.53 1.16 2.25 1.29 0.66 0.93 1.43
37 28 32 0 8.16 0.11 0.00 0.35 1.13 1.56 1.41 1.19 1.22 1.20
54 68 40 0 8.16 0.36 0.00 0.30 0.88 1.35 1.36 1.24 1.10 1.01
41 67 38 1 8.17 0.44 0.00 0.80 0.96 1.45 0.75 0.86 0.90 0.99
49 30 3 0 8.18 0.10 0.00 0.48 0.50 1.69 1.57 1.28 1.30 1.09
40 0 12 0 8.18 0.42 0.00 0.74 1.24 1.75 1.32 1.16 1.11 1.04
60 33 40 1 8.18 0.44 0.00 0.29 1.60 1.91 0.95 0.92 0.98 0.97
41 35 7 0 8.19 0.24 0.00 0.61 1.34 1.86 1.44 1.10 1.08 1.01
4 63 23 1 8.19 0.31 0.00 0.51 0.54 2.51 0.96 0.64 0.63 0.60
46 78 18 0 8.21 0.20 0.00 0.45 0.78 1.74 1.19 0.85 0.57 0.57
43 57 25 1 8.21 0.30 0.00 0.51 1.41 1.74 1.27 0.89 0.80 0.91
52 25 40 1 8.22 0.36 0.00 0.25 1.54 1.95 1.09 0.91 1.00 1.08
13 35 25 0 8.23 0.05 0.00 0.74 0.89 1.57 0.83 0.67 1.27 1.23
44 37 31 1 8.23 0.30 0.00 0.58 0.94 1.75 1.55 1.40 1.32 1.06
57 82 15 1 8.27 0.20 0.00 0.63 0.83 1.32 1.31 0.97 0.97 0.96
56 67 35 0 8.28 0.13 0.00 0.39 0.83 1.32 1.31 1.35 1.12 0.99
15 67 10 1 8.28 0.30 0.00 0.87 0.92 1.59 1.23 0.82 1.05 1.13
29 61 23 0 8.28 0.38 0.00 0.40 1.33 2.07 1.46 1.35 1.05 0.74
62 35 40 1 8.28 0.39 0.00 0.27 1.56 1.94 1.00 0.94 0.90 1.14
47 13 7 0 8.29 0.22 0.00 0.48 1.13 1.36 0.98 0.83 0.85 1.20
50 31 3 0 8.32 0.30 0.00 0.50 0.47 2.01 1.64 1.37 1.25 1.08
43 16 40 1 8.32 0.42 0.00 0.34 1.59 1.84 0.96 1.10 1.21 1.08
61 34 40 1 8.34 0.65 0.00 0.33 1.64 2.30 0.81 0.92 0.90 0.95
39 23 10 0 8.35 0.23 0.00 0.50 1.04 1.34 1.25 0.99 0.83 0.80
49 42 31 1 8.36 0.15 0.00 0.46 0.69 1.33 1.32 1.31 1.12 1.14
3 2 16 1 8.40 0.49 0.00 0.45 1.04 1.75 1.33 1.17 1.42 1.50
69 13 35 1 8.40 0.76 0.00 0.56 0.57 2.22 1.11 0.70 0.49 0.82
67 59 35 1 8.41 0.14 0.00 0.44 0.88 2.22 1.41 0.85 0.51 0.74
35 8 18 1 8.41 0.19 0.00 0.60 0.85 1.32 1.08 1.14 0.83 0.67
33 0 20 0 8.41 0.25 0.00 0.38 0.96 1.42 1.28 1.41 1.17 1.20
45 16 36 0 8.42 0.38 0.00 0.44 0.84 1.21 1.08 1.01 1.13 1.19
39 57 7 1 8.43 0.09 0.00 0.24 0.41 1.43 1.02 0.99 0.83 1.05
37 3 7 0 8.43 0.48 0.00 0.61 1.10 1.59 1.07 0.86 0.66 0.69
50 21 36 0 8.44 0.06 0.00 0.43 0.78 1.29 1.04 1.26 1.42 1.11
18 77 34 1 8.45 0.10 0.00 0.68 0.83 1.59 1.27 0.89 0.67 0.67
35 0 40 0 8.46 0.45 0.00 0.56 1.32 1.48 0.98 1.07 1.12 1.20
19 51 23 0 8.47 0.15 0.00 0.32 0.68 1.86 1.41 1.49 0.79 0.56
6 54 38 0 8.48 0.31 0.00 0.64 0.77 1.50 0.90 0.62 1.25 1.29
2 1 16 1 8.48 0.38 0.00 0.40 1.25 1.65 1.09 1.05 1.50 1.34
40 13 40 1 8.49 0.44 0.00 0.62 1.34 1.72 0.99 1.03 1.25 1.38
17 23 34 0 8.51 0.19 0.00 0.61 0.65 1.82 1.47 1.14 1.22 1.56
22 82 13 0 8.52 0.10 0.00 0.51 0.41 1.52 1.39 1.24 0.94 0.90
38 80 36 1 8.52 0.21 0.00 0.91 1.07 1.79 0.98 0.78 0.75 1.02
40 78 18 1 8.53 0.19 0.00 0.41 0.95 1.63 1.16 0.92 0.66 0.52
39 30 18 1 8.53 0.22 0.00 0.59 1.26 1.65 1.42 0.92 0.90 0.83
29 2 18 1 8.56 0.23 0.00 0.44 0.58 1.18 0.89 1.12 1.04 1.05
28 60 18 0 8.56 0.30 0.00 0.26 0.58 2.09 1.20 0.60 0.99 1.60
23 72 3 1 8.57 0.08 0.00 0.50 1.18 1.43 0.92 0.75 0.74 0.96
46 27 3 0 8.61 0.61 0.00 0.55 0.80 1.95 1.78 1.37 1.20 1.11
60 29 18 0 8.62 0.15 0.00 0.64 0.48 1.78 1.30 0.58 0.87 0.89
46 12 7 0 8.62 0.19 0.00 0.44 1.02 1.24 0.84 0.91 0.92 1.17
21 31 31 1 8.63 0.15 0.00 0.21 0.98 1.47 0.97 0.87 0.77 0.63
50 69 11 1 8.63 0.18 0.00 0.39 0.49 1.44 1.44 1.33 1.09 0.90
30 27 8 0 8.63 0.30 0.00 0.35 1.04 1.81 1.46 1.45 1.35 1.29
42 36 7 0 8.66 0.15 0.00 0.76 1.25 1.83 1.44 1.11 1.02 0.98
58 69 35 0 8.66 0.26 0.00 0.50 0.83 1.16 1.01 1.07 1.03 0.95
54 43 40 0 8.68 0.42 0.00 0.73 0.49 1.96 1.56 1.30 0.96 0.76
30 62 18 0 8.70 0.07 0.00 0.24 0.71 1.93 1.32 0.63 0.91 1.54
40 82 36 1 8.70 0.17 0.00 0.78 1.15 1.68 1.02 0.70 0.77 0.87
35 1 7 0 8.71 0.08 0.00 0.54 1.11 1.49 1.01 0.82 0.72 0.64
57 81 12 0 8.71 0.13 0.00 0.44 0.66 1.41 1.40 1.40 1.22 1.17
16 26 31 1 8.71 0.18 0.00 0.23 0.92 1.47 1.11 0.84 0.74 0.64
55 66 35 0 8.71 0.24 0.00 0.35 0.78 1.28 1.24 1.32 1.23 0.81
49 36 19 0 8.73 0.23 0.00 0.83 0.65 2.20 1.64 1.26 0.90 0.85
45 34 12 0 8.75 0.21 0.00 0.55 1.11 1.31 1.16 1.21 1.03 0.90
36 1 40 0 8.75 0.35 0.00 0.50 1.31 1.41 1.13 1.04 0.99 1.10
55 4 16 0 8.77 0.10 0.00 0.46 0.54 1.43 1.18 1.07 1.18 1.53
48 29 3 0 8.77 0.62 0.00 0.52 0.53 1.69 1.61 1.33 1.22 1.18
70 5 29 0 8.78 0.12 0.00 0.48 0.80 1.46 1.44 0.94 0.64 0.83
64 56 35 1 8.78 0.23 0.00 0.46 0.82 2.10 1.42 0.87 0.48 0.75
22 63 41 0 8.78 0.35 0.00 0.42 0.52 1.32 1.13 1.20 1.23 1.28
46 35 40 0 8.79 0.12 0.00 0.73 0.59 2.05 1.68 1.27 0.98 0.73
33 41 12 0 8.79 0.50 0.00 0.56 1.08 1.93 1.67 1.32 1.00 0.72
55 21 7 0 8.83 0.01 0.00 0.47 0.88 1.31 0.85 0.77 1.03 1.42
48 67 11 1 8.85 0.15 0.00 0.39 0.49 1.39 1.45 1.18 1.11 0.83
38 3 3 1 8.86 0.26 0.00 0.27 1.14 1.59 0.55 1.23 1.31 1.09
71 44 40 1 8.86 0.26 0.00 0.23 1.55 1.97 0.90 0.79 1.12 0.90
43 22 16 0 8.87 0.06 0.00 0.73 1.46 2.32 1.13 0.97 0.79 0.85
38 70 18 0 8.87 0.48 0.00 0.23 0.52 2.05 1.43 0.63 0.69 0.99
59 28 18 0 8.88 0.48 0.00 0.75 0.67 1.73 1.35 0.68 0.70 0.82
50 37 19 0 8.88 0.50 0.00 0.78 0.51 2.12 1.63 1.12 0.91 0.76
31 39 12 0 8.89 0.23 0.00 0.63 1.14 2.07 1.66 1.26 1.03 0.76
9 68 23 0 8.89 0.36 0.00 0.18 0.38 1.88 1.20 0.98 0.81 0.68
37 8 36 0 8.92 0.57 0.00 0.17 1.30 1.70 1.01 0.73 0.97 0.94
14 12 4 0 8.93 0.17 0.00 0.31 1.10 1.96 1.59 1.24 1.21 1.41
49 15 7 0 8.93 0.17 0.00 0.48 0.91 1.27 0.87 0.81 1.06 1.35
65 34 18 0 8.95 0.18 0.00 0.66 0.52 2.02 1.16 0.51 0.78 0.81
31 25 20 0 8.95 0.30 0.00 0.56 1.21 1.88 0.90 0.55 0.70 1.05
22 71 3 1 8.96 0.15 0.00 0.52 1.16 1.40 0.80 0.79 0.71 0.90
6 53 28 0 8.96 0.24 0.02 0.43 0.77 1.16 0.89 0.95 0.94 0.82
42 26 10 0 8.97 0.23 0.00 0.40 1.30 1.54 1.18 1.00 0.78 0.66
59 25 7 0 8.99 0.07 0.00 0.48 0.90 1.28 0.79 0.76 1.20 1.27
59 73 31 0 8.99 0.26 0.00 0.50 1.14 1.38 1.06 0.97 0.82 0.64
44 28 10 0 9.00 0.03 0.00 0.39 1.32 1.64 1.14 1.00 0.76 0.60
49 81 34 1 9.00 0.55 0.00 0.42 1.40 1.65 1.10 1.01 0.81 0.62
67 74 32 0 9.01 0.29 0.00 0.44 0.84 1.20 0.89 0.95 0.87 0.67
40 58 7 1 9.01 0.37 0.00 0.26 0.42 1.46 1.01 0.72 0.79 0.85
23 17 20 0 9.02 0.32 0.00 0.47 1.29 1.96 0.87 0.55 0.82 1.27
34 8 40 1 9.03 0.12 0.00 0.51 1.21 2.13 1.28 0.61 0.83 1.37
66 58 35 1 9.03 0.32 0.00 0.53 1.00 2.15 1.53 0.92 0.58 0.69
29 23 20 0 9.04 0.24 0.00 0.63 1.26 1.87 1.00 0.63 0.66 0.92
40 19 16 0 9.05 0.53 0.00 0.68 1.44 2.25 1.19 0.92 0.78 0.74
33 81 3 1 9.06 0.25 0.00 0.61 1.25 1.43 0.73 0.82 0.88 0.99
13 23 31 1 9.07 0.29 0.00 0.21 0.96 1.44 1.12 0.90 0.76 0.66
25 66 41 0 9.08 0.08 0.00 0.31 0.44 1.48 1.19 1.08 1.33 1.35
26 34 12 0 9.08 0.16 0.00 0.66 0.53 1.28 1.15 1.14 1.06 0.86
11 6 34 1 9.09 0.36 0.00 0.67 0.84 2.66 1.66 1.03 0.72 0.82
16 22 34 0 9.09 0.38 0.00 0.62 0.60 1.62 1.42 1.12 1.19 1.53
75 52 10 0 9.09 0.43 0.00 0.95 0.71 2.56 1.41 0.86 0.82 0.82
54 35 3 0 9.09 0.46 0.00 0.63 0.47 1.51 1.33 1.31 1.21 1.14
44 81 8 1 9.10 0.12 0.00 0.90 0.83 1.43 1.10 0.92 0.90 0.81
6 65 23 1 9.10 0.34 0.00 0.92 0.86 2.50 1.40 0.97 0.81 0.70
34 25 32 0 9.15 0.39 0.00 0.30 1.31 1.59 1.38 1.13 1.23 1.14
28 25 8 0 9.16 0.31 0.00 0.44 1.35 1.46 0.81 1.00 1.18 1.28
50 61 35 0 9.17 0.14 0.00 0.38 0.79 1.39 1.43 1.47 1.20 1.05
33 65 18 0 9.17 0.35 0.00 0.23 0.60 2.28 1.42 0.65 0.70 1.31
9 68 23 1 9.17 0.44 0.00 0.83 0.84 2.49 1.47 1.01 0.76 0.65
30 3 18 1 9.18 0.06 0.00 0.61 0.69 1.17 0.97 1.12 0.99 1.03
52 74 33 0 9.19 0.18 0.00 0.40 1.16 1.29 1.18 1.25 1.04 0.98
38 16 39 0 9.20 0.02 0.00 0.60 1.10 1.89 1.45 1.00 0.75 0.55
50 82 34 1 9.20 0.25 0.00 0.34 1.46 1.60 1.14 0.94 0.79 0.80
49 63 40 0 9.20 0.30 0.00 0.31 1.34 1.59 1.33 1.28 0.87 0.82
31 2 36 0 9.21 0.23 0.00 0.23 1.18 1.52 1.30 0.79 0.87 0.83
1 67 4 0 9.21 0.24 0.03 0.41 1.16 1.98 1.66 1.07 0.92 1.32
12 53 41 0 9.21 0.26 0.00 0.39 0.48 1.35 1.18 1.14 1.26 1.33
53 67 40 0 9.22 0.14 0.00 0.35 0.91 1.32 1.45 1.27 0.96 0.97
43 73 11 1 9.22 0.16 0.00 0.30 1.20 1.37 1.14 1.31 1.10 0.83
39 77 18 1 9.22 0.25 0.00 0.43 1.01 1.60 1.04 0.85 0.65 0.51
70 43 40 1 9.24 0.62 0.00 0.27 1.63 1.83 0.92 0.85 1.04 0.87
7 66 23 1 9.25 0.30 0.00 0.84 0.84 2.46 1.43 1.06 0.75 0.63
47 61 40 0 9.26 0.10 0.00 0.26 1.28 1.50 1.30 1.15 1.11 0.81
37 4 20 0 9.26 0.25 0.00 0.26 1.51 2.02 1.24 1.27 1.22 1.09
45 24 16 0 9.26 0.31 0.00 0.71 1.46 2.21 1.11 1.02 0.77 0.72
13 68 9 1 9.27 0.08 0.00 0.41 1.12 1.31 0.95 0.70 1.05 1.16
40 66 38 1 9.27 0.21 0.00 0.78 1.08 1.40 0.82 0.94 0.80 0.98
71 6 29 0 9.28 0.22 0.00 0.47 0.74 1.53 1.53 0.88 0.64 0.76
34 73 3 0 9.28 0.26 0.00 0.69 1.45 2.20 1.42 0.96 0.99 0.87
3 2 39 1 9.29 0.43 0.00 0.61 1.15 2.21 1.70 1.18 0.97 0.71
68 60 35 1 9.30 0.19 0.00 0.49 0.92 2.01 1.46 0.81 0.56 0.63
39 32 31 1 9.31 0.24 0.00 0.56 1.15 1.50 1.31 1.47 1.18 0.92
16 38 25 0 9.31 0.25 0.00 0.70 0.83 1.38 0.74 0.67 1.05 1.17
40 54 25 1 9.32 0.11 0.00 0.49 1.12 1.27 1.22 1.03 0.96 1.04
23 45 25 0 9.32 0.24 0.00 0.97 0.90 1.61 0.89 0.69 1.07 1.07
44 70 38 1 9.34 0.22 0.00 0.89 1.04 1.55 1.02 0.84 0.76 0.87
37 17 15 1 9.34 0.49 0.00 0.72 1.33 1.65 1.17 0.89 0.89 1.23
24 18 20 0 9.36 0.18 0.00 0.63 1.31 1.91 0.95 0.65 0.72 1.22
26 67 41 0 9.38 0.30 0.00 0.39 0.53 1.33 1.12 1.16 1.34 1.35
39 81 36 1 9.38 0.37 0.00 0.85 1.13 1.57 0.92 0.78 0.77 0.98
32 64 23 0 9.41 0.10 0.00 0.30 1.34 2.06 1.49 1.45 1.06 0.80
36 1 3 1 9.41 0.32 0.00 0.29 1.27 1.61 0.54 1.17 1.34 0.95
37 55 7 1 9.41 0.46 0.00 0.27 0.43 1.33 1.00 0.76 0.89 0.97
41 20 16 0 9.42 0.07 0.00 0.79 1.45 2.14 1.15 0.93 0.83 0.78
15 70 9 1 9.42 0.13 0.00 0.52 0.99 1.20 1.05 0.87 1.04 1.13
14 36 25 0 9.42 0.18 0.00 0.67 0.86 1.38 0.85 0.60 1.08 1.10
39 12 30 1 9.42 0.33 0.00 0.95 0.56 2.07 1.31 1.34 1.29 1.21
22 28 34 0 9.42 0.46 0.00 0.58 0.59 1.61 1.43 1.04 1.29 1.54
16 14 4 0 9.43 0.05 0.00 0.26 1.07 1.98 1.64 1.18 1.25 1.35
43 61 7 1 9.43 0.33 0.00 0.29 0.40 1.48 1.01 0.82 0.68 0.77
35 19 10 0 9.44 0.01 0.00 0.43 1.04 1.22 1.16 1.04 0.90 0.79
37 11 40 1 9.44 0.15 0.00 0.51 1.13 1.31 1.23 0.95 0.99 1.22
41 55 25 1 9.44 0.33 0.00 0.44 1.17 1.28 1.23 1.02 1.00 1.08
7 51 34 1 9.45 0.21 0.00 0.16 0.66 2.50 1.06 0.69 0.57 1.04
49 68 11 1 9.45 0.23 0.00 0.44 0.47 1.33 1.32 1.20 1.21 0.82
29 68 3 0 9.46 0.12 0.00 0.93 0.80 1.46 1.18 0.99 0.86 0.82
35 43 12 0 9.46 0.25 0.00 0.65 1.03 2.10 1.70 1.34 0.96 0.71
18 60 8 1 9.46 0.33 0.00 0.61 1.32 1.42 1.12 1.12 0.88 0.90
43 16 36 0 9.46 0.33 0.00 0.29 0.47 1.22 0.98 1.00 1.13 1.00
44 23 16 0 9.47 0.17 0.00 0.79 1.38 2.26 1.15 0.97 0.73 0.76
45 8 36 0 9.47 0.31 0.00 0.79 1.33 1.98 1.43 1.08 0.92 0.91
36 28 36 0 9.47 0.52 0.00 0.25 1.20 1.79 1.64 1.00 0.82 0.84
15 57 10 1 9.48 0.05 0.00 0.63 0.94 1.30 0.92 0.67 0.92 1.06
41 25 10 0 9.48 0.23 0.00 0.53 1.00 1.26 1.20 0.95 0.84 0.74
70 40 35 0 9.49 0.06 0.00 0.40 0.99 1.57 0.91 0.63 0.55 1.08
52 78 38 1 9.49 0.07 0.00 0.65 1.09 1.89 0.99 0.66 0.60 0.66
72 7 29 0 9.49 0.16 0.00 0.47 0.78 1.43 1.45 0.87 0.63 0.82
47 28 3 0 9.49 0.22 0.00 0.51 0.66 1.76 1.74 1.51 1.11 1.10
30 4 6 1 9.50 0.24 0.00 0.56 1.20 1.86 1.65 1.19 1.10 1.24
26 82 12 1 9.51 0.24 0.09 0.54 0.68 1.73 1.25 1.52 1.43 1.24
48 62 40 0 9.51 0.39 0.00 0.28 1.39 1.68 1.39 1.04 0.81 0.83
47 79 18 0 9.52 0.10 0.00 0.50 0.73 1.74 1.29 0.77 0.57 0.57
20 26 34 0 9.52 0.25 0.00 0.57 0.59 1.67 1.54 1.06 1.20 1.54
41 14 30 1 9.52 0.38 0.00 0.77 0.56 1.98 1.33 1.52 1.39 1.27
74 19 40 0 9.53 0.18 0.00 0.64 1.50 1.70 0.88 1.30 1.13 0.78
51 17 7 0 9.53 0.21 0.00 0.50 0.98 1.23 0.93 0.79 0.97 1.26
33 25 36 0 9.53 0.28 0.00 0.21 1.18 1.73 1.56 0.99 0.82 0.85
26 0 6 1 9.54 0.17 0.00 0.58 1.17 1.93 1.64 1.20 1.16 1.31
31 81 36 0 9.55 0.17 0.00 0.91 1.06 1.53 1.13 0.88 0.91 1.10
29 0 36 0 9.55 0.29 0.00 0.26 1.23 1.53 1.08 0.68 0.74 0.88
20 61 41 0 9.57 0.21 0.00 0.41 0.60 1.21 1.04 1.21 1.10 1.31
48 14 7 0 9.57 0.24 0.00 0.45 1.00 1.23 0.92 0.81 0.96 1.29
42 31 40 0 9.57 0.38 0.00 0.55 0.65 2.47 1.84 1.22 0.80 0.74
40 34 7 0 9.58 0.02 0.00 0.65 1.36 1.71 1.45 1.01 0.97 1.05
30 24 20 0 9.58 0.36 0.00 0.60 1.14 1.64 0.97 0.61 0.63 0.98
12 25 23 1 9.58 0.37 0.00 0.79 0.61 2.11 1.11 0.73 0.65 0.55
5 4 39 0 9.59 0.10 0.00 0.37 0.97 1.64 1.12 0.80 0.66 0.49
41 32 32 0 9.59 0.35 0.00 0.36 1.33 1.63 1.55 1.07 1.16 1.01
33 24 18 1 9.59 0.46 0.00 0.75 0.86 1.28 0.98 1.05 1.30 1.13
25 18 8 0 9.60 0.15 0.00 0.86 0.63 1.44 1.14 0.73 0.91 1.06
45 34 40 0 9.60 0.28 0.00 0.74 0.61 2.17 1.79 1.22 0.92 0.77
43 62 38 1 9.60 0.30 0.00 0.76 1.41 1.72 1.12 1.13 1.26 1.03
29 13 10 0 9.61 0.14 0.00 0.48 0.87 1.16 1.13 1.12 1.04 0.78
6 5 39 0 9.61 0.15 0.00 0.66 1.20 1.58 1.05 0.84 0.68 0.67
57 26 18 0 9.61 0.20 0.00 0.65 0.59 1.60 1.19 0.64 0.69 0.67
66 35 18 0 9.61 0.34 0.00 0.57 0.42 2.13 1.06 0.45 0.88 0.87
31 5 40 1 9.62 0.30 0.00 0.54 1.39 2.47 1.18 0.84 1.28 1.47
13 11 4 0 9.63 0.17 0.00 0.26 1.11 1.97 1.60 1.25 1.21 1.38
42 21 16 0 9.64 0.05 0.00 0.77 1.39 2.18 1.21 0.90 0.77 0.74
16 58 10 1 9.65 0.13 0.00 0.60 0.93 1.27 0.88 0.67 0.89 0.96
4 77 23 0 9.67 0.10 0.00 0.71 1.21 1.92 1.63 1.14 1.04 0.80
34 5 36 0 9.67 0.16 0.00 0.25 1.45 1.68 1.09 0.78 0.80 0.82
42 22 15 1 9.67 0.26 0.00 0.74 1.28 1.80 1.30 0.74 0.87 1.15
45 26 3 0 9.68 0.53 0.00 0.56 0.85 1.86 1.86 1.30 1.17 1.14
35 26 18 1 9.69 0.21 0.00 0.65 0.98 1.23 1.06 1.02 1.23 0.99
9 4 34 1 9.69 0.37 0.00 0.58 0.87 2.51 1.70 1.01 0.66 0.69
72 37 18 1 9.69 0.53 0.02 0.83 0.89 2.47 1.41 0.94 0.67 0.71
53 46 31 1 9.70 0.41 0.00 0.48 0.62 1.26 1.31 1.02 1.09 1.33
79 27 34 0 9.70 0.46 0.00 0.46 1.46 1.45 1.04 1.22 0.99 0.87
40 31 18 1 9.74 0.33 0.00 0.49 1.28 1.58 1.50 0.91 0.85 0.78
46 76 11 1 9.75 0.03 0.00 0.24 1.10 1.32 1.15 1.31 1.11 0.90
32 52 29 0 9.75 0.12 0.00 0.58 0.70 1.25 1.28 1.36 1.11 0.94
34 68 37 1 9.75 0.28 0.00 0.17 0.82 1.81 1.16 0.87 0.63 0.56
38 76 18 1 9.75 0.37 0.00 0.37 0.96 1.62 1.08 0.88 0.59 0.51
1 0 23 1 9.75 0.87 0.00 0.32 1.01 2.88 1.66 1.04 0.78 0.75
70 0 40 0 9.76 0.21 0.00 0.40 1.50 1.59 0.68 0.78 1.05 0.88
8 3 34 1 9.76 0.23 0.00 0.56 0.91 2.59 1.79 0.96 0.71 0.79
36 68 7 1 9.77 0.36 0.00 0.41 1.29 1.35 1.15 1.22 1.11 1.11
71 18 18 1 9.77 0.37 0.00 0.85 0.76 1.92 1.33 0.77 0.65 0.68
71 15 35 1 9.78 0.39 0.00 0.53 0.50 2.62 1.05 0.62 0.52 0.84
59 81 33 0 9.79 0.32 0.00 0.45 1.24 1.31 1.19 1.23 1.06 1.06
39 49 31 0 9.80 0.18 0.00 0.50 1.25 1.63 1.23 1.11 0.82 0.53
29 70 41 0 9.80 0.23 0.00 0.41 0.55 1.26 1.15 1.19 1.22 1.34
23 20 8 0 9.80 0.28 0.00 0.34 1.31 1.38 0.75 0.78 0.92 1.10
63 12 16 0 9.81 0.08 0.00 0.41 0.50 1.59 1.41 0.75 1.02 1.53
32 80 3 1 9.81 0.15 0.00 0.68 1.21 1.37 0.74 0.84 0.95 0.98
47 72 40 0 9.81 0.40 0.00 0.10 0.74 2.14 1.22 0.88 0.93 1.40
27 0 18 1 9.82 0.17 0.00 0.59 0.62 1.15 0.91 1.19 1.09 1.02
27 68 41 0 9.82 0.22 0.00 0.39 0.51 1.34 1.25 1.19 1.25 1.37
70 39 18 0 9.82 0.26 0.00 0.62 0.45 2.02 0.94 0.45 0.84 0.81
36 10 20 0 9.82 0.44 0.00 0.86 1.32 1.83 1.32 1.02 0.92 0.90
40 29 40 0 9.82 0.46 0.00 0.71 0.92 2.71 1.59 1.18 0.74 0.76
6 1 34 1 9.87 0.06 0.00 0.35 0.80 2.69 1.76 0.99 0.65 0.79
42 60 7 1 9.88 0.17 0.00 0.30 0.42 1.31 1.00 0.73 0.91 0.86
57 38 3 0 9.88 0.20 0.00 0.61 0.41 1.50 1.25 1.34 1.20 1.22
11 24 23 1 9.88 0.33 0.00 0.76 0.74 2.05 1.04 0.74 0.60 0.52
7 2 34 1 9.90 0.08 0.00 0.30 0.80 2.65 1.77 1.02 0.65 0.82
4 3 39 1 9.90 0.27 0.00 0.66 1.24 2.16 1.68 1.09 0.91 0.76
54 47 31 1 9.90 0.43 0.00 0.44 0.63 1.21 1.19 1.12 1.09 1.34
56 45 40 0 9.90 0.67 0.00 0.68 0.47 1.84 1.69 1.20 0.97 0.74
26 58 23 0 9.91 0.38 0.00 0.34 0.97 1.79 1.47 1.44 0.80 0.54
39 1 8 1 9.92 0.11 0.00 0.73 0.88 1.40 1.32 1.18 0.83 0.69
61 10 16 0 9.92 0.17 0.00 0.36 0.42 1.52 1.31 1.09 1.25 1.48
38 11 30 1 9.93 0.30 0.00 0.93 0.53 1.70 1.15 1.36 1.30 1.21
50 4 20 0 9.94 0.08 0.00 0.09 0.74 1.81 1.34 1.11 0.92 0.87
11 52 41 0 9.94 0.14 0.00 0.40 0.51 1.25 1.06 1.14 1.31 1.27
26 20 20 0 9.94 0.19 0.00 0.57 1.30 1.98 0.86 0.52 0.75 1.11
58 51 31 1 9.95 0.15 0.00 0.45 0.60 1.23 1.19 1.16 1.11 1.35
1 0 16 1 9.97 0.09 0.00 0.40 1.25 1.50 0.92 1.05 1.54 1.36
17 39 25 0 9.97 0.24 0.00 0.66 0.92 1.27 0.88 0.72 1.14 1.17
48 37 40 0 9.97 0.32 0.00 0.59 0.48 2.02 1.79 1.27 0.90 0.74
27 59 12 1 9.97 0.86 0.02 0.48 0.52 1.20 1.11 1.14 1.16 0.85
3 69 4 0 9.98 0.16 0.02 0.41 1.10 1.99 1.76 1.10 0.82 1.31
59 40 3 0 9.98 0.28 0.00 0.57 0.45 1.53 1.41 1.32 1.13 1.31
4 47 39 1 9.98 0.35 0.00 0.59 0.42 2.17 1.02 0.69 0.63 0.55
4 3 39 0 9.99 0.03 0.00 0.40 0.92 1.66 1.21 0.72 0.57 0.57
37 0 36 0 9.99 0.31 0.00 0.69 1.43 1.97 1.44 1.28 1.04 0.98
39 5 35 0 10.01 0.03 0.00 0.47 0.97 1.80 1.80 1.46 1.22 0.91
69 46 12 1 10.01 0.09 0.00 0.56 1.16 1.25 1.01 0.96 0.96 0.74
31 23 36 0 10.01 0.19 0.00 0.21 1.22 1.82 1.52 1.22 0.81 0.79
34 26 36 0 10.01 0.54 0.00 0.20 1.19 1.69 1.52 0.93 0.91 0.74
35 76 41 0 10.02 0.33 0.00 0.39 0.49 1.28 1.08 1.17 1.27 1.35
21 10 35 0 10.03 0.11 0.00 0.61 0.65 1.48 1.56 1.31 0.97 0.68
37 10 30 1 10.03 0.21 0.00 0.89 0.50 1.79 1.29 1.47 1.19 1.14
42 56 25 1 10.03 0.32 0.00 0.49 1.24 1.33 1.32 0.96 0.93 1.04
18 43 7 0 10.04 0.12 0.00 0.41 1.23 1.30 1.13 0.86 0.83 0.81
63 55 35 1 10.05 0.15 0.00 0.54 1.02 2.11 1.55 0.91 0.55 0.69
63 70 32 0 10.05 0.17 0.00 0.51 0.69 1.21 0.86 1.05 0.80 0.62
45 5 12 0 10.05 0.21 0.00 0.69 1.21 1.67 1.59 1.08 1.15 1.01
17 69 10 1 10.05 0.32 0.00 0.98 1.00 1.56 1.15 0.87 1.00 1.17
29 3 40 1 10.05 0.46 0.00 0.48 1.46 2.17 0.97 0.94 1.43 1.54
38 9 36 0 10.06 0.02 0.00 0.26 1.27 1.47 1.19 0.72 0.86 0.83
70 35 18 1 10.06 0.03 0.03 0.80 1.00 2.44 1.40 0.96 0.69 0.68
56 63 32 0 10.06 0.21 0.00 0.51 0.93 1.23 1.01 1.04 0.73 0.68
38 52 25 1 10.06 0.24 0.00 0.49 1.15 1.24 1.18 1.13 0.96 1.12
30 23 8 0 10.07 0.46 0.00 0.75 1.04 1.37 1.28 0.91 0.87 0.81
24 12 37 1 10.09 0.37 0.05 0.51 1.18 1.42 0.97 0.84 0.69 0.82
62 69 32 0 10.10 0.33 0.00 0.54 1.00 1.28 1.04 1.01 0.73 0.65
70 14 35 1 10.10 0.52 0.00 0.64 0.49 2.52 1.23 0.82 0.49 0.84
53 42 40 0 10.10 0.61 0.00 0.60 0.52 1.98 1.86 1.26 0.94 0.80
21 14 8 0 10.11 0.01 0.00 0.67 0.90 1.36 1.18 0.76 0.69 0.82
20 42 25 0 10.11 0.14 0.00 1.07 0.98 1.67 0.90 0.75 1.03 1.09
21 46 7 0 10.11 0.19 0.00 0.45 1.25 1.28 1.10 0.94 0.86 0.78
26 12 38 0 10.11 0.24 0.00 0.35 0.93 2.32 1.96 1.16 0.97 1.26
2 45 39 1 10.11 0.32 0.00 0.66 0.46 2.19 1.04 0.63 0.63 0.59
66 22 23 1 10.12 0.18 0.00 0.31 0.35 1.76 1.54 1.24 0.92 0.75
3 76 23 0 10.12 0.19 0.00 0.75 1.27 1.96 1.56 1.16 1.02 0.76
15 13 4 0 10.12 0.33 0.00 0.29 1.13 1.84 1.52 1.26 1.20 1.51
79 56 10 0 10.12 0.41 0.00 0.50 0.35 2.56 0.83 0.54 0.78 0.85
69 61 35 1 10.12 0.44 0.00 0.43 0.50 2.22 1.21 0.69 0.45 0.97
39 6 36 0 10.13 0.21 0.00 0.78 1.32 1.76 1.07 0.95 0.73 0.66
67 12 40 0 10.13 0.35 0.00 0.64 1.59 1.84 0.84 1.25 1.28 0.88
52 39 19 0 10.13 0.45 0.00 0.80 0.62 2.13 1.75 1.19 0.87 0.73
20 52 23 0 10.14 0.21 0.00 0.38 0.63 1.81 1.37 1.43 0.72 0.48
57 68 35 0 10.14 0.48 0.00 0.31 0.74 1.25 1.28 1.41 1.23 0.90
51 38 19 0 10.15 0.04 0.00 0.84 0.67 2.03 1.72 1.17 0.78 0.83
35 9 40 1 10.15 0.14 0.00 0.60 1.24 1.40 1.31 0.98 1.04 1.22
58 7 16 0 10.15 0.17 0.00 0.33 0.45 1.61 1.41 0.96 1.17 1.57
46 37 18 1 10.15 0.22 0.00 0.51 1.50 1.82 1.22 0.97 0.73 0.67
19 71 10 1 10.15 0.33 0.00 1.00 0.87 1.58 1.28 0.84 0.94 1.09
27 59 18 0 10.18 0.19 0.00 0.29 0.63 2.10 1.25 0.56 1.08 1.71
30 38 12 0 10.19 0.12 0.00 0.58 1.11 2.08 1.71 1.48 1.00 0.75
36 70 37 1 10.19 0.39 0.00 0.19 0.89 1.68 0.94 0.87 0.61 0.54
2 68 4 0 10.20 0.26 0.03 0.40 1.19 2.08 1.62 1.09 0.92 1.47
55 69 40 0 10.20 0.30 0.00 0.35 0.82 1.28 1.50 1.29 1.04 0.96
23 54 25 1 10.21 0.16 0.06 0.35 0.75 1.22 1.20 1.10 0.86 1.05
30 62 23 0 10.21 0.67 0.00 0.29 1.40 2.15 1.44 1.34 0.93 0.64
29 18 35 0 10.23 0.05 0.00 0.70 0.67 1.46 1.58 1.32 1.06 0.85
38 79 11 1 10.23 0.21 0.00 0.57 1.69 1.87 1.14 1.16 1.02 0.89
34 8 6 1 10.23 0.30 0.00 0.77 1.28 2.12 1.51 1.09 0.84 1.22
30 50 29 0 10.24 0.18 0.00 0.53 0.66 1.23 1.37 1.29 0.96 0.86
45 10 3 1 10.26 0.06 0.00 0.22 1.18 1.48 0.53 1.06 1.19 0.91
45 75 11 1 10.26 0.10 0.00 0.33 1.13 1.24 1.04 1.37 1.08 0.85
9 57 38 0 10.27 0.17 0.00 0.63 0.77 1.35 0.87 0.58 1.31 1.10
51 29 39 0 10.28 0.08 0.00 0.64 0.90 1.39 1.44 1.01 0.77 0.70
10 58 38 0 10.28 0.12 0.00 0.81 0.76 1.44 0.80 0.63 1.22 1.19
50 58 12 1 10.28 0.28 0.00 0.30 0.92 1.42 1.56 1.27 0.98 0.69
53 19 7 0 10.29 0.21 0.00 0.47 1.01 1.29 0.83 0.86 1.07 1.51
61 68 32 0 10.29 0.25 0.00 0.48 0.98 1.21 0.94 1.00 0.74 0.69
57 6 16 0 10.30 0.06 0.00 0.35 0.51 1.58 1.42 1.01 1.28 1.62
10 55 29 0 10.30 0.13 0.00 0.42 1.08 1.46 1.07 0.68 0.63 1.26
25 19 20 0 10.30 0.28 0.00 0.49 1.36 1.97 0.92 0.55 0.70 1.17
44 38 7 0 10.30 0.33 0.00 0.70 1.50 1.75 1.31 1.11 1.05 0.98
37 49 8 0 10.30 0.53 0.00 0.13 1.06 1.78 1.53 0.98 1.02 0.97
18 70 10 1 10.33 0.17 0.00 1.10 0.91 1.68 1.12 0.86 0.97 1.16
14 27 23 1 10.34 0.10 0.00 0.73 0.77 2.22 1.01 0.77 0.58 0.48
8 67 23 1 10.34 0.16 0.00 0.83 0.84 2.61 1.39 0.99 0.72 0.57
31 51 29 0 10.34 0.26 0.00 0.52 0.65 1.19 1.30 1.29 1.05 0.97
60 52 35 1 10.34 0.46 0.00 0.57 0.96 2.03 1.60 0.96 0.59 0.62
66 36 35 0 10.34 0.51 0.00 0.64 0.89 1.51 1.11 0.63 0.58 0.93
26 58 18 0 10.35 0.08 0.00 0.28 0.62 2.05 1.24 0.50 1.11 1.58
23 64 41 0 10.35 0.15 0.00 0.37 0.52 1.24 1.20 1.11 1.40 1.14
55 78 32 1 10.35 0.17 0.00 0.32 1.70 1.85 1.19 0.91 1.04 1.07
43 27 10 0 10.35 0.26 0.00 0.24 1.39 1.66 1.19 0.91 0.81 0.65
10 5 34 1 10.36 0.37 0.00 0.69 0.92 2.83 1.71 1.10 0.83 0.80
25 22 8 0 10.36 0.42 0.00 0.42 1.30 1.34 0.92 1.09 1.17 1.34
66 73 32 0 10.37 0.24 0.00 0.40 0.78 1.11 0.92 1.08 0.86 0.75
45 77 18 0 10.37 0.28 0.00 0.46 0.63 1.66 1.19 0.70 0.52 0.61
57 80 32 1 10.39 0.31 0.00 0.36 1.75 1.81 1.07 0.93 1.03 1.02
46 9 36 0 10.39 0.46 0.00 0.70 1.15 1.86 1.69 1.30 0.95 0.84
33 72 3 0 10.40 0.03 0.00 0.70 1.45 2.12 1.49 1.00 0.87 1.04
35 28 8 0 10.40 0.48 0.00 0.71 1.05 1.33 1.24 0.90 0.84 0.80
13 58 29 0 10.41 0.23 0.00 0.49 0.90 1.43 1.00 0.72 0.59 1.35
61 53 35 1 10.42 0.19 0.00 0.58 1.11 1.92 1.51 1.00 0.60 0.63
65 72 32 0 10.42 0.26 0.00 0.42 0.83 1.18 0.82 0.95 0.78 0.64
46 65 38 1 10.42 0.31 0.00 0.86 1.44 1.84 1.10 1.26 0.93 0.89
41 79 18 1 10.43 0.12 0.00 0.45 1.08 1.62 1.06 0.89 0.63 0.48
13 26 23 1 10.44 0.34 0.00 0.77 0.75 2.15 1.07 0.76 0.62 0.48
36 57 13 0 10.44 0.44 0.00 0.95 1.07 1.44 0.98 0.92 1.01 1.13
39 30 32 0 10.45 0.19 0.00 0.46 1.34 1.54 1.48 1.17 1.22 1.08
13 72 23 0 10.45 0.38 0.00 0.16 0.41 1.60 1.28 0.87 0.86 0.74
70 15 40 0 10.45 0.42 0.00 0.65 1.59 1.79 0.82 1.34 1.08 0.83
52 15 36 0 10.46 0.42 0.00 0.61 1.18 1.69 1.70 1.28 1.04 0.92
37 79 36 1 10.47 0.71 0.00 0.88 1.02 1.49 0.94 0.78 0.73 0.79
25 47 25 0 10.48 0.05 0.00 1.08 1.00 1.71 0.92 0.70 1.07 1.05
36 50 25 1 10.49 0.20 0.00 0.42 1.13 1.21 1.23 1.03 0.95 1.12
44 35 18 1 10.49 0.48 0.00 0.44 1.58 1.87 1.27 0.93 0.80 0.66
45 18 36 0 10.51 0.21 0.00 0.26 0.46 1.18 0.88 0.92 1.07 0.98
65 9 20 1 10.51 0.30 0.00 0.67 1.53 1.73 0.87 1.22 0.90 0.68
33 50 32 1 10.52 0.05 0.00 0.50 1.34 1.64 1.28 1.32 1.35 1.31
24 56 23 0 10.52 0.17 0.00 0.37 0.95 1.75 1.49 1.48 0.82 0.52
20 62 10 1 10.52 0.23 0.00 0.62 1.00 1.28 1.04 0.67 0.82 0.99
27 24 8 0 10.53 0.17 0.00 0.49 1.29 1.32 0.95 1.06 1.20 1.31
16 41 7 0 10.53 0.19 0.00 0.45 1.25 1.28 1.06 0.86 0.87 0.72
45 62 13 0 10.53 0.22 0.00 0.55 1.66 1.92 1.12 0.94 0.90 0.67
36 20 10 0 10.53 0.42 0.00 0.47 1.07 1.22 1.31 0.98 0.92 0.78
22 46 29 0 10.54 0.07 0.00 0.34 0.61 1.46 0.95 0.79 0.47 0.82
27 16 35 0 10.54 0.23 0.00 0.60 0.69 1.34 1.58 1.25 1.03 0.84
39 28 40 0 10.54 0.24 0.00 0.66 0.98 2.71 1.73 1.04 0.79 0.72
46 6 12 0 10.54 0.33 0.00 0.75 1.22 1.58 1.35 1.33 1.19 1.06
41 7 35 0 10.55 0.21 0.00 0.56 0.92 1.91 1.90 1.42 1.12 1.01
34 82 3 1 10.55 0.22 0.00 0.70 1.13 1.39 0.71 0.73 0.87 1.11
53 2 16 0 10.55 0.33 0.00 0.42 0.51 1.49 1.13 1.20 1.31 1.70
44 33 40 0 10.56 0.08 0.00 0.65 0.56 2.14 1.76 1.43 0.84 0.73
18 24 34 0 10.56 0.58 0.00 0.56 0.68 1.66 1.47 1.06 1.44 1.62
39 48 18 1 10.57 0.20 0.00 0.65 1.43 1.43 1.12 1.06 1.10 0.96
50 33 31 0 10.57 0.24 0.00 0.93 0.88 1.36 1.20 1.08 1.03 1.01
68 38 35 0 10.57 0.34 0.00 0.54 1.07 1.56 0.98 0.72 0.50 0.98
29 72 37 1 10.57 0.35 0.00 0.32 0.83 1.28 1.28 1.07 1.32 1.39
28 17 35 0 10.59 0.27 0.00 0.58 0.71 1.32 1.49 1.34 0.96 0.76
48 13 3 1 10.60 0.34 0.00 0.24 1.24 1.77 0.48 1.26 1.38 0.93
51 40 40 0 10.62 0.10 0.00 0.68 0.49 1.83 1.75 1.27 0.91 0.75
37 21 10 0 10.62 0.15 0.00 0.48 1.04 1.18 1.22 1.00 0.91 0.78
25 57 18 0 10.62 0.21 0.00 0.30 0.63 2.19 1.25 0.57 1.25 1.73
46 33 19 0 10.62 0.21 0.00 0.90 0.59 2.03 1.69 1.23 0.87 0.87
80 57 10 0 10.62 0.65 0.00 0.59 0.30 2.52 0.80 0.57 0.93 0.94
26 46 29 0 10.65 0.08 0.00 0.27 0.43 2.23 1.76 1.31 0.81 0.77
25 33 12 0 10.65 0.19 0.00 0.52 0.43 1.19 1.08 1.09 1.02 0.83
17 27 31 1 10.66 0.15 0.00 0.17 0.89 1.45 0.98 0.79 0.76 0.60
34 0 7 0 10.66 0.24 0.00 0.61 1.17 1.49 1.08 0.93 0.61 0.67
6 49 39 1 10.67 0.10 0.00 1.06 1.02 1.96 1.35 1.04 0.82 0.76
14 55 24 0 10.67 0.38 0.00 0.99 0.83 1.56 0.95 0.75 1.23 1.30
41 60 38 1 10.68 0.40 0.00 0.82 1.41 1.67 1.16 1.21 0.99 1.13
58 27 18 0 10.68 0.42 0.00 0.77 0.54 1.78 1.28 0.58 0.67 0.82
14 24 31 1 10.69 0.16 0.00 0.19 0.89 1.41 1.07 0.91 0.71 0.59
29 61 18 0 10.69 0.37 0.00 0.27 0.64 2.00 1.29 0.56 1.07 1.70
42 61 38 1 10.70 0.26 0.00 0.77 1.31 1.47 1.11 1.29 1.08 1.03
39 4 4 1 10.71 0.03 0.00 0.54 0.61 2.36 1.94 1.13 0.85 0.66
27 1 6 1 10.71 0.13 0.00 0.62 1.24 1.83 1.59 1.22 1.19 1.34
47 34 19 0 10.71 0.40 0.00 0.86 0.52 1.77 1.50 1.46 1.09 1.07
2 1 23 0 10.72 0.10 0.00 0.51 0.84 2.77 1.82 1.00 0.75 1.24
38 8 39 0 10.72 0.37 0.00 0.62 0.90 1.34 1.40 1.28 1.24 1.22
26 57 25 1 10.73 0.06 0.10 0.44 1.02 1.30 1.16 1.16 0.91 1.13
16 57 41 0 10.73 0.17 0.00 0.38 0.50 1.28 1.19 1.23 1.40 1.24
72 45 40 1 10.73 0.40 0.00 0.27 1.66 2.28 0.81 0.72 0.90 0.78
39 9 39 0 10.74 0.12 0.00 0.50 0.92 1.18 1.34 1.19 1.07 1.07
12 54 10 1 10.74 0.22 0.00 0.60 0.94 1.25 0.87 0.68 0.92 1.25
22 16 20 0 10.74 0.27 0.00 0.59 1.44 2.08 0.82 0.57 0.84 1.26
16 48 23 0 10.74 0.28 0.00 0.33 0.58 2.18 1.46 1.38 0.69 0.47
39 76 8 1 10.75 0.27 0.00 0.96 1.05 1.70 1.18 0.92 0.73 0.68
47 73 38 1 10.76 0.21 0.00 0.60 1.10 1.73 0.94 0.72 0.55 0.61
37 2 3 1 10.76 0.35 0.00 0.25 1.41 1.70 0.57 1.16 1.40 0.91
48 11 36 0 10.77 0.25 0.00 0.68 1.32 1.87 1.54 1.40 1.13 0.98
24 17 8 0 10.77 0.27 0.00 0.89 0.76 1.35 1.07 0.73 0.88 1.06
64 34 35 0 10.78 0.26 0.00 0.56 0.99 1.64 1.02 0.65 0.48 1.01
68 51 6 0 10.78 0.84 0.00 1.24 0.94 2.31 1.14 1.11 1.06 0.86
23 29 34 0 10.79 0.10 0.00 0.74 0.67 1.71 1.46 1.11 1.32 1.58
69 39 35 0 10.79 0.27 0.00 0.44 1.02 1.44 0.91 0.59 0.59 0.90
75 20 40 0 10.79 0.38 0.00 0.60 1.53 1.65 0.87 1.37 1.25 0.79
16 71 9 1 10.80 0.33 0.00 0.63 1.02 1.20 1.03 0.84 1.02 1.19
35 49 25 1 10.82 0.08 0.00 0.44 1.18 1.24 1.28 1.04 0.93 1.14
30 4 40 1 10.82 0.30 0.00 0.57 1.47 2.37 1.13 0.85 1.33 1.51
54 68 31 0 10.82 0.42 0.00 0.50 1.44 1.46 1.10 1.06 0.85 0.66
35 0 3 1 10.82 0.51 0.00 0.22 1.18 1.48 0.52 1.04 1.31 0.93
29 39 31 1 10.83 0.08 0.00 0.74 1.21 1.51 1.19 0.87 0.80 0.64
52 66 40 0 10.83 0.12 0.00 0.28 1.22 1.40 1.52 1.05 1.00 0.95
24 21 8 0 10.84 0.10 0.00 0.33 1.47 1.47 0.69 0.84 1.08 1.18
49 3 20 0 10.84 0.16 0.00 0.09 0.92 1.63 1.28 1.08 0.92 0.89
54 77 32 1 10.84 0.19 0.00 0.33 1.74 1.83 1.17 0.91 0.92 1.03
55 28 29 0 10.84 0.38 0.00 0.26 0.48 1.62 1.76 1.20 0.91 0.83
7 39 23 0 10.84 0.51 0.00 0.33 0.55 2.00 1.44 1.37 0.69 0.48
40 13 30 1 10.85 0.10 0.00 0.96 0.51 1.86 1.29 1.37 1.31 1.22
56 22 7 0 10.85 0.17 0.00 0.51 0.97 1.19 0.84 0.76 1.08 1.29
40 59 38 1 10.85 0.21 0.00 0.76 1.36 1.45 1.12 1.10 0.99 1.02
79 38 21 1 10.85 0.24 0.00 0.69 1.06 1.20 1.07 1.01 0.99 0.84
40 77 8 1 10.86 0.50 0.00 1.01 1.06 1.80 1.19 0.91 0.69 0.76
24 55 25 1 10.87 0.06 0.10 0.39 0.76 1.17 0.97 1.01 0.87 1.07
8 56 38 0 10.87 0.15 0.00 0.71 0.84 1.40 0.81 0.61 1.32 1.25
10 23 23 1 10.87 0.20 0.00 0.65 0.59 2.29 0.92 0.64 0.58 0.50
53 79 38 1 10.88 0.21 0.00 0.64 1.14 1.79 1.05 0.70 0.54 0.66
31 15 10 0 10.88 0.27 0.00 0.36 0.99 1.15 1.19 1.18 1.04 0.76
21 81 13 0 10.88 0.36 0.00 0.48 0.42 1.34 1.48 1.17 1.01 0.96
47 55 16 1 10.88 0.58 0.00 0.81 1.11 1.37 0.84 0.75 0.90 1.08
11 66 9 1 10.89 0.10 0.00 0.45 0.85 1.16 1.01 0.83 1.14 1.36
21 0 31 0 10.89 0.21 0.00 0.29 1.31 1.53 1.49 1.32 1.11 0.84
40 14 38 1 10.89 0.25 0.00 0.90 1.18 1.82 1.54 0.95 0.94 1.00
60 74 31 0 10.90 0.28 0.00 0.38 1.07 1.17 0.95 1.00 0.77 0.75
45 39 7 0 10.90 0.36 0.00 0.80 1.39 1.74 1.41 1.11 1.02 0.87
29 6 13 0 10.91 0.09 0.00 0.31 1.48 1.81 1.48 1.28 0.89 0.76
33 72 26 0 10.91 0.19 0.00 0.83 1.21 2.16 1.62 1.26 1.12 0.85
51 65 31 0 10.91 0.23 0.00 0.49 1.48 1.46 1.04 1.08 0.77 0.74
38 3 4 1 10.91 0.24 0.00 0.44 0.64 2.45 1.97 1.25 0.75 0.79
29 46 32 1 10.91 0.33 0.00 0.32 1.03 1.33 1.07 1.30 1.39 1.41
40 81 11 1 10.91 0.47 0.00 0.57 1.71 1.85 1.16 1.13 0.90 0.80
54 65 35 0 10.91 0.53 0.00 0.43 0.90 1.11 1.14 1.24 1.09 0.94
53 46 8 0 10.92 0.07 0.00 0.56 1.35 1.47 1.02 0.88 0.69 0.70
50 28 39 0 10.94 0.24 0.00 0.53 0.98 1.36 1.41 1.04 0.83 0.59
31 22 18 1 10.94 0.37 0.00 0.68 0.99 1.20 0.81 1.02 1.28 1.11
32 40 12 0 10.94 0.39 0.00 0.71 1.11 2.14 1.75 1.35 1.00 0.74
2 1 39 1 10.95 0.44 0.00 0.67 1.31 2.20 1.65 1.12 1.00 0.68
50 43 31 1 10.96 0.18 0.00 0.44 0.66 1.19 1.31 1.12 1.18 1.30
48 72 12 0 10.96 0.26 0.00 0.87 0.75 1.87 1.61 1.47 1.22 1.12
51 44 31 1 10.97 0.03 0.00 0.47 0.57 1.14 0.98 1.08 0.99 1.34
28 2 6 1 10.98 0.04 0.00 0.75 1.24 1.89 1.64 1.14 1.04 1.21
71 41 35 0 10.98 0.20 0.00 0.44 1.05 1.50 1.05 0.68 0.51 0.93
37 58 13 0 10.98 0.42 0.00 0.96 0.98 1.41 1.09 0.82 0.92 1.06
62 35 29 1 10.98 0.52 0.00 0.18 0.86 1.47 1.63 1.18 1.03 0.93
43 32 40 0 10.99 0.26 0.00 0.64 0.66 2.42 1.83 1.33 0.78 0.69
22 54 23 0 11.01 0.12 0.00 0.33 0.66 1.94 1.49 1.45 0.75 0.46
63 19 23 1 11.01 0.14 0.00 0.31 0.42 1.67 1.67 1.25 0.84 0.70
34 25 18 1 11.01 0.15 0.00 0.73 0.91 1.19 1.01 1.12 1.25 1.02
61 78 34 1 11.02 0.12 0.00 0.79 1.38 1.60 1.28 1.14 1.12 0.84
40 5 15 1 11.02 0.17 0.00 0.53 1.02 1.23 1.00 1.07 1.24 1.45
43 17 38 1 11.02 0.19 0.00 0.89 1.20 1.79 1.53 0.97 0.87 0.91
15 37 25 0 11.02 0.23 0.00 0.78 0.90 1.39 0.76 0.70 1.28 1.29
62 54 35 1 11.02 0.67 0.00 0.58 1.09 1.96 1.55 0.97 0.58 0.62
56 25 16 0 11.03 0.28 0.00 0.94 1.10 2.19 1.56 1.09 0.88 0.72
44 27 34 1 11.04 0.08 0.00 0.53 1.36 1.35 1.19 0.99 0.84 0.78
19 74 33 0 11.04 0.40 0.00 0.60 0.28 1.88 1.34 1.01 1.09 0.65
14 55 41 0 11.05 0.17 0.00 0.44 0.47 1.17 1.08 1.19 1.17 1.18
81 69 24 0 11.05 0.51 0.00 0.46 1.13 1.16 1.18 1.07 1.08 0.93
64 33 18 0 11.06 0.16 0.00 0.61 0.42 1.97 1.03 0.44 0.88 0.75
20 45 7 0 11.07 0.03 0.00 0.47 1.40 1.37 1.28 0.94 0.95 0.83
17 59 10 1 11.07 0.04 0.00 0.62 1.10 1.30 0.88 0.67 0.86 1.17
42 9 36 0 11.07 0.10 0.00 0.71 1.46 1.71 1.14 0.94 0.81 0.66
65 52 36 1 11.07 0.17 0.00 0.63 0.87 1.44 0.91 0.74 0.53 0.72
38 5 20 0 11.07 0.18 0.00 0.28 1.58 2.03 1.38 1.33 1.14 1.12
38 3 40 0 11.07 0.19 0.00 0.51 1.38 1.43 1.14 1.09 1.26 1.34
34 14 15 1 11.08 0.12 0.00 0.80 1.46 1.98 1.04 0.70 0.74 0.87
53 75 33 0 11.09 0.15 0.00 0.46 1.12 1.15 1.11 1.18 1.00 1.05
61 72 35 0 11.09 0.26 0.00 0.46 1.01 1.10 1.02 1.09 0.92 0.89
31 43 8 0 11.09 0.36 0.00 0.08 0.94 1.69 1.24 1.06 1.04 0.97
54 20 7 0 11.10 0.05 0.00 0.48 1.03 1.24 0.98 0.81 1.00 1.48
24 13 35 0 11.10 0.21 0.00 0.80 0.70 1.39 1.47 1.30 1.02 0.86
33 53 29 0 11.11 0.19 0.00 0.46 0.71 1.13 1.30 1.18 1.21 0.95
45 64 38 1 11.11 0.32 0.00 0.90 1.51 1.86 1.08 1.13 0.97 0.92
68 17 16 0 11.11 0.60 0.00 0.36 0.43 1.66 1.55 0.79 1.01 1.52
18 60 10 1 11.12 0.10 0.00 0.65 1.02 1.26 1.05 0.70 0.88 1.17
33 67 10 0 11.12 0.15 0.00 1.11 0.90 1.60 1.17 1.09 0.86 0.79
23 0 13 0 11.12 0.26 0.00 0.32 0.61 1.75 1.84 1.49 1.21 0.76
6 68 10 1 11.12 0.44 0.00 0.28 0.66 1.40 1.03 0.67 1.69 1.17
38 3 15 1 11.13 0.06 0.00 0.49 0.97 1.22 1.07 1.01 1.25 1.46
36 56 29 0 11.13 0.07 0.00 0.47 0.61 1.12 1.25 1.16 1.19 1.02
8 70 10 1 11.13 0.31 0.00 0.56 0.79 1.41 1.04 0.68 1.66 1.30
20 80 13 0 11.14 0.19 0.00 0.58 0.35 1.41 1.33 1.28 1.06 0.99
37 7 39 0 11.14 0.30 0.00 0.55 0.93 1.31 1.43 1.16 1.26 1.32
20 82 31 0 11.14 0.33 0.00 0.21 0.95 1.18 1.11 1.16 1.02 0.84
15 25 31 1 11.15 0.20 0.00 0.18 0.85 1.40 0.99 0.78 0.73 0.60
39 53 25 1 11.15 0.22 0.00 0.50 1.23 1.36 1.44 1.03 0.87 1.16
43 51 16 1 11.15 0.64 0.00 0.85 1.25 1.52 0.77 0.88 1.17 1.29
25 56 25 1 11.16 0.09 0.09 0.41 0.88 1.20 1.04 0.98 0.84 1.18
43 80 8 1 11.16 0.12 0.00 1.03 0.92 1.60 1.28 0.84 0.86 0.76
19 44 7 0 11.17 0.21 0.00 0.45 1.35 1.34 1.16 0.81 0.80 0.82
19 60 41 0 11.19 0.03 0.00 0.41 0.50 1.20 1.11 1.18 1.28 1.30
44 11 36 0 11.19 0.19 0.00 0.73 1.43 1.81 1.23 0.95 0.69 0.72
30 73 18 1 11.19 0.66 0.00 0.46 0.48 1.51 1.66 1.44 1.11 1.11
28 60 23 0 11.21 0.11 0.00 0.35 0.96 1.73 1.50 1.62 0.86 0.56
8 52 34 1 11.21 0.13 0.00 0.11 0.81 2.35 1.22 0.67 0.62 0.93
14 56 10 1 11.21 0.18 0.00 0.66 1.05 1.31 0.99 0.66 0.82 1.16
34 72 18 1 11.22 0.08 0.00 0.54 0.81 1.09 0.97 0.90 0.86 0.78
19 41 25 0 11.22 0.12 0.00 1.11 0.96 1.59 0.92 0.79 1.13 1.12
20 72 10 1 11.22 0.24 0.00 0.99 0.81 1.55 1.32 0.70 1.02 1.04
31 11 15 1 11.22 0.28 0.00 0.69 1.49 1.82 1.01 0.76 0.64 0.96
9 68 34 1 11.22 0.29 0.00 0.76 0.67 1.56 1.20 0.73 0.55 0.76
45 36 18 1 11.23 0.08 0.00 0.55 1.61 1.86 1.21 0.95 0.77 0.67
59 66 32 0 11.23 0.16 0.00 0.50 1.13 1.22 0.93 0.88 0.79 0.67
40 24 10 0 11.23 0.27 0.00 0.44 1.16 1.20 1.23 0.98 0.95 0.77
31 52 13 0 11.24 0.02 0.00 0.85 0.72 1.30 1.01 0.92 1.15 1.36
8 21 23 1 11.24 0.27 0.00 0.64 0.56 2.10 0.93 0.73 0.56 0.46
27 21 35 1 11.24 0.29 0.00 0.83 0.48 1.73 1.49 1.44 1.03 0.74
7 69 10 1 11.25 0.11 0.00 0.46 0.68 1.33 1.07 0.66 1.66 1.12
42 35 8 0 11.25 0.21 0.00 0.57 1.21 1.32 1.06 0.95 0.72 0.69
18 59 41 0 11.25 0.37 0.00 0.41 0.46 1.31 1.14 1.24 1.36 1.39
54 3 16 0 11.25 0.43 0.00 0.41 0.43 1.54 1.22 1.01 1.34 1.68
45 29 10 0 11.26 0.10 0.00 0.32 1.49 1.73 1.02 0.89 0.70 0.58
32 71 3 0 11.26 0.20 0.00 0.70 1.55 2.21 1.46 0.97 0.85 0.96
28 5 13 0 11.26 0.30 0.00 0.35 1.40 1.65 1.56 1.21 0.92 0.73
33 7 40 1 11.26 0.30 0.00 0.53 1.44 2.16 1.38 0.65 0.84 1.30
11 45 37 0 11.26 0.42 0.00 0.58 0.75 1.07 1.06 1.06 0.95 0.95
54 17 36 0 11.27 0.25 0.00 0.79 0.80 1.39 1.40 1.31 1.18 1.21
40 49 18 1 11.27 0.33 0.00 0.60 1.61 1.52 1.09 0.98 0.93 0.98
33 7 20 0 11.27 0.37 0.00 0.81 1.52 1.98 1.26 1.17 1.07 1.15
15 40 7 0 11.28 0.13 0.00 0.42 1.23 1.19 1.00 0.87 0.92 0.79
17 58 41 0 11.29 0.19 0.00 0.49 0.45 1.30 1.16 1.21 1.30 1.38
76 54 34 0 11.29 0.24 0.00 0.33 0.78 2.43 1.79 0.82 1.65 1.23
62 11 16 0 11.29 0.25 0.00 0.39 0.46 1.58 1.26 1.11 1.27 1.76
39 80 41 0 11.29 0.28 0.00 0.39 0.49 1.32 1.24 1.18 1.37 1.42
38 27 40 0 11.29 0.38 0.00 0.71 1.06 2.76 1.60 1.12 0.72 0.71
35 1 35 0 11.29 0.42 0.00 0.54 1.25 1.49 1.48 1.35 1.27 1.04
38 12 20 0 11.30 0.07 0.00 0.84 1.46 1.93 1.35 1.07 1.03 1.15
41 30 40 0 11.30 0.34 0.00 0.71 0.58 2.42 1.83 1.26 0.78 0.74
48 8 12 0 11.30 0.35 0.00 0.75 1.21 1.54 1.49 1.23 1.17 1.01
49 38 40 0 11.30 0.35 0.00 0.73 0.52 2.16 1.86 1.27 0.94 0.76
66 49 6 0 11.30 0.63 0.00 1.27 0.99 2.23 1.15 1.07 1.00 0.92
53 36 34 1 11.31 0.16 0.00 0.70 1.13 1.20 1.05 0.99 1.00 0.96
13 72 34 1 11.31 0.22 0.00 0.82 0.73 1.60 1.31 0.79 0.61 0.67
26 38 8 0 11.31 0.26 0.00 0.11 0.96 1.57 1.41 1.01 1.08 1.07
35 27 36 0 11.32 0.15 0.00 0.24 1.28 1.82 1.69 1.00 0.78 0.78
38 4 35 0 11.32 0.15 0.00 0.57 0.92 1.98 1.88 1.57 1.17 0.93
51 44 8 0 11.32 0.26 0.00 0.55 1.22 1.37 1.07 0.86 0.67 0.67
42 20 39 0 11.32 0.28 0.00 0.67 0.87 1.33 1.28 1.06 0.72 0.61
50 13 36 0 11.32 0.47 0.00 0.69 1.25 1.82 1.65 1.38 1.15 0.98
73 18 40 0 11.33 0.08 0.00 0.62 1.46 1.56 0.76 1.48 1.09 0.81
4 3 23 1 11.33 0.16 0.00 0.65 1.28 2.75 1.63 1.14 0.90 0.80
55 44 40 0 11.33 0.32 0.00 0.77 0.45 2.01 1.70 1.34 1.02 0.74
19 18 16 0 11.34 0.10 0.00 0.49 0.86 1.32 1.28 0.79 0.64 0.66
10 69 23 1 11.34 0.12 0.00 0.82 0.90 2.63 1.59 0.99 0.68 0.69
39 4 3 1 11.35 0.16 0.00 0.27 1.39 1.56 0.51 1.14 1.20 1.04
42 52 31 0 11.36 0.16 0.00 0.45 1.36 1.50 1.19 1.14 0.87 0.54
34 0 35 0 11.36 0.17 0.00 0.55 1.06 1.49 1.56 1.38 1.35 1.14
74 21 18 1 11.36 0.30 0.00 0.86 0.70 1.86 1.30 0.68 0.63 0.63
44 74 11 1 11.37 0.10 0.00 0.30 1.23 1.34 1.24 1.42 1.23 0.88
38 9 40 0 11.37 0.21 0.00 0.12 0.68 1.61 1.51 1.26 1.18 1.08
11 70 23 0 11.38 0.19 0.00 0.16 0.35 1.79 1.41 0.91 0.87 0.77
67 40 29 1 11.39 0.10 0.00 0.17 0.73 1.41 1.61 1.05 0.97 0.99
12 67 9 1 11.39 0.17 0.00 0.55 0.99 1.18 1.10 0.85 1.12 1.32
72 49 10 0 11.39 0.39 0.00 0.99 0.73 2.41 1.65 0.86 0.83 0.83
17 42 7 0 11.40 0.01 0.00 0.48 1.49 1.39 1.04 0.98 0.82 0.77
41 15 38 1 11.40 0.12 0.00 1.04 1.03 1.70 1.43 0.90 0.98 0.90
63 12 4 0 11.40 0.16 0.00 0.97 0.86 1.71 1.25 0.92 0.59 1.16
40 5 4 1 11.40 0.42 0.00 0.51 0.59 2.33 2.01 1.22 0.80 0.75
52 30 39 0 11.41 0.06 0.00 0.45 0.88 1.23 1.27 1.09 0.71 0.64
32 29 8 0 11.41 0.17 0.00 0.33 1.23 1.64 1.43 1.52 1.32 1.27
11 70 23 1 11.41 0.32 0.00 1.01 0.91 2.45 1.49 1.01 0.75 0.71
72 56 38 0 11.42 0.28 0.00 0.53 0.71 2.09 1.34 0.78 0.52 0.49
76 41 18 1 11.42 0.32 0.04 0.23 0.48 2.63 0.99 0.68 0.53 0.82
18 67 3 1 11.42 0.35 0.00 0.34 1.41 1.45 0.72 0.74 0.82 0.74
48 56 16 1 11.42 0.48 0.00 0.88 1.10 1.33 0.87 0.86 0.87 1.01
13 45 23 0 11.43 0.03 0.00 0.24 0.53 1.94 1.43 1.50 0.74 0.51
37 15 39 0 11.43 0.08 0.00 0.67 1.04 1.79 1.40 1.10 0.72 0.47
9 71 10 1 11.43 0.26 0.00 0.49 0.78 1.39 1.04 0.76 1.79 1.30
52 17 4 1 11.43 0.37 0.00 0.49 0.53 2.49 1.85 1.04 0.61 1.08
49 71 33 0 11.44 0.07 0.00 0.36 1.19 1.16 1.08 1.20 1.09 1.07
67 11 20 1 11.44 0.62 0.00 0.65 1.65 1.91 1.07 1.36 1.09 0.74
37 29 36 0 11.45 0.21 0.00 0.25 1.30 1.87 1.74 1.09 0.84 0.75
29 37 12 0 11.45 0.37 0.00 0.72 1.24 1.96 1.56 1.50 0.93 0.76
37 51 25 1 11.46 0.13 0.00 0.48 1.09 1.20 1.36 1.11 0.92 1.09
31 70 3 0 11.46 0.26 0.00 0.99 1.05 1.45 1.18 1.09 0.84 0.92
81 82 17 1 11.47 0.06 0.00 0.41 1.03 1.13 1.08 1.08 0.91 0.69
34 79 31 1 11.47 0.30 0.00 0.56 0.76 2.12 1.93 1.43 0.90 0.66
30 19 35 0 11.47 0.46 0.00 0.75 0.66 1.31 1.43 1.20 0.94 0.75
38 75 8 1 11.48 0.18 0.00 0.97 1.18 1.65 1.23 0.91 0.78 0.76
48 35 19 0 11.48 0.21 0.00 0.91 0.50 2.26 1.69 1.23 0.91 0.84
21 62 41 0 11.49 0.30 0.00 0.46 0.57 1.11 1.12 1.05 1.18 1.22
9 22 23 1 11.49 0.40 0.00 0.67 0.58 2.01 1.11 0.70 0.56 0.49
38 56 7 1 11.49 0.53 0.00 0.31 0.42 1.29 0.96 0.73 0.71 0.79
18 73 9 1 11.50 0.09 0.00 0.55 1.10 1.23 1.01 0.70 1.05 1.24
33 26 8 0 11.51 0.03 0.00 0.73 1.06 1.33 1.28 0.86 0.81 0.75
34 8 20 0 11.51 0.16 0.00 0.79 1.44 1.95 1.48 1.10 1.00 1.14
44 7 36 0 11.51 0.38 0.00 0.69 1.42 1.89 1.59 1.26 0.98 0.93
48 78 11 1 11.52 0.06 0.00 0.28 0.94 1.16 1.00 1.35 1.31 1.02
32 70 18 1 11.52 0.10 0.00 0.44 0.79 1.09 1.08 0.92 0.80 0.75
38 7 11 1 11.52 0.13 0.00 0.56 0.92 1.86 1.72 1.64 1.35 1.12
27 35 12 0 11.53 0.14 0.00 0.59 1.17 1.79 1.70 1.45 0.97 0.72
76 49 28 0 11.53 0.21 0.00 0.33 0.73 1.72 1.39 1.79 1.37 1.42
5 4 39 1 11.53 0.28 0.00 0.67 1.24 2.41 1.75 1.32 0.97 0.82
43 6 36 0 11.53 0.38 0.00 0.80 1.37 1.91 1.53 1.25 0.96 0.96
50 52 8 0 11.53 0.39 0.00 0.23 1.08 1.47 1.54 1.38 1.18 1.14
23 55 23 0 11.54 0.17 0.00 0.30 0.62 1.93 1.42 1.42 0.71 0.44
28 22 20 0 11.54 0.30 0.00 0.59 1.32 1.96 0.98 0.48 0.75 1.16
52 45 31 1 11.54 0.40 0.00 0.57 0.62 1.19 1.18 1.18 1.02 1.40
27 21 20 0 11.56 0.09 0.00 0.61 1.22 1.84 0.92 0.50 0.67 1.19
72 17 40 0 11.56 0.17 0.00 0.66 1.68 1.85 0.85 1.28 1.23 0.80
38 5 36 0 11.57 0.08 0.00 0.72 1.55 1.73 1.20 1.05 0.84 0.73
35 15 15 1 11.57 0.14 0.00 0.69 1.57 1.87 1.08 0.74 0.72 0.87
19 25 34 0 11.58 0.09 0.00 0.77 0.68 1.74 1.43 1.22 1.33 1.65
19 53 37 0 11.58 0.12 0.00 0.63 1.12 1.21 1.27 1.07 0.93 0.94
10 69 23 0 11.58 0.22 0.00 0.12 0.37 1.76 1.17 0.87 0.76 0.81
28 46 18 0 11.58 0.24 0.00 0.35 0.76 1.97 2.00 1.50 0.88 0.83
39 13 40 1 11.59 0.20 0.00 0.65 1.21 1.22 1.10 0.95 1.15 1.03
25 11 38 0 11.59 0.21 0.00 0.38 1.16 2.19 1.99 1.22 1.01 1.14
42 7 3 1 11.59 0.30 0.00 0.23 1.32 1.64 0.50 1.09 1.38 0.99
54 27 29 1 11.59 0.32 0.00 0.14 0.89 1.93 1.85 1.13 1.01 0.98
64 13 16 0 11.60 0.21 0.00 0.33 0.53 1.68 1.64 0.74 1.05 1.57
73 4 35 1 11.60 0.26 0.00 0.32 0.70 2.51 1.88 0.83 0.62 1.16
42 16 20 0 11.60 0.31 0.00 0.90 1.24 1.70 1.49 1.02 0.89 0.98
41 82 41 0 11.61 0.03 0.00 0.39 0.50 1.23 1.13 1.28 1.37 1.30
46 11 3 1 11.61 0.15 0.00 0.26 1.25 1.51 0.52 1.11 1.42 1.06
9 54 29 0 11.61 0.17 0.00 0.41 1.02 1.34 1.12 0.76 0.60 1.28
43 3 12 0 11.62 0.12 0.00 0.64 1.42 1.67 1.43 1.29 1.22 1.14
27 39 8 0 11.62 0.26 0.00 0.09 0.92 1.49 1.09 1.09 1.07 1.05
69 26 35 1 11.62 0.65 0.00 0.31 0.59 2.21 0.81 0.54 0.47 0.70
40 5 40 0 11.63 0.06 0.00 0.52 1.33 1.37 1.18 1.06 1.28 1.34
36 74 18 1 11.63 0.23 0.00 0.44 0.95 1.12 1.09 0.98 0.75 0.75
14 73 34 1 11.63 0.36 0.00 0.76 0.61 1.59 1.10 0.75 0.53 0.69
60 71 35 0 11.64 0.37 0.00 0.43 0.94 1.05 0.85 0.99 0.98 0.81
24 9 32 1 11.65 0.06 0.00 0.86 1.16 1.40 1.17 1.00 1.23 1.19
62 29 10 0 11.65 0.06 0.00 0.24 0.54 1.33 1.55 1.12 0.87 1.17
31 63 7 1 11.65 0.13 0.00 0.41 1.17 1.16 1.02 1.13 1.16 1.24
26 19 8 0 11.65 0.21 0.00 0.83 0.99 1.33 1.22 0.87 0.78 0.81
62 42 11 0 11.65 0.37 0.00 0.38 0.79 1.03 0.80 1.00 1.10 0.86
10 20 34 1 11.65 0.39 0.00 1.10 0.60 1.83 1.00 0.84 0.59 0.99
43 52 18 1 11.66 0.07 0.00 0.53 1.64 1.50 1.06 1.15 0.87 0.99
39 13 20 0 11.66 0.10 0.00 0.80 1.51 1.77 1.34 0.99 0.88 0.91
9 52 39 1 11.66 0.29 0.00 0.94 1.15 2.10 1.48 1.10 0.83 0.65
70 14 20 1 11.66 0.35 0.00 0.64 1.65 1.69 0.90 1.28 0.99 0.75
32 6 20 0 11.66 0.38 0.00 0.82 1.53 1.82 1.32 1.01 1.04 1.01
27 59 23 0 11.67 0.15 0.00 0.27 0.97 1.70 1.49 1.52 0.85 0.53
60 9 16 0 11.67 0.15 0.00 0.36 0.46 1.56 1.36 0.95 1.15 1.75
35 69 37 1 11.67 0.51 0.00 0.22 0.90 1.81 1.06 0.71 0.55 0.51
46 20 20 0 11.68 0.22 0.00 0.91 1.07 1.50 1.40 1.07 0.84 0.81
65 21 29 0 11.69 0.06 0.00 0.22 0.92 1.48 0.83 0.69 0.52 0.78
25 10 32 1 11.69 0.10 0.00 0.97 1.02 1.37 1.05 1.17 1.15 1.08
46 15 37 1 11.69 0.30 0.00 0.51 0.95 1.76 1.80 1.59 1.30 0.96
47 10 36 0 11.69 0.41 0.00 0.74 1.43 1.77 1.48 1.30 1.04 0.95
11 56 29 0 11.70 0.28 0.00 0.46 0.87 1.28 1.09 0.75 0.61 1.32
72 29 35 1 11.70 0.32 0.00 0.23 0.59 2.27 0.90 0.55 0.48 0.73
41 1 12 0 11.72 0.28 0.00 0.83 1.31 1.82 1.56 1.21 1.12 0.98
6 19 23 1 11.72 0.29 0.00 0.60 0.51 2.10 1.00 0.68 0.60 0.44
66 10 20 1 11.72 0.31 0.00 0.72 1.59 1.74 0.92 1.31 0.90 0.74
32 12 15 1 11.73 0.43 0.00 0.74 1.46 1.84 1.02 0.74 0.63 0.94
55 72 34 1 11.74 0.24 0.00 0.70 1.68 1.80 1.21 1.01 1.01 0.83
50 7 15 1 11.74 0.28 0.03 0.69 1.28 1.43 1.27 1.07 1.18 1.24
30 62 12 1 11.74 0.48 0.04 0.63 0.59 1.16 1.15 1.05 1.13 1.05
40 61 13 0 11.77 0.40 0.00 0.95 0.85 1.31 1.08 0.83 1.03 1.13
27 44 32 1 11.77 0.42 0.00 0.40 1.04 1.50 1.24 1.44 1.54 1.47
65 43 34 0 11.78 0.01 0.00 1.01 1.19 2.19 1.47 1.10 1.19 1.14
8 67 23 0 11.78 0.14 0.00 0.15 0.36 1.76 1.20 0.93 0.70 0.71
34 26 15 0 11.79 0.06 0.00 0.42 1.20 1.24 0.98 0.85 0.69 0.76
36 16 15 1 11.79 0.07 0.00 0.73 1.49 1.61 1.15 0.73 0.92 1.08
71 36 18 1 11.79 0.25 0.04 0.81 0.96 2.43 1.49 0.86 0.61 0.73
25 13 37 1 11.80 0.10 0.04 0.62 1.19 1.43 1.00 0.86 0.62 0.73
51 53 8 0 11.80 0.33 0.00 0.23 1.15 1.59 1.46 1.47 1.38 1.12
59 51 35 1 11.80 0.72 0.00 0.70 1.17 1.89 1.48 1.16 0.67 0.57
26 3 13 0 11.81 0.26 0.00 0.31 1.54 1.91 1.54 1.34 0.95 0.79
29 21 36 0 11.81 0.27 0.00 0.37 0.83 1.05 1.14 0.96 0.91 1.02
40 18 39 0 11.81 0.29 0.00 0.57 1.16 1.89 1.41 1.00 0.68 0.46
48 30 39 1 11.81 0.30 0.00 0.27 0.97 1.30 0.59 0.80 0.74 0.68
68 75 32 0 11.82 0.11 0.00 0.40 0.66 1.10 0.74 1.03 0.83 0.68
67 0 23 1 11.82 0.21 0.00 0.32 0.27 2.03 1.42 1.01 0.77 0.64
37 82 31 1 11.82 0.43 0.00 0.48 0.88 2.03 1.86 1.44 0.89 0.57
34 1 36 0 11.83 0.24 0.00 0.83 1.52 1.82 1.19 0.87 0.80 0.83
42 51 18 1 11.83 0.27 0.00 0.46 1.77 1.75 1.20 1.03 0.87 0.85
19 29 31 1 11.83 0.45 0.00 0.18 0.86 1.37 1.12 0.74 0.72 0.65
34 18 10 0 11.84 0.19 0.00 0.47 1.07 1.11 1.22 1.12 1.00 0.93
64 71 32 0 11.84 0.24 0.00 0.38 0.84 1.08 0.97 0.92 0.84 0.69
17 76 34 1 11.85 0.12 0.00 0.92 0.79 1.62 1.16 0.79 0.63 0.62
74 39 18 1 11.87 0.17 0.03 0.82 0.90 2.49 1.30 0.83 0.53 0.68
59 8 16 0 11.87 0.28 0.00 0.36 0.43 1.58 1.25 1.11 1.31 1.76
37 23 38 0 11.87 0.46 0.00 0.48 1.40 1.41 1.37 1.27 1.04 0.78
34 28 20 0 11.88 0.12 0.00 0.63 1.16 1.26 1.07 0.86 0.69 0.88
59 32 29 1 11.88 0.19 0.00 0.16 0.99 1.46 1.58 1.24 1.01 0.91
51 0 16 0 11.88 0.27 0.00 0.45 0.53 1.49 1.27 1.13 1.30 1.79
55 69 31 0 11.89 0.23 0.00 0.45 1.42 1.47 1.20 1.00 0.76 0.61
27 66 3 0 11.89 0.30 0.00 0.97 0.86 1.35 1.23 0.88 0.85 0.93
17 61 34 1 11.89 0.39 0.00 0.25 1.29 2.47 1.58 0.95 0.70 0.63
41 14 40 1 11.90 0.01 0.00 0.60 1.52 1.57 1.08 1.13 1.31 1.34
47 21 20 0 11.90 0.17 0.00 1.04 1.10 1.56 1.25 1.00 0.82 0.89
12 34 25 0 11.90 0.33 0.00 0.77 0.90 1.31 0.71 0.68 1.20 1.21
42 5 36 0 11.90 0.37 0.00 0.67 1.47 1.82 1.53 1.34 0.97 0.93
67 37 35 0 11.90 0.41 0.00 0.59 1.10 1.49 0.92 0.67 0.52 0.91
32 43 35 1 11.90 0.53 0.00 0.28 0.74 1.33 1.59 1.47 1.12 0.98
38 0 8 1 11.91 0.19 0.00 0.65 0.93 1.26 1.37 1.27 0.77 0.80
52 1 34 1 11.92 0.12 0.00 0.40 1.06 1.07 0.95 0.97 1.15 0.81
66 39 29 1 11.92 0.14 0.00 0.15 0.65 1.33 1.44 1.10 0.96 1.01
73 57 38 0 11.92 0.24 0.00 0.55 0.76 2.26 1.43 0.79 0.53 0.49
36 9 30 1 11.92 0.35 0.00 1.01 0.56 1.91 1.42 1.45 1.29 1.14
26 60 37 0 11.93 0.11 0.00 0.56 1.42 1.54 1.53 1.19 0.95 0.86
25 57 23 0 11.93 0.15 0.00 0.39 0.96 1.86 1.53 1.61 0.82 0.49
25 49 29 0 11.93 0.26 0.00 0.36 0.65 1.39 1.07 0.73 0.47 0.81
48 71 32 1 11.93 0.30 0.00 0.31 1.50 1.81 1.36 1.38 1.29 1.30
16 67 36 0 11.93 0.35 0.00 0.61 1.66 1.75 1.18 1.11 0.74 0.90
53 26 29 1 11.93 0.60 0.00 0.13 0.89 1.87 1.71 1.35 1.02 0.96
16 28 10 0 11.93 0.62 0.00 0.48 0.82 2.23 1.22 0.55 0.54 0.54
31 65 37 1 11.94 0.19 0.00 0.16 0.73 1.56 1.01 0.87 0.62 0.52
54 36 39 1 11.95 0.39 0.00 0.31 0.88 1.21 0.59 0.76 0.89 0.69
28 1 18 1 11.96 0.18 0.00 0.57 0.66 1.05 0.99 1.17 1.14 0.99
49 20 36 0 11.96 0.25 0.00 0.51 0.85 1.11 0.97 1.13 1.40 1.23
32 23 18 1 11.96 0.26 0.00 0.69 0.94 1.13 0.89 1.09 1.23 1.12
49 14 4 1 11.96 0.26 0.00 0.51 0.58 2.50 1.93 1.13 0.61 0.95
52 41 40 0 11.96 0.26 0.00 0.80 0.50 2.05 1.70 1.34 0.90 0.64
51 32 3 0 11.97 0.08 0.00 0.65 0.43 1.42 1.49 1.30 1.18 1.17
19 13 20 0 11.97 0.17 0.00 0.42 1.51 1.76 0.69 0.59 1.01 1.32
56 25 18 0 11.97 0.24 0.00 0.71 0.73 1.49 1.41 0.75 0.59 0.74
29 23 35 1 11.97 0.40 0.00 0.88 0.45 1.70 1.48 1.37 1.00 0.74
77 21 20 1 11.98 0.24 0.00 0.56 1.53 1.61 0.91 1.41 0.95 0.62
65 48 6 0 11.98 0.28 0.00 1.28 1.02 2.10 1.20 1.14 0.99 0.90
37 57 29 0 11.99 0.08 0.00 0.56 0.71 1.09 1.16 1.28 1.13 1.02
20 62 8 1 11.99 0.35 0.00 0.65 1.43 1.34 0.98 0.88 0.87 0.87
25 1 35 0 12.00 0.42 0.00 0.77 0.66 1.38 1.24 0.98 0.72 0.57
52 66 31 0 12.01 0.14 0.00 0.50 1.38 1.44 1.27 1.06 0.80 0.62
36 75 26 0 12.01 0.38 0.00 0.87 1.11 2.23 1.66 1.37 1.10 0.75
34 50 13 1 12.01 0.41 0.00 0.82 0.75 1.15 0.99 1.02 0.94 0.82
17 59 8 1 12.02 0.21 0.00 0.66 1.41 1.34 1.07 1.13 0.83 0.94
56 81 15 0 12.02 0.29 0.00 0.48 1.01 1.40 1.40 1.35 1.46 1.37
33 67 4 0 12.02 0.38 0.00 0.64 0.38 1.55 1.58 1.31 1.02 0.78
36 1 15 1 12.03 0.29 0.00 0.57 0.94 1.20 1.03 1.04 1.19 1.52
47 30 34 1 12.04 0.04 0.00 0.69 1.27 1.22 0.95 1.08 0.94 0.93
51 81 11 1 12.04 0.08 0.00 0.26 0.89 1.18 1.16 1.42 1.30 1.03
12 46 37 0 12.04 0.17 0.00 0.52 0.80 1.03 1.10 1.02 0.96 0.90
51 0 34 1 12.04 0.21 0.00 0.40 1.05 1.06 0.94 1.08 1.03 0.84
37 11 20 0 12.04 0.23 0.00 0.86 1.49 1.88 1.38 1.05 0.90 1.02
40 14 20 0 12.05 0.57 0.00 0.84 1.47 1.80 1.33 1.04 0.85 1.15
50 32 31 1 12.06 0.24 0.10 0.81 0.84 1.50 1.01 0.84 0.71 0.64
10 72 10 1 12.06 0.25 0.00 0.47 0.69 1.48 1.10 0.69 1.83 1.37
34 11 7 1 12.06 0.37 0.00 0.70 1.50 1.85 1.55 1.19 1.01 1.02
37 76 26 0 12.07 0.14 0.00 0.90 1.26 2.06 1.52 1.32 1.02 0.74
43 81 18 1 12.07 0.30 0.00 0.28 1.09 1.71 1.23 0.81 0.63 0.46
47 12 3 1 12.07 0.34 0.00 0.25 1.23 1.52 0.48 1.24 1.35 0.92
56 21 3 1 12.07 0.67 0.00 0.23 1.32 1.60 0.48 1.13 1.35 0.91
67 20 24 1 12.08 0.05 0.00 0.85 0.92 1.19 0.92 0.91 0.87 0.92
25 17 36 0 12.08 0.19 0.00 0.54 0.47 1.10 0.93 0.86 0.90 0.93
41 76 31 1 12.08 0.19 0.00 0.13 0.77 1.37 1.23 1.04 0.89 0.63
68 43 32 1 12.08 0.22 0.00 0.27 1.20 1.31 0.75 1.34 1.46 1.07
14 65 36 0 12.08 0.35 0.00 0.37 1.65 1.62 1.03 0.94 0.68 1.11
45 78 38 1 12.08 0.48 0.00 0.44 0.72 1.25 0.79 0.75 0.55 0.76
32 16 10 0 12.09 0.02 0.00 0.43 1.24 1.16 1.18 1.03 0.95 0.87
62 73 35 0 12.09 0.19 0.00 0.48 0.90 1.03 0.85 1.04 0.87 0.91
32 71 6 1 12.10 0.19 0.00 0.37 1.36 1.30 1.22 1.32 1.11 1.11
57 30 29 1 12.10 0.48 0.00 0.14 0.76 1.67 1.80 1.10 1.02 0.98
10 65 9 1 12.11 0.20 0.00 0.54 0.87 1.12 0.96 0.72 1.10 1.25
26 2 35 0 12.11 0.26 0.00 0.89 0.75 1.41 1.19 0.99 0.68 0.66
32 21 35 0 12.11 0.26 0.00 0.66 0.71 1.28 1.58 1.27 1.02 0.82
2 1 40 1 12.11 0.33 0.00 0.48 1.14 1.13 0.95 1.07 0.83 0.75
49 57 12 1 12.11 0.37 0.00 0.34 0.72 1.21 1.54 1.38 1.03 0.93
68 29 35 0 12.11 0.46 0.00 0.20 0.95 2.34 1.74 1.37 0.87 0.57
26 20 35 1 12.12 0.28 0.00 0.90 0.51 1.98 1.58 1.34 0.94 0.62
71 28 35 1 12.12 0.28 0.00 0.31 0.56 2.23 0.82 0.52 0.46 0.75
46 37 32 0 12.12 0.47 0.00 0.53 1.67 1.99 1.45 0.91 0.82 0.80
47 14 36 0 12.13 0.24 0.00 0.71 1.59 1.94 1.18 1.00 0.72 0.68
55 48 31 1 12.13 0.33 0.00 0.44 0.68 1.19 1.23 1.07 1.05 1.56
9 53 34 1 12.13 0.38 0.00 0.12 0.95 2.47 1.31 0.69 0.61 0.97
35 68 38 1 12.14 0.13 0.00 0.38 0.71 1.06 0.67 0.86 0.88 0.96
37 47 31 0 12.15 0.14 0.00 0.57 1.35 1.50 1.44 1.18 0.84 0.67
51 14 36 0 12.15 0.21 0.00 0.72 1.28 1.59 1.62 1.21 1.06 0.92
12 71 23 1 12.15 0.50 0.00 1.06 0.88 2.41 1.46 1.04 0.74 0.66
8 60 10 1 12.16 0.20 0.00 0.42 0.45 1.41 0.68 0.57 1.47 1.04
34 31 8 0 12.16 0.24 0.00 0.43 0.95 1.81 1.68 1.64 1.39 1.30
30 64 37 1 12.16 0.55 0.00 0.19 0.76 1.70 1.21 0.78 0.53 0.56
31 65 10 0 12.17 0.10 0.00 0.83 0.74 1.31 1.34 1.05 0.80 0.69
29 3 6 1 12.17 0.11 0.00 0.77 1.24 1.80 1.67 1.11 1.08 1.27
38 49 35 1 12.17 0.17 0.00 0.24 1.13 1.88 1.86 1.44 1.12 0.88
47 38 18 1 12.17 0.17 0.00 0.63 1.49 1.78 1.31 0.94 0.69 0.65
37 28 18 1 12.17 0.30 0.00 0.71 1.06 1.15 1.08 1.04 1.14 1.04
31 81 20 0 12.18 0.22 0.00 0.45 0.83 1.06 1.05 1.28 1.16 1.11
26 70 12 1 12.18 0.23 0.07 0.38 0.89 1.16 1.14 1.32 1.17 1.07
41 59 7 1 12.18 0.29 0.00 0.25 0.40 1.26 0.96 0.70 0.85 1.03
52 82 11 1 12.18 0.38 0.00 0.21 0.86 1.17 1.11 1.40 1.23 0.98
15 74 23 0 12.18 0.48 0.00 0.34 0.83 1.98 1.98 1.57 1.24 1.06
67 23 23 1 12.19 0.05 0.00 0.27 0.29 1.75 1.55 1.10 0.93 0.73
30 10 15 1 12.19 0.14 0.00 0.79 1.58 2.01 1.18 0.80 0.75 0.88
56 64 34 1 12.19 0.31 0.00 0.61 0.43 1.96 1.85 1.23 0.80 0.72
71 1 41 0 12.20 0.19 0.00 0.53 0.95 1.22 1.14 1.36 1.23 1.42
41 51 31 0 12.20 0.24 0.00 0.52 1.39 1.44 1.31 1.14 0.86 0.63
13 12 16 0 12.21 0.08 0.00 0.46 0.81 1.26 1.08 0.84 0.64 0.55
21 15 20 0 12.21 0.21 0.00 0.62 1.51 2.26 0.97 0.57 0.80 1.32
41 81 16 1 12.22 0.17 0.00 0.66 1.71 1.93 1.19 0.88 1.05 1.25
40 71 36 1 12.22 0.25 0.00 1.13 0.99 1.74 1.19 1.16 0.89 0.64
47 7 12 0 12.22 0.45 0.00 0.87 1.30 1.76 1.47 1.28 1.21 1.04
24 1 13 0 12.22 0.48 0.00 0.40 0.52 1.59 1.77 1.61 1.09 0.92
40 20 15 1 12.23 0.19 0.00 0.79 1.48 1.61 1.23 0.87 0.96 1.18
2 75 23 0 12.23 0.21 0.00 0.77 1.23 1.82 1.73 1.21 1.02 0.78
21 7 38 0 12.23 0.49 0.00 0.34 0.84 2.57 2.08 1.19 0.96 1.25
28 69 41 0 12.24 0.06 0.00 0.42 0.51 1.21 1.16 1.12 1.27 1.47
12 44 23 0 12.24 0.10 0.00 0.36 0.48 1.91 1.47 1.24 0.63 0.46
47 72 15 1 12.25 0.37 0.00 0.66 1.26 1.78 1.34 1.17 0.66 0.54
40 3 36 0 12.25 0.47 0.00 0.82 1.35 1.81 1.56 1.23 1.15 0.97
38 69 36 1 12.26 0.27 0.00 1.13 1.02 1.79 1.17 1.24 0.96 0.63
33 7 6 1 12.26 0.28 0.00 0.82 1.32 1.96 1.66 1.10 0.91 1.11
37 71 37 1 12.26 0.36 0.00 0.18 0.94 1.68 1.11 0.79 0.57 0.53
36 25 35 0 12.27 0.15 0.00 0.58 0.66 1.24 1.59 1.28 1.05 0.86
49 72 32 1 12.28 0.11 0.00 0.33 1.33 1.69 1.29 1.31 1.53 1.45
29 63 10 0 12.28 0.16 0.00 1.10 0.86 1.46 1.14 1.10 0.87 0.74
48 15 36 0 12.28 0.17 0.00 0.75 1.61 1.83 1.10 0.93 0.81 0.67
21 53 23 0 12.28 0.23 0.00 0.33 0.65 1.91 1.64 1.64 0.87 0.51
32 1 11 1 12.28 0.24 0.00 0.67 1.23 1.74 1.69 1.46 1.11 1.00
20 57 9 1 12.28 0.46 0.00 0.63 1.29 1.44 0.74 0.57 0.87 1.00
19 69 4 1 12.29 0.10 0.00 0.48 1.26 1.75 1.77 1.30 0.88 0.69
35 24 35 0 12.29 0.42 0.00 0.62 0.65 1.32 1.59 1.42 0.99 0.80
56 80 31 1 12.29 0.42 0.00 0.57 1.12 1.48 1.58 1.47 1.28 1.09
58 65 32 0 12.30 0.02 0.00 0.52 0.96 1.15 0.80 1.00 0.70 0.67
7 52 29 0 12.30 0.12 0.00 0.39 0.81 1.51 0.89 0.65 0.56 1.59
10 51 41 0 12.30 0.36 0.00 0.43 0.44 1.22 1.12 1.16 1.30 1.37
55 80 15 0 12.30 0.41 0.00 0.39 1.10 1.55 1.59 1.42 1.38 1.33
34 42 12 0 12.30 0.44 0.00 0.79 1.07 2.05 1.75 1.44 0.90 0.75
62 64 5 0 12.31 0.19 0.00 0.11 0.88 1.36 1.22 1.23 1.11 1.07
30 6 35 0 12.32 0.08 0.00 0.86 0.94 1.36 1.07 0.90 0.81 0.58
53 2 34 1 12.32 0.18 0.00 0.33 0.92 1.02 1.00 1.05 1.05 0.87
60 77 34 1 12.32 0.24 0.00 0.74 1.45 1.48 1.31 1.03 1.02 0.88
65 35 35 0 12.32 0.24 0.00 0.45 0.92 1.42 1.04 0.62 0.49 0.89
35 9 20 0 12.32 0.29 0.00 0.84 1.40 1.70 1.47 1.10 0.93 0.95
27 3 35 0 12.32 0.34 0.00 0.86 0.67 1.41 1.20 1.01 0.68 0.60
53 70 13 0 12.33 0.19 0.00 1.17 0.83 1.77 1.41 1.20 1.08 0.79
26 82 21 0 12.34 0.22 0.02 0.44 0.93 1.90 1.76 1.68 1.33 1.17
79 68 12 1 12.35 0.19 0.00 0.91 0.70 1.27 0.98 0.83 0.82 0.72
37 14 13 0 12.35 0.39 0.00 0.39 1.66 1.85 1.47 1.18 0.86 0.78
24 65 41 0 12.36 0.15 0.00 0.44 0.45 1.17 1.11 1.13 1.33 1.26
34 75 41 0 12.36 0.23 0.00 0.43 0.48 1.22 1.10 1.13 1.44 1.38
22 15 8 0 12.36 0.30 0.00 0.82 0.68 1.26 1.05 0.66 0.82 1.03
28 67 26 0 12.37 0.11 0.00 0.87 1.08 2.05 1.69 1.43 1.16 0.79
52 72 31 0 12.37 0.17 0.00 0.81 0.72 1.34 1.43 1.26 0.87 0.71
42 16 34 1 12.37 0.30 0.00 0.68 0.57 1.40 1.52 1.21 0.89 0.59
57 26 16 0 12.38 0.15 0.00 0.82 1.30 2.27 1.70 1.10 0.97 0.76
56 73 34 1 12.38 0.44 0.00 0.68 1.59 1.67 1.40 1.02 1.01 0.86
4 66 10 1 12.39 0.15 0.00 0.31 0.61 1.35 0.98 0.70 1.79 1.23
29 41 8 0 12.39 0.30 0.00 0.09 0.83 1.41 1.11 1.04 1.13 1.06
12 57 29 0 12.40 0.19 0.00 0.39 0.90 1.39 1.04 0.73 0.55 1.47
15 47 23 0 12.40 0.33 0.00 0.26 0.52 2.07 1.49 1.33 0.72 0.43
38 18 15 1 12.41 0.04 0.00 0.80 1.44 1.74 1.35 0.80 0.83 1.14
6 50 34 1 12.41 0.08 0.00 0.10 0.71 2.36 1.15 0.71 0.57 0.97
35 16 38 1 12.43 0.05 0.00 0.40 1.71 1.57 1.04 1.10 1.27 1.20
59 76 34 1 12.43 0.19 0.00 0.64 1.52 1.48 1.34 1.07 1.02 0.90
45 10 4 1 12.43 0.36 0.00 0.59 0.53 2.41 1.93 1.23 0.75 0.67
58 74 23 1 12.43 0.71 0.00 0.33 0.76 1.99 1.98 1.61 1.22 1.06
32 73 41 0 12.44 0.06 0.00 0.46 0.49 1.22 1.16 1.19 1.32 1.42
36 53 32 1 12.44 0.11 0.00 0.62 1.70 1.94 1.37 1.17 1.23 1.06
31 69 18 1 12.44 0.17 0.00 0.52 0.95 1.07 1.10 0.86 0.87 0.84
60 27 10 0 12.44 0.27 0.00 0.25 0.74 1.28 1.61 1.35 0.96 0.99
39 81 36 0 12.44 0.52 0.00 0.80 1.39 1.57 1.39 1.16 0.97 0.79
34 54 29 0 12.45 0.32 0.00 0.51 0.63 1.08 1.28 1.23 1.15 0.99
43 0 16 1 12.45 0.36 0.00 0.94 0.81 1.29 1.34 1.10 0.98 0.89
20 30 31 1 12.45 0.38 0.00 0.19 0.83 1.30 1.00 0.81 0.71 0.58
47 26 16 0 12.46 0.04 0.00 1.11 1.08 1.97 1.15 0.94 0.68 0.67
35 4 37 1 12.46 0.18 0.00 0.47 0.72 1.45 1.44 1.40 1.42 1.56
38 12 40 1 12.46 0.39 0.00 0.69 1.32 1.27 1.05 0.96 1.13 1.15
64 20 29 0 12.46 0.43 0.00 0.21 1.15 1.70 0.77 0.80 0.51 0.62
39 8 37 1 12.46 0.46 0.00 0.46 0.74 1.50 1.61 1.47 1.38 1.43
73 50 10 0 12.46 0.62 0.00 1.04 0.77 2.33 1.71 0.88 0.83 0.84
35 32 8 0 12.47 0.09 0.00 0.38 1.03 1.79 1.58 1.72 1.45 1.25
38 47 18 1 12.47 0.21 0.00 0.69 1.57 1.43 1.06 1.05 1.06 1.00
47 25 39 0 12.47 0.21 0.00 0.52 0.91 1.34 1.39 1.11 0.72 0.53
70 62 35 1 12.47 0.61 0.00 0.41 0.44 2.07 1.04 0.58 0.43 1.00
42 34 35 0 12.48 0.32 0.00 0.57 0.56 1.37 1.15 0.81 0.59 0.58
54 71 34 1 12.48 0.35 0.00 0.62 1.70 1.87 1.40 1.12 0.99 0.83
55 4 34 1 12.49 0.14 0.00 0.37 0.81 1.00 0.86 1.02 1.13 0.92
57 64 32 0 12.49 0.15 0.00 0.55 1.03 1.15 0.96 0.80 0.81 0.67
11 33 25 0 12.49 0.29 0.00 0.80 0.89 1.32 0.80 0.65 1.27 1.29
30 7 13 0 12.49 0.57 0.00 0.36 1.58 1.61 1.48 1.19 0.98 0.78
41 4 36 0 12.50 0.03 0.00 0.74 1.49 1.88 1.59 1.18 0.98 0.97
37 75 18 1 12.50 0.16 0.00 0.38 0.80 1.05 1.17 0.96 0.79 0.80
74 18 20 1 12.50 0.17 0.00 0.62 1.51 1.61 0.84 1.48 0.91 0.65
26 69 18 1 12.51 0.08 0.00 0.53 0.46 1.60 1.88 1.34 1.10 0.97
33 17 10 0 12.51 0.13 0.00 0.47 1.10 1.13 1.28 1.01 0.93 0.79
5 48 39 1 12.51 0.39 0.00 0.55 0.36 2.31 0.93 0.62 0.58 0.57
53 27 34 1 12.51 0.55 0.00 0.55 0.44 1.99 1.74 1.17 0.65 0.61
40 6 35 0 12.52 0.24 0.00 0.58 0.97 1.70 1.88 1.50 1.22 0.94
66 42 17 0 12.53 0.21 0.00 0.17 0.32 1.99 1.28 0.86 0.73 0.63
12 71 34 1 12.53 0.48 0.00 0.68 0.64 1.45 1.04 0.78 0.52 0.61
26 14 37 1 12.54 0.12 0.05 0.54 1.26 1.38 0.96 0.87 0.64 0.73
54 37 34 1 12.54 0.23 0.00 0.55 1.09 1.11 1.10 1.22 1.16 1.07
30 75 31 1 12.55 0.08 0.00 0.68 0.89 2.07 1.84 1.49 0.97 0.61
27 65 18 1 12.55 0.14 0.00 0.44 0.66 1.00 1.00 0.98 0.95 0.89
65 21 23 1 12.55 0.28 0.00 0.29 0.31 1.86 1.70 1.22 0.98 0.73
72 16 20 1 12.55 0.42 0.00 0.62 1.54 1.76 0.85 1.55 0.91 0.63
75 59 38 0 12.55 0.57 0.00 0.61 0.46 2.32 1.12 0.75 0.55 0.46
32 9 13 0 12.56 0.18 0.00 0.34 1.53 1.76 1.57 1.36 0.98 0.80
53 67 14 0 12.56 0.40 0.00 0.60 1.09 1.16 1.23 1.16 1.26 0.87
19 61 8 1 12.57 0.10 0.00 0.74 1.38 1.34 1.13 0.99 0.84 0.87
45 23 39 0 12.57 0.10 0.00 0.59 1.07 1.37 1.46 1.06 0.78 0.59
36 62 38 1 12.57 0.21 0.00 0.75 0.80 1.27 0.88 1.24 1.31 1.49
31 24 8 0 12.57 0.24 0.00 0.68 1.01 1.19 1.23 0.87 0.79 0.82
36 3 20 0 12.57 0.30 0.00 0.29 1.60 2.06 1.42 1.40 1.18 1.26
47 36 40 0 12.57 0.31 0.00 0.65 0.44 1.94 1.82 1.26 0.96 0.62
65 14 4 0 12.58 0.18 0.00 1.04 0.93 1.77 1.26 0.79 0.59 1.02
33 10 13 0 12.58 0.47 0.00 0.32 1.65 1.90 1.48 1.20 0.95 0.71
44 9 4 1 12.58 0.62 0.00 0.60 0.55 2.29 1.97 1.13 0.65 0.79
3 2 23 0 12.59 0.03 0.00 0.56 0.93 2.87 1.84 1.06 0.74 1.32
44 37 8 0 12.59 0.15 0.00 0.61 1.07 1.22 1.08 0.95 0.70 0.66
47 40 8 0 12.60 0.02 0.00 0.63 1.26 1.26 0.98 0.88 0.73 0.73
19 8 35 0 12.60 0.08 0.00 0.68 0.65 1.50 1.79 1.33 1.19 0.77
67 23 29 0 12.60 0.10 0.00 0.20 0.90 1.41 0.85 0.75 0.51 0.80
22 65 37 1 12.60 0.12 0.00 0.27 0.70 1.10 1.04 0.96 1.18 1.37
9 41 23 0 12.60 0.21 0.00 0.27 0.49 1.89 1.39 1.45 0.68 0.47
18 40 25 0 12.60 0.27 0.00 0.82 0.98 1.39 0.87 0.64 1.30 1.33
69 52 6 0 12.60 0.28 0.00 1.20 0.62 1.60 1.03 1.35 1.19 1.02
30 47 32 1 12.60 0.37 0.00 0.39 0.91 1.43 1.07 1.48 1.66 1.52
44 1 35 0 12.60 0.51 0.00 0.30 0.43 1.69 1.82 1.26 1.00 0.64
3 2 23 1 12.60 0.52 0.00 0.68 1.27 2.68 1.81 1.09 0.99 0.85
5 0 34 1 12.60 0.60 0.00 0.22 0.71 2.90 1.73 0.93 0.60 0.87
58 27 16 0 12.61 0.05 0.00 1.01 1.16 2.10 1.53 1.23 0.86 0.74
38 48 31 0 12.61 0.12 0.00 0.54 1.42 1.56 1.34 1.26 0.85 0.59
36 2 35 0 12.61 0.29 0.00 0.58 1.29 1.44 1.47 1.33 1.11 1.26
50 39 40 0 12.61 0.46 0.00 0.66 0.47 2.05 1.91 1.39 0.96 0.74
32 53 13 0 12.62 0.06 0.00 0.95 0.77 1.28 1.01 0.81 1.01 1.29
13 55 10 1 12.62 0.10 0.00 0.56 0.80 1.19 0.91 0.54 0.98 1.17
32 82 20 0 12.62 0.10 0.00 0.44 0.91 1.05 1.13 1.25 1.20 1.03
36 6 39 0 12.62 0.17 0.00 0.53 0.91 1.19 1.48 1.13 1.23 1.23
66 41 32 1 12.62 0.28 0.00 0.23 1.30 1.43 0.80 1.28 1.60 1.12
32 66 10 0 12.62 0.44 0.00 1.09 0.97 1.46 1.12 1.10 0.81 0.80
67 16 16 0 12.62 0.52 0.00 0.36 0.45 1.46 1.51 0.79 0.96 1.55
58 41 31 0 12.63 0.26 0.00 0.91 0.85 1.21 1.14 1.21 0.98 0.97
36 81 31 1 12.63 0.28 0.00 0.56 0.91 2.03 1.96 1.35 0.85 0.61
37 78 11 1 12.63 0.28 0.00 0.57 1.84 1.91 1.11 1.16 0.96 0.76
23 41 18 0 12.63 0.35 0.00 0.42 0.82 1.89 2.12 1.40 0.84 0.92
21 27 34 0 12.64 0.06 0.00 0.70 0.73 1.82 1.62 1.12 1.36 1.70
28 36 12 0 12.64 0.11 0.00 0.71 1.12 2.12 1.76 1.51 0.87 0.72
55 62 32 0 12.64 0.19 0.00 0.63 1.24 1.29 1.04 0.89 0.76 0.65
42 67 7 1 12.64 0.22 0.00 0.28 1.18 1.25 1.07 0.87 0.68 0.70
37 48 35 1 12.64 0.25 0.00 0.32 1.17 1.79 1.78 1.60 1.21 0.93
37 54 32 1 12.65 0.18 0.00 0.54 1.62 1.81 1.43 1.32 1.22 1.12
45 38 8 0 12.65 0.19 0.00 0.61 1.21 1.32 1.04 0.92 0.62 0.69
30 71 41 0 12.65 0.21 0.00 0.38 0.44 1.18 1.13 1.17 1.28 1.32
26 44 18 0 12.65 0.22 0.00 0.53 0.77 1.99 2.07 1.50 0.85 0.97
33 22 35 0 12.65 0.26 0.00 0.76 0.67 1.32 1.51 1.37 1.01 0.81
65 12 18 1 12.65 0.30 0.00 1.11 0.79 1.97 1.37 0.82 0.70 0.67
48 79 36 1 12.65 0.57 0.00 1.18 0.95 1.98 1.33 1.16 0.94 0.63
22 77 33 0 12.66 0.28 0.00 0.65 0.27 1.64 1.27 0.93 1.11 0.63
40 72 7 1 12.67 0.11 0.00 0.57 1.53 1.51 1.03 0.84 0.66 0.77
36 79 39 0 12.67 0.14 0.00 0.51 0.67 1.43 1.43 0.95 0.71 0.46
57 74 34 1 12.68 0.01 0.00 0.63 1.72 1.77 1.36 1.02 1.00 0.86
65 14 16 0 12.68 0.16 0.00 0.41 0.47 1.40 1.45 0.77 1.10 1.56
31 8 13 0 12.69 0.03 0.00 0.30 1.58 1.73 1.47 1.24 0.91 0.72
60 67 32 0 12.69 0.04 0.00 0.57 1.05 1.16 0.99 0.94 0.80 0.63
39 82 39 0 12.69 0.18 0.00 0.47 0.64 1.24 1.30 0.91 0.78 0.52
65 32 10 0 12.69 0.30 0.00 0.25 0.58 1.43 1.81 1.14 0.95 1.21
41 78 8 1 12.69 0.33 0.00 1.06 0.95 1.54 1.28 0.95 0.74 0.77
19 31 8 0 12.69 0.38 0.00 0.11 0.64 1.29 1.02 0.99 1.18 1.13
18 17 16 0 12.70 0.15 0.00 0.50 0.90 1.30 1.07 0.72 0.67 0.53
42 79 8 1 12.70 0.21 0.00 1.00 0.92 1.48 1.33 0.89 0.75 0.76
23 8 12 1 12.70 0.31 0.10 0.53 0.65 1.66 1.33 1.49 1.63 1.30
11 55 34 1 12.70 0.34 0.00 0.12 0.85 2.66 1.16 0.69 0.56 0.90
71 49 34 0 12.70 0.42 0.00 0.72 1.05 2.29 1.85 1.18 1.44 1.20
27 45 18 0 12.71 0.19 0.00 0.46 0.56 1.81 2.07 1.40 0.88 0.93
65 38 29 1 12.71 0.57 0.00 0.13 0.83 1.38 1.54 1.11 0.95 0.93
28 45 32 1 12.71 0.60 0.00 0.36 0.99 1.40 1.20 1.39 1.57 1.51
34 45 35 1 12.72 0.06 0.00 0.22 0.87 1.45 1.71 1.47 1.09 1.05
48 17 37 0 12.72 0.06 0.00 0.49 1.17 1.76 1.34 1.01 0.57 0.48
57 40 34 1 12.72 0.18 0.00 0.65 0.93 1.06 1.11 0.99 1.09 1.02
69 14 40 0 12.72 0.21 0.00 0.67 1.76 1.82 0.96 1.20 1.20 0.74
36 10 40 1 12.72 0.41 0.00 0.60 1.39 1.41 1.39 0.93 0.92 1.23
61 34 29 1 12.73 0.16 0.00 0.15 0.82 1.50 1.73 1.19 0.92 0.95
66 22 29 0 12.73 0.17 0.00 0.17 0.94 1.49 0.80 0.77 0.50 0.79
57 65 34 1 12.73 0.18 0.00 0.61 0.45 1.81 1.87 1.13 0.76 0.69
72 61 12 1 12.73 0.22 0.00 1.11 0.69 1.42 0.89 0.83 0.81 0.78
7 55 38 0 12.73 0.26 0.00 0.67 0.75 1.30 0.89 0.52 1.25 1.20
57 71 31 0 12.74 0.08 0.00 0.54 1.58 1.43 1.19 1.10 0.87 0.75
21 43 25 0 12.74 0.13 0.00 1.06 1.02 1.46 0.90 0.75 0.98 1.23
42 73 36 1 12.74 0.26 0.00 1.21 0.99 1.79 1.21 1.15 1.00 0.66
34 27 8 0 12.74 0.30 0.00 0.73 1.08 1.21 1.16 0.92 0.78 0.79
58 72 31 0 12.74 0.30 0.00 0.39 1.52 1.41 1.06 0.92 0.71 0.71
78 43 18 1 12.75 0.05 0.09 0.19 0.55 2.64 0.97 0.70 0.54 0.72
32 20 38 1 12.75 0.26 0.00 0.27 1.04 1.20 0.82 0.63 0.79 1.08
69 73 34 0 12.75 0.32 0.00 0.91 0.62 1.82 1.07 0.72 0.53 1.38
67 54 36 1 12.76 0.34 0.00 0.62 0.65 1.38 0.83 0.79 0.47 0.75
58 41 34 1 12.77 0.18 0.00 0.74 0.86 1.08 0.97 1.14 1.07 1.00
71 15 20 1 12.77 0.21 0.00 0.66 1.60 1.64 0.95 1.44 0.98 0.69
74 58 38 0 12.78 0.20 0.00 0.58 0.70 2.25 1.38 0.77 0.51 0.47
34 80 36 0 12.78 0.28 0.00 0.53 1.85 2.13 1.32 1.13 1.07 0.83
39 26 19 0 12.78 0.71 0.00 0.73 0.56 1.62 1.41 1.57 1.55 1.21
40 50 31 0 12.79 0.13 0.00 0.56 1.43 1.49 1.29 1.21 0.77 0.64
58 80 33 0 12.79 0.37 0.00 0.41 1.06 1.07 1.14 1.24 0.93 0.90
70 0 41 0 12.79 0.40 0.00 0.45 1.03 1.22 1.22 1.40 1.34 1.31
26 18 36 0 12.80 0.08 0.00 0.46 0.58 1.01 0.95 0.86 0.94 1.01
68 33 12 1 12.80 0.25 0.00 0.93 1.36 1.56 1.15 0.91 0.85 0.76
28 21 8 0 12.81 0.05 0.00 0.85 0.90 1.19 1.14 0.87 0.82 0.90
26 65 3 0 12.81 0.11 0.00 0.92 0.74 1.21 1.14 0.90 0.86 0.90
25 2 13 0 12.81 0.14 0.00 0.29 1.44 1.65 1.54 1.40 0.93 0.74
16 15 16 0 12.81 0.15 0.00 0.43 0.69 1.26 1.14 0.70 0.66 0.57
50 44 7 0 12.81 0.18 0.00 0.61 1.14 1.44 1.30 1.22 1.44 1.50
66 15 16 0 12.82 0.10 0.00 0.38 0.47 1.48 1.57 0.70 1.11 1.48
8 53 29 0 12.82 0.10 0.00 0.42 0.88 1.49 0.97 0.59 0.57 1.54
46 40 7 0 12.82 0.19 0.00 0.61 1.15 1.48 1.37 1.29 1.40 1.47
22 67 6 0 12.82 0.48 0.00 0.74 0.74 1.24 0.80 1.12 1.39 1.45
68 12 35 1 12.82 0.59 0.00 0.87 1.14 2.33 1.30 0.91 0.57 0.61
35 8 30 1 12.83 0.10 0.00 0.91 0.61 2.11 1.75 1.51 1.20 0.90
17 51 37 0 12.83 0.13 0.00 0.64 0.81 1.05 1.13 0.99 0.89 0.89
35 46 35 1 12.83 0.13 0.00 0.27 0.75 1.36 1.65 1.55 1.14 1.04
24 48 29 0 12.83 0.20 0.00 0.32 0.68 1.42 0.99 0.64 0.46 0.81
35 82 25 1 12.83 0.20 0.00 0.53 0.73 1.10 0.87 0.88 0.64 0.81
58 31 29 1 12.83 0.83 0.00 0.16 0.94 1.61 1.81 1.22 1.16 0.99
32 66 37 1 12.84 0.19 0.00 0.19 0.87 1.49 1.09 0.83 0.66 0.48
42 2 12 0 12.84 0.28 0.00 0.79 1.27 1.65 1.67 1.19 1.12 0.99
48 19 36 0 12.84 0.30 0.00 0.51 0.81 1.11 1.05 1.16 1.44 1.28
37 76 6 1 12.85 0.09 0.00 0.44 1.67 1.49 1.23 1.16 1.12 1.11
34 73 26 0 12.85 0.12 0.00 0.99 1.17 2.15 1.53 1.37 1.13 0.75
5 67 10 1 12.85 0.26 0.00 0.31 0.66 1.44 1.02 0.66 1.86 1.30
27 82 33 0 12.85 0.33 0.00 0.54 0.25 1.78 1.40 1.17 1.16 0.69
56 29 29 1 12.85 0.46 0.00 0.18 1.05 1.76 1.86 1.33 0.91 0.92
40 73 38 1 12.86 0.10 0.00 0.34 0.73 1.19 0.72 0.65 0.66 0.80
58 40 31 1 12.86 0.12 0.08 0.76 0.91 1.28 0.98 0.86 0.78 0.71
38 22 10 0 12.86 0.15 0.00 0.56 1.03 1.11 1.32 1.13 1.04 0.87
69 25 29 0 12.86 0.23 0.00 0.21 0.95 1.50 0.78 0.65 0.50 0.88
41 82 11 1 12.86 0.28 0.00 0.56 1.78 1.85 1.26 1.30 1.00 0.83
78 37 21 1 12.86 0.28 0.00 0.80 1.02 1.14 1.07 1.11 0.99 0.94
39 20 38 1 12.86 0.30 0.00 0.33 1.89 1.82 0.92 0.82 0.95 1.12
32 26 35 1 12.87 0.12 0.00 1.05 0.55 1.41 1.23 1.24 1.07 0.84
1 0 27 1 12.87 0.15 0.00 0.45 1.12 1.10 1.06 1.11 0.86 0.72
20 9 25 1 12.87 0.15 0.00 0.30 1.07 1.15 1.06 1.01 1.02 1.45
20 9 35 0 12.87 0.28 0.00 0.53 0.70 1.39 1.76 1.33 0.95 0.66
48 26 39 0 12.87 0.36 0.00 0.48 0.88 1.28 1.32 0.91 0.67 0.55
24 67 37 1 12.88 0.28 0.00 0.26 0.68 1.11 1.06 1.18 1.12 1.40
44 77 38 1 12.88 0.36 0.00 0.44 0.73 1.18 0.79 0.75 0.61 0.69
36 52 37 1 12.89 0.02 0.13 0.71 1.12 1.54 1.32 1.09 0.77 0.70
47 21 34 1 12.89 0.22 0.00 0.62 0.54 1.51 1.78 1.06 0.85 0.63
25 14 35 0 12.90 0.14 0.00 0.77 0.65 1.34 1.60 1.36 0.99 0.89
30 80 36 0 12.90 0.22 0.00 0.98 1.16 1.40 1.22 1.06 0.88 1.02
64 20 23 1 12.90 0.23 0.00 0.33 0.36 1.57 1.65 1.32 0.89 0.70
52 1 16 0 12.90 0.24 0.00 0.44 0.48 1.39 1.31 1.12 1.14 1.76
33 24 32 0 12.90 0.31 0.00 0.43 1.02 1.26 1.27 1.59 1.27 1.22
37 80 39 0 12.91 0.10 0.00 0.47 0.67 1.25 1.36 0.87 0.76 0.54
32 82 34 0 12.91 0.15 0.00 0.78 0.86 1.14 0.75 0.83 0.85 0.82
24 36 8 0 12.91 0.22 0.00 0.10 0.80 1.42 1.31 0.90 1.25 1.11
45 28 34 1 12.92 0.06 0.00 0.54 1.69 1.47 1.06 0.98 0.86 0.79
74 45 10 1 12.92 0.23 0.00 0.54 1.61 1.59 0.79 1.19 0.91 0.56
63 71 20 0 12.92 0.39 0.00 1.13 1.15 1.57 1.23 1.02 1.01 0.90
33 27 35 1 12.93 0.03 0.00 0.93 0.46 1.33 1.22 1.21 0.96 0.99
39 19 15 1 12.93 0.19 0.00 0.71 1.46 1.77 1.47 0.79 0.77 1.12
73 2 18 1 12.93 0.55 0.00 0.52 0.66 2.16 1.21 0.60 0.49 0.50
57 22 4 1 12.94 0.26 0.00 0.52 0.52 2.93 1.66 0.89 0.55 1.07
38 55 32 1 12.94 0.33 0.00 0.45 1.69 1.89 1.48 1.25 1.27 1.08
15 66 36 0 12.94 0.39 0.00 0.45 1.82 1.63 0.98 1.11 0.78 0.92
18 50 23 0 12.95 0.18 0.00 0.29 0.49 2.01 1.46 1.29 0.68 0.42
29 68 26 0 12.95 0.36 0.00 0.94 1.16 2.13 1.69 1.28 1.04 0.77
28 78 20 0 12.96 0.06 0.00 0.38 0.91 1.05 1.04 1.37 1.22 0.98
31 63 12 1 12.96 0.06 0.03 0.68 0.57 1.13 1.13 1.26 0.99 0.98
28 52 10 0 12.96 0.08 0.00 0.47 1.39 1.26 1.22 1.07 0.80 0.78
45 19 34 1 12.96 0.10 0.00 0.62 0.51 1.43 1.57 1.13 0.85 0.55
44 6 31 1 12.96 0.28 0.00 0.51 0.46 1.10 1.25 1.12 1.11 1.00
38 7 37 1 12.96 0.35 0.00 0.39 0.70 1.32 1.35 1.49 1.36 1.49
24 1 7 1 12.96 0.44 0.00 0.70 1.44 1.78 1.50 1.23 1.24 1.29
75 10 29 0 12.97 0.18 0.00 0.33 0.45 1.77 0.91 0.51 0.48 1.06
13 6 8 0 12.97 0.35 0.00 0.99 0.58 1.60 0.77 0.51 1.06 0.93
17 16 16 0 12.98 0.14 0.00 0.58 0.88 1.27 1.09 0.75 0.72 0.53
58 50 35 1 12.98 0.15 0.00 0.66 1.20 1.99 1.57 1.10 0.56 0.63
60 33 29 1 12.98 0.23 0.00 0.15 0.87 1.50 1.72 1.24 1.07 0.96
17 10 8 0 12.98 0.24 0.00 0.93 0.46 1.43 0.87 0.60 0.99 0.97
43 41 3 0 12.99 0.68 0.00 0.56 1.39 1.56 1.53 1.49 1.12 0.96
44 18 20 0 13.00 0.41 0.00 0.93 1.07 1.53 1.52 1.00 0.83 0.78
48 21 29 0 13.01 0.12 0.00 0.24 0.55 1.22 1.53 1.25 0.98 1.03
49 81 26 0 13.01 0.13 0.00 0.53 1.25 1.57 1.67 1.52 1.18 0.91
46 29 34 1 13.01 0.23 0.00 0.59 1.64 1.49 1.11 1.00 0.82 0.76
13 54 41 0 13.01 0.30 0.00 0.36 0.48 1.16 1.05 1.16 1.31 1.42
18 68 4 1 13.01 0.42 0.00 0.40 1.18 1.85 2.01 1.28 0.92 0.78
32 49 32 1 13.02 0.07 0.00 0.51 1.11 1.43 1.16 1.40 1.55 1.49
37 64 18 1 13.03 0.23 0.00 0.43 1.49 1.58 1.23 1.35 1.39 1.38
16 60 34 1 13.03 0.33 0.00 0.27 1.58 2.34 1.38 0.93 0.67 0.68
48 31 34 1 13.03 0.34 0.00 0.68 1.26 1.17 1.05 1.09 0.93 0.92
28 38 31 1 13.04 0.19 0.00 0.80 1.29 1.64 1.21 0.82 0.72 0.58
38 62 38 1 13.04 0.24 0.00 0.37 0.36 1.47 1.43 1.46 1.41 1.11
44 76 26 0 13.04 0.25 0.00 0.70 1.48 1.66 1.50 1.32 1.01 0.86
14 26 10 0 13.04 0.30 0.00 0.50 0.81 2.36 1.16 0.63 0.50 0.46
44 13 37 1 13.04 0.30 0.00 0.41 0.73 1.66 1.86 1.72 1.18 0.85
73 17 20 1 13.04 0.47 0.00 0.62 1.58 1.65 0.85 1.40 0.98 0.60
38 81 12 0 13.04 0.51 0.00 0.61 0.89 1.05 0.97 0.90 0.79 0.88
15 56 24 0 13.05 0.06 0.00 1.04 0.88 1.47 0.85 0.68 1.11 1.32
50 80 11 1 13.05 0.08 0.00 0.23 0.78 1.13 1.14 1.36 1.36 0.99
55 38 31 0 13.05 0.26 0.00 1.13 0.93 1.49 1.27 1.18 1.15 1.02
31 0 37 1 13.05 0.37 0.00 0.38 0.70 1.34 1.40 1.39 1.42 1.52
46 55 18 1 13.05 0.43 0.00 0.50 1.75 1.61 1.19 1.07 0.80 0.85
63 36 29 1 13.06 0.08 0.00 0.17 0.78 1.37 1.69 1.17 0.96 1.00
54 37 31 0 13.06 0.12 0.00 1.03 0.91 1.38 1.27 1.28 1.02 1.03
41 50 18 1 13.06 0.38 0.00 0.63 1.57 1.38 1.15 1.08 0.89 1.00
50 64 9 1 13.07 0.15 0.00 0.57 0.36 1.33 1.30 1.02 0.77 0.68
15 74 34 1 13.08 0.03 0.00 0.73 0.65 1.43 1.24 0.77 0.54 0.69
35 62 18 1 13.08 0.10 0.00 0.46 1.51 1.64 1.14 1.29 1.37 1.52
37 63 38 1 13.08 0.23 0.00 0.79 0.73 1.18 0.83 1.11 1.19 1.41
27 38 35 1 13.08 0.43 0.00 0.19 0.47 1.26 1.34 1.18 0.94 1.17
11 70 34 1 13.09 0.19 0.00 0.68 0.60 1.53 1.17 0.69 0.49 0.69
44 63 38 1 13.09 0.25 0.00 0.84 1.62 1.68 1.13 1.15 0.98 0.82
35 2 36 0 13.09 0.26 0.00 0.77 1.60 1.73 1.19 1.07 0.79 0.71
35 67 26 0 13.09 0.42 0.00 0.69 1.46 1.67 1.53 1.30 1.11 0.78
27 15 37 1 13.10 0.16 0.03 0.63 1.33 1.38 1.04 0.76 0.69 0.79
60 26 7 0 13.10 0.24 0.00 0.49 0.73 1.22 0.72 0.72 1.03 1.64
48 32 10 0 13.10 0.26 0.00 0.34 1.57 1.57 0.97 0.95 0.68 0.59
61 69 12 1 13.10 0.32 0.00 0.44 0.83 2.09 1.92 1.39 0.79 0.52
7 20 23 1 13.11 0.24 0.00 0.79 0.54 2.03 1.04 0.68 0.59 0.46
43 53 31 0 13.11 0.27 0.00 0.59 1.39 1.54 1.41 1.16 0.84 0.59
56 19 36 0 13.12 0.02 0.00 0.75 0.75 1.32 1.32 1.43 1.11 1.44
30 40 31 1 13.12 0.15 0.00 0.81 1.35 1.56 1.14 0.86 0.73 0.64
50 23 29 0 13.12 0.27 0.00 0.30 0.61 1.19 1.59 1.22 1.00 1.12
15 52 15 0 13.13 0.06 0.00 0.49 1.11 1.58 1.06 1.52 1.59 1.61
30 69 26 0 13.13 0.30 0.00 0.90 1.23 2.13 1.68 1.33 1.09 0.82
58 66 34 1 13.13 0.30 0.00 0.60 0.44 1.93 1.94 1.19 0.74 0.75
28 39 35 1 13.13 0.38 0.00 0.29 0.72 1.23 1.52 1.48 1.18 1.09
43 17 20 0 13.14 0.06 0.00 0.92 1.34 1.66 1.49 1.07 0.99 1.03
37 79 36 0 13.14 0.08 0.00 0.84 1.06 1.40 1.46 1.37 1.18 0.89
66 37 10 1 13.14 0.28 0.00 0.73 1.77 2.07 1.22 1.02 1.10 0.74
31 23 15 0 13.14 0.39 0.00 0.45 1.08 1.18 1.06 0.86 0.64 0.71
49 60 35 0 13.15 0.26 0.00 0.37 0.75 1.36 1.71 1.61 1.06 0.86
18 28 31 1 13.16 0.32 0.00 0.14 0.86 1.40 1.16 0.82 0.72 0.59
46 39 8 0 13.17 0.26 0.00 0.65 1.34 1.36 1.12 0.90 0.68 0.70
28 48 29 0 13.17 0.56 0.00 0.23 0.35 2.13 1.76 1.37 0.84 0.77
38 0 31 1 13.18 0.19 0.00 0.58 0.52 1.43 1.75 1.45 1.13 0.89
62 51 4 0 13.19 0.06 0.00 1.10 0.52 1.47 1.27 0.98 0.83 0.98
54 23 18 0 13.19 0.11 0.00 0.88 0.76 1.56 1.45 0.86 0.60 0.69
38 79 41 0 13.19 0.57 0.00 0.35 0.45 1.14 1.08 1.13 1.33 1.30
25 43 18 0 13.20 0.17 0.00 0.48 0.64 1.82 2.15 1.31 0.81 0.91
39 1 31 1 13.20 0.19 0.00 0.54 0.51 1.10 1.31 1.24 1.12 1.02
70 27 35 1 13.20 0.33 0.00 0.35 0.51 2.36 0.86 0.55 0.40 0.79
48 13 4 1 13.21 0.28 0.00 0.45 0.56 2.61 2.08 1.14 0.71 0.87
31 72 41 0 13.21 0.33 0.00 0.30 0.47 1.11 1.13 1.12 1.18 1.27
22 10 37 1 13.21 0.38 0.03 0.66 1.27 1.29 0.92 0.89 0.73 0.75
43 15 10 1 13.21 0.59 0.00 0.98 1.34 2.05 1.47 1.18 1.06 0.72
19 61 10 1 13.22 0.08 0.00 0.71 1.16 1.28 1.01 0.61 0.88 1.05
32 64 7 1 13.22 0.12 0.00 0.47 1.07 1.09 1.00 1.20 1.18 1.31
40 74 10 0 13.22 0.22 0.00 1.04 0.89 1.86 1.43 1.01 0.68 0.60
25 68 18 1 13.22 0.37 0.00 0.45 0.37 1.90 1.95 1.28 0.91 0.81
50 33 34 1 13.23 0.08 0.00 0.51 1.33 1.13 1.03 1.07 0.93 0.94
53 16 36 0 13.23 0.17 0.00 0.88 1.00 1.44 1.43 1.37 1.20 1.20
40 65 7 1 13.23 0.37 0.00 0.27 1.04 1.11 1.00 0.82 0.71 0.90
35 73 18 1 13.24 0.23 0.00 0.43 0.93 1.05 1.09 1.03 0.80 0.68
37 30 31 1 13.24 0.27 0.00 0.61 1.37 1.99 1.69 1.52 1.27 0.84
18 30 8 0 13.24 0.35 0.00 0.09 0.68 1.36 1.08 1.08 1.07 1.15
36 10 6 1 13.24 0.53 0.00 0.90 1.46 1.96 1.50 1.01 0.96 1.15
81 58 10 0 13.25 0.03 0.00 0.49 0.29 2.50 0.83 0.51 0.70 0.77
49 66 34 1 13.25 0.15 0.00 0.56 1.79 1.85 1.39 0.95 0.99 0.83
74 9 29 0 13.25 0.15 0.00 0.52 0.49 1.56 0.94 0.52 0.51 1.05
31 65 4 0 13.25 0.35 0.00 0.44 0.55 2.37 2.02 1.09 0.58 0.86
10 53 39 1 13.25 0.37 0.00 1.08 0.98 1.96 1.53 1.11 0.76 0.68
77 54 24 1 13.26 0.18 0.00 1.13 0.70 1.41 0.77 0.73 1.11 1.01
53 31 39 0 13.26 0.22 0.00 0.39 0.86 1.22 1.37 1.03 0.71 0.57
31 56 18 1 13.26 0.31 0.00 0.39 0.26 1.51 1.36 1.36 0.96 0.91
63 19 29 0 13.27 0.07 0.00 0.20 1.03 1.45 0.93 0.72 0.57 0.62
78 24 38 0 13.27 0.23 0.00 0.76 0.78 1.31 0.86 0.59 0.74 0.67
24 10 38 0 13.28 0.04 0.00 0.28 0.99 2.32 2.10 1.18 1.01 1.33
46 77 36 1 13.28 0.13 0.00 1.16 0.90 2.05 1.36 1.11 0.74 0.61
67 40 14 1 13.28 0.35 0.00 0.77 1.47 1.47 1.30 1.12 0.97 0.81
46 60 40 0 13.28 0.37 0.00 0.19 1.67 1.75 1.31 0.92 0.91 0.83
12 41 34 1 13.28 0.40 0.00 0.41 0.58 2.89 1.61 0.69 0.51 0.91
52 33 3 0 13.29 0.12 0.00 0.59 0.38 1.47 1.54 1.37 1.22 1.22
46 80 31 0 13.29 0.14 0.09 0.52 1.02 1.44 1.44 0.98 0.70 0.61
77 36 21 1 13.29 0.19 0.00 0.98 1.10 1.30 1.12 1.10 1.13 0.99
31 20 35 0 13.29 0.51 0.00 0.70 0.58 1.37 1.72 1.32 1.00 0.87
26 76 20 0 13.30 0.19 0.00 0.46 0.92 1.11 1.12 1.49 1.30 1.09
35 28 31 1 13.30 0.21 0.00 0.66 1.35 2.15 1.74 1.49 1.18 0.88
70 17 18 1 13.30 0.30 0.00 0.93 0.73 1.78 1.43 0.72 0.60 0.67
29 82 7 1 13.30 0.32 0.00 0.95 0.98 1.50 1.27 1.17 1.20 1.50
38 78 16 1 13.30 0.59 0.00 0.63 1.84 1.76 1.01 1.00 1.07 1.22
76 24 34 0 13.31 0.16 0.00 0.43 1.58 1.31 1.13 1.07 0.87 0.84
13 47 37 0 13.31 0.18 0.00 0.70 0.94 1.11 1.27 1.04 0.88 0.89
39 31 35 0 13.31 0.18 0.00 0.62 0.65 1.22 1.14 0.83 0.68 0.58
39 56 32 1 13.31 0.21 0.00 0.69 1.73 1.88 1.36 1.16 1.16 1.02
52 17 3 1 13.31 0.25 0.00 0.28 1.44 1.55 0.49 1.33 1.25 0.90
67 50 6 0 13.31 0.28 0.00 1.35 1.06 2.07 1.14 1.19 1.06 0.94
15 49 37 0 13.31 0.30 0.00 0.65 0.91 1.08 1.27 1.00 0.91 0.81
33 78 31 1 13.32 0.05 0.00 0.64 0.90 1.99 1.90 1.49 0.97 0.59
23 1 18 1 13.32 0.10 0.00 0.73 0.34 2.05 1.59 1.34 1.36 1.25
50 43 8 0 13.32 0.10 0.00 0.60 1.31 1.31 1.09 0.97 0.68 0.65
6 65 23 0 13.32 0.12 0.00 0.13 0.31 1.72 1.14 0.87 0.75 0.77
56 38 39 1 13.32 0.16 0.00 0.33 0.86 1.16 0.65 0.74 0.81 0.62
50 39 29 1 13.32 0.27 0.00 0.71 0.72 2.13 1.95 1.60 0.91 0.81
51 45 7 0 13.33 0.06 0.00 0.54 1.05 1.41 1.32 1.24 1.43 1.62
16 77 13 0 13.33 0.22 0.00 0.87 1.27 1.47 1.26 1.12 0.94 0.64
32 6 6 1 13.33 0.25 0.00 0.74 1.44 1.92 1.73 1.06 0.98 1.09
43 10 36 0 13.33 0.29 0.00 0.72 1.65 1.84 1.27 0.96 0.77 0.71
51 74 32 1 13.33 0.30 0.00 0.31 1.52 1.84 1.42 1.46 1.28 1.34
31 5 6 1 13.33 0.40 0.00 0.84 1.49 2.07 1.61 1.06 0.98 1.04
53 26 29 0 13.34 0.03 0.00 0.27 0.59 1.39 1.82 1.27 0.88 0.79
22 61 26 0 13.34 0.20 0.00 0.62 0.64 1.27 1.59 1.43 1.23 0.99
37 31 20 0 13.34 0.23 0.00 0.55 0.96 1.15 1.06 0.78 0.63 0.80
1 34 33 0 13.34 0.29 0.00 0.42 1.01 1.07 1.08 1.04 0.77 0.69
55 33 39 0 13.34 0.32 0.00 0.42 0.92 1.24 1.53 1.07 0.84 0.58
70 41 10 1 13.35 0.21 0.00 0.69 1.81 2.07 1.09 1.05 1.00 0.66
39 80 11 1 13.35 0.25 0.00 0.57 1.74 1.66 1.14 1.15 0.94 0.66
24 2 18 1 13.35 0.47 0.00 0.76 0.36 2.37 1.79 1.22 1.18 1.05
10 42 23 0 13.36 0.24 0.00 0.34 0.47 2.14 1.50 1.36 0.69 0.42
43 75 34 1 13.36 0.34 0.00 0.42 1.79 1.91 0.97 0.79 0.74 0.64
13 7 20 0 13.37 0.17 0.00 0.54 1.64 1.79 0.70 0.69 1.07 1.42
33 74 41 0 13.37 0.24 0.00 0.42 0.54 1.16 1.13 1.18 1.41 1.42
11 59 38 0 13.37 0.28 0.00 0.98 0.91 1.36 0.86 0.63 1.22 1.01
23 16 8 0 13.37 0.39 0.00 0.93 0.59 1.32 1.13 0.64 0.92 1.08
31 70 26 0 13.37 0.45 0.00 0.97 1.16 2.10 1.66 1.29 1.02 0.75
30 69 3 0 13.38 0.06 0.00 1.01 0.96 1.35 1.22 0.94 0.75 0.87
32 82 36 0 13.38 0.07 0.00 0.91 1.31 1.37 1.16 1.01 0.90 1.04
70 59 12 1 13.38 0.09 0.00 1.03 0.64 1.32 0.81 0.85 0.81 0.73
38 12 3 0 13.38 0.28 0.00 0.06 0.94 1.79 1.08 0.95 0.90 0.72
51 16 4 1 13.38 0.39 0.00 0.50 0.48 2.64 1.84 1.11 0.55 0.93
56 49 31 1 13.39 0.15 0.00 0.43 0.63 1.08 1.22 1.01 1.15 1.41
54 76 33 0 13.39 0.34 0.00 0.45 1.26 1.12 1.15 1.22 0.95 1.02
23 65 5 1 13.39 0.55 0.00 0.46 1.13 1.13 1.21 1.24 1.37 0.98
23 8 32 1 13.40 0.07 0.00 1.05 1.08 1.34 0.95 1.16 1.07 1.11
14 62 38 0 13.40 0.12 0.00 0.98 0.95 1.34 0.88 0.67 1.25 1.02
46 78 26 0 13.40 0.16 0.00 0.47 1.29 1.61 1.61 1.61 1.22 0.80
11 53 10 1 13.40 0.21 0.00 0.53 0.86 1.07 0.98 0.67 0.93 1.17
48 21 37 0 13.40 0.52 0.00 0.59 1.06 1.27 0.85 0.87 0.61 0.59
27 51 10 0 13.41 0.19 0.00 0.53 1.58 1.37 1.14 1.16 0.90 0.74
46 19 37 0 13.42 0.14 0.00 0.68 0.95 1.19 0.88 0.89 0.65 0.66
43 54 35 1 13.42 0.16 0.00 0.29 1.30 2.08 1.90 1.44 1.11 0.82
65 81 23 1 13.42 0.30 0.00 0.29 0.60 1.95 1.97 1.63 1.29 0.93
45 54 18 1 13.42 0.39 0.00 0.49 1.77 1.50 1.11 0.98 0.93 0.80
32 74 35 1 13.42 0.42 0.00 0.71 0.67 1.43 1.65 1.19 0.89 0.57
68 39 10 1 13.43 0.14 0.00 0.77 1.76 2.09 1.13 1.10 0.87 0.72
69 18 4 0 13.43 0.16 0.00 0.92 0.67 1.70 1.24 0.75 0.54 1.34
39 50 35 1 13.43 0.30 0.00 0.30 1.07 1.85 2.04 1.44 1.15 0.97
1 42 31 0 13.43 0.32 0.00 0.41 1.10 1.07 0.89 0.91 0.82 0.69
63 38 32 1 13.44 0.19 0.00 0.21 1.16 1.29 0.78 1.37 1.43 1.18
45 82 8 1 13.44 0.25 0.00 1.05 0.90 1.47 1.37 0.82 0.79 0.87
50 72 33 0 13.44 0.26 0.00 0.44 1.25 1.09 1.08 1.19 1.09 1.03
51 33 39 1 13.44 0.41 0.00 0.30 0.96 1.25 0.60 0.70 0.75 0.64
61 17 29 0 13.45 0.19 0.00 0.24 1.09 1.43 0.87 0.78 0.50 0.67
47 71 12 0 13.45 0.24 0.00 0.97 0.66 1.95 1.65 1.56 1.26 1.10
25 67 8 1 13.45 0.28 0.00 0.76 1.65 1.58 0.97 0.83 0.83 0.81
68 33 18 1 13.45 0.35 0.02 0.92 0.75 2.42 1.52 0.82 0.58 0.67
30 78 40 0 13.45 0.53 0.00 0.37 1.59 1.92 0.84 0.53 0.67 0.99
56 29 29 0 13.46 0.15 0.00 0.28 0.53 1.37 1.77 1.21 0.85 0.74
46 44 3 0 13.46 0.31 0.00 0.58 1.61 1.99 1.62 1.31 0.91 0.86
33 75 36 1 13.46 0.41 0.00 0.90 0.88 1.28 0.84 0.78 0.71 0.72
76 7 35 1 13.46 0.53 0.00 0.30 0.72 2.59 2.00 0.84 0.62 1.12
13 54 24 0 13.47 0.06 0.00 0.90 0.75 1.30 0.77 0.70 1.26 1.30
47 57 31 0 13.47 0.11 0.00 0.56 1.48 2.05 1.43 1.04 0.81 0.47
33 0 36 0 13.47 0.13 0.00 0.83 1.56 1.70 1.25 0.92 0.83 0.76
55 77 33 0 13.47 0.15 0.00 0.46 1.37 1.15 1.10 1.19 1.07 0.92
53 22 18 0 13.47 0.42 0.00 0.79 0.77 1.55 1.38 0.76 0.55 0.65
29 22 8 0 13.48 0.03 0.00 0.70 1.21 1.23 1.18 0.96 0.74 0.77
40 81 41 0 13.48 0.10 0.00 0.39 0.58 1.12 1.11 1.13 1.25 1.49
46 13 36 0 13.48 0.18 0.00 0.76 1.65 1.92 1.37 0.97 0.80 0.78
22 19 8 0 13.48 0.30 0.00 0.38 1.48 1.32 0.63 0.80 0.96 1.16
54 79 15 0 13.48 0.30 0.00 0.53 1.09 1.38 1.41 1.50 1.27 1.41
61 7 38 1 13.49 0.17 0.00 0.52 0.45 1.16 0.99 0.72 1.00 1.36
34 46 8 0 13.49 0.27 0.00 0.06 0.96 1.81 1.20 1.07 0.91 1.01
69 7 21 0 13.50 0.15 0.00 0.39 1.22 1.10 1.17 1.06 0.98 0.76
69 53 38 0 13.50 0.17 0.00 0.51 0.71 2.12 1.44 0.75 0.51 0.44
61 28 10 0 13.50 0.21 0.00 0.24 0.68 1.21 1.60 1.17 0.91 1.17
49 79 11 1 13.51 0.07 0.00 0.21 0.95 1.13 1.08 1.43 1.17 1.05
26 15 35 0 13.51 0.10 0.00 0.84 0.61 1.32 1.55 1.27 0.97 0.83
57 40 31 0 13.51 0.17 0.00 0.97 0.94 1.27 1.27 1.12 1.00 1.10
74 3 18 1 13.51 0.26 0.00 0.51 0.57 2.12 1.13 0.69 0.46 0.45
71 42 10 1 13.51 0.34 0.00 0.68 1.87 2.31 1.14 1.04 1.06 0.77
45 2 15 1 13.52 0.12 0.02 0.73 1.31 1.40 1.38 1.25 1.18 1.12
78 67 12 1 13.52 0.21 0.00 1.01 0.68 1.27 0.94 1.04 0.78 0.72
38 63 7 1 13.52 0.23 0.00 0.29 0.99 1.08 1.07 0.88 0.70 0.86
52 77 15 0 13.52 0.54 0.00 0.56 1.15 1.53 1.45 1.55 1.37 1.41
45 14 37 0 13.53 0.09 0.00 0.40 0.88 1.10 0.98 0.95 0.69 0.60
45 77 26 0 13.53 0.12 0.00 0.56 1.10 1.33 1.52 1.51 1.26 0.85
51 34 34 1 13.53 0.17 0.00 0.75 1.30 1.19 1.00 1.03 1.00 0.99
36 22 38 0 13.53 0.27 0.00 0.57 1.20 1.22 1.47 1.21 1.07 0.85
36 33 8 0 13.53 0.30 0.00 0.46 0.99 1.84 1.73 1.71 1.43 1.26
13 42 34 1 13.53 0.46 0.00 0.35 0.74 3.22 1.57 0.71 0.57 1.02
43 25 39 1 13.53 0.47 0.00 0.32 1.08 1.30 0.66 0.75 0.64 0.63
30 22 36 0 13.54 0.06 0.00 0.17 1.34 1.82 1.66 1.07 0.92 0.69
62 44 39 1 13.54 0.06 0.00 0.29 0.80 1.06 0.74 1.06 1.01 0.60
56 5 34 1 13.54 0.25 0.00 0.35 0.99 1.01 0.84 0.98 1.12 0.76
36 77 41 0 13.54 0.28 0.00 0.41 0.53 1.08 1.09 1.10 1.25 1.36
23 71 40 0 13.54 0.30 0.00 0.39 1.66 2.07 0.86 0.54 0.70 0.92
10 54 34 1 13.54 0.39 0.00 0.09 0.85 2.71 1.25 0.74 0.62 0.96
36 77 11 1 13.54 0.53 0.00 0.54 1.90 1.97 1.11 0.99 0.85 0.71
49 51 8 0 13.55 0.04 0.00 0.23 1.07 1.37 1.53 1.39 1.32 1.15
41 19 39 0 13.55 0.06 0.00 0.62 1.27 1.79 1.37 1.02 0.63 0.48
23 12 35 0 13.55 0.26 0.00 0.70 0.70 1.36 1.64 1.44 1.03 0.71
35 61 38 1 13.55 0.26 0.00 0.83 0.88 1.22 0.83 1.17 1.33 1.38
49 12 36 0 13.55 0.29 0.00 0.80 1.21 1.65 1.76 1.25 1.11 0.96
45 6 19 0 13.56 0.12 0.00 0.86 0.95 1.16 0.69 1.03 0.96 0.81
35 29 35 1 13.56 0.16 0.00 0.97 0.58 1.31 1.28 1.31 1.11 1.03
42 15 30 1 13.56 0.16 0.00 1.01 0.54 1.80 1.31 1.53 1.34 1.32
40 29 29 1 13.56 0.18 0.00 0.86 0.69 1.81 1.68 1.64 1.04 0.71
76 20 20 1 13.56 0.24 0.00 0.51 1.61 1.59 0.99 1.59 0.99 0.68
23 11 37 1 13.56 0.28 0.02 0.60 1.32 1.28 0.93 0.86 0.69 0.78
29 49 29 0 13.56 0.29 0.00 0.26 0.37 2.17 1.85 1.43 0.90 0.74
23 12 25 1 13.56 0.41 0.00 0.29 1.07 1.17 1.16 0.97 1.04 1.53
49 32 34 1 13.57 0.03 0.00 0.51 1.34 1.16 1.23 1.14 1.04 0.94
22 7 32 1 13.57 0.12 0.00 1.02 1.04 1.41 1.13 1.27 1.37 1.10
27 4 7 1 13.57 0.13 0.00 0.72 1.33 1.69 1.62 1.17 1.19 1.35
7 66 23 0 13.57 0.20 0.00 0.15 0.30 1.72 1.17 0.87 0.72 0.75
38 1 36 0 13.57 0.42 0.00 0.74 1.45 1.82 1.66 1.26 1.13 0.97
58 39 3 0 13.58 0.28 0.00 0.69 0.47 1.34 1.46 1.25 1.32 1.26
30 68 18 1 13.59 0.14 0.00 0.50 0.63 0.97 0.96 1.00 0.93 0.92
47 78 36 1 13.59 0.47 0.00 1.19 0.91 1.91 1.32 1.15 0.81 0.61
56 5 16 0 13.60 0.02 0.00 0.46 0.43 1.58 1.22 1.11 1.48 1.84
35 74 26 0 13.60 0.04 0.00 0.94 1.13 2.19 1.74 1.34 1.09 0.77
12 53 24 0 13.60 0.23 0.00 0.87 0.86 1.33 0.76 0.63 1.31 1.22
53 34 3 0 13.60 0.36 0.00 0.61 0.45 1.29 1.43 1.37 1.25 1.23
52 59 32 0 13.61 0.03 0.00 0.68 1.17 1.37 1.10 0.86 0.68 0.55
33 67 37 1 13.61 0.14 0.00 0.15 0.87 1.70 1.08 0.82 0.55 0.51
48 39 18 1 13.61 0.20 0.00 0.56 1.63 1.84 1.30 0.87 0.72 0.61
32 50 18 0 13.61 0.28 0.00 0.46 0.70 1.74 2.04 1.62 1.02 0.96
56 80 12 0 13.61 0.37 0.00 0.90 0.65 1.97 1.68 1.63 1.25 1.14
50 60 31 0 13.62 0.28 0.00 0.65 1.54 1.97 1.29 1.07 0.74 0.51
35 47 39 1 13.62 0.41 0.00 0.48 1.88 2.41 1.16 0.89 0.77 1.17
69 40 10 1 13.63 0.08 0.00 0.56 1.90 1.84 0.96 1.16 1.14 0.72
43 26 34 1 13.63 0.09 0.00 0.70 1.57 1.47 1.20 1.07 0.86 0.74
38 81 37 1 13.63 0.16 0.00 0.43 0.95 1.53 1.62 1.55 1.48 1.36
13 38 7 0 13.63 0.20 0.00 0.23 0.84 1.02 0.89 0.84 0.95 0.90
47 69 33 0 13.63 0.24 0.00 0.56 1.36 1.33 1.22 1.35 1.20 1.32
63 41 34 0 13.63 0.49 0.00 0.88 1.16 2.26 1.81 1.23 1.22 1.12
10 32 25 0 13.64 0.13 0.00 0.71 0.77 1.14 0.72 0.72 1.27 1.20
70 39 11 0 13.64 0.36 0.00 0.95 0.77 1.17 0.95 1.07 0.87 0.77
31 28 4 0 13.65 0.19 0.00 0.64 1.03 1.40 1.21 1.31 1.50 1.57
28 49 13 0 13.65 0.28 0.00 1.01 0.89 1.27 0.91 0.79 1.12 1.20
42 76 10 0 13.65 0.33 0.00 0.87 0.96 1.72 1.40 0.89 0.60 0.56
24 18 35 1 13.65 0.34 0.00 0.75 0.37 1.84 1.74 1.25 0.93 0.70
44 42 3 0 13.66 0.12 0.00 0.68 1.54 1.59 1.45 1.34 1.07 0.93
27 22 36 1 13.66 0.15 0.00 0.60 1.79 1.67 1.22 1.10 0.87 0.83
39 0 19 0 13.66 0.17 0.00 0.78 1.21 1.22 0.63 0.97 1.03 0.95
47 12 4 1 13.66 0.17 0.00 0.54 0.55 2.58 1.92 1.18 0.60 0.72
23 17 35 1 13.66 0.20 0.00 0.98 0.45 2.00 1.61 1.39 1.02 0.72
3 46 39 1 13.66 0.36 0.00 0.53 0.35 2.34 0.90 0.73 0.51 0.52
1 0 41 1 13.66 0.53 0.00 0.50 1.17 1.11 1.11 1.18 0.80 0.75
32 23 32 0 13.67 0.15 0.00 0.51 0.87 1.29 1.45 1.56 1.42 1.19
47 39 9 0 13.67 0.15 0.00 0.90 0.48 1.39 1.35 1.43 1.14 1.07
45 2 4 1 13.67 0.93 0.00 0.53 0.97 1.76 1.36 0.78 0.38 0.87
50 75 15 1 13.68 0.05 0.00 0.73 1.43 1.80 1.32 1.11 0.75 0.53
68 24 29 0 13.68 0.16 0.00 0.18 0.98 1.44 0.79 0.77 0.49 0.80
45 37 35 0 13.68 0.30 0.00 0.59 0.56 1.37 1.27 0.90 0.53 0.61
72 1 39 0 13.68 0.32 0.00 0.21 0.35 2.05 1.71 1.44 1.23 1.13
64 71 32 1 13.68 0.40 0.00 0.52 1.28 1.29 1.18 1.55 1.21 1.23
54 51 25 0 13.69 0.06 0.00 0.85 0.99 1.94 1.77 1.59 1.18 0.86
77 50 28 0 13.69 0.15 0.00 0.30 0.69 1.54 1.40 1.85 1.41 1.35
31 42 35 1 13.69 0.23 0.00 0.33 0.67 1.20 1.54 1.41 1.28 1.10
44 9 3 1 13.69 0.24 0.00 0.24 1.38 1.60 0.45 1.25 1.33 0.90
54 18 10 0 13.69 0.28 0.00 1.06 1.06 1.49 0.78 0.70 0.88 1.20
41 13 10 1 13.69 0.61 0.00 0.97 1.39 1.98 1.43 1.29 1.09 0.73
37 61 38 1 13.70 0.08 0.00 0.33 0.35 1.65 1.60 1.50 1.36 1.15
35 9 6 1 13.70 0.15 0.00 0.82 1.52 1.88 1.58 1.07 0.98 1.07
45 12 36 0 13.70 0.17 0.00 0.71 1.68 1.80 1.19 1.00 0.76 0.66
48 57 18 1 13.70 0.17 0.00 0.49 1.88 1.72 1.17 0.99 0.84 0.84
27 48 13 0 13.70 0.28 0.00 0.88 0.76 1.23 1.06 0.68 1.06 1.25
5 53 38 0 13.70 0.37 0.00 0.94 0.72 1.41 0.87 0.56 1.36 1.10
36 29 31 1 13.70 0.40 0.00 0.62 1.26 2.02 1.86 1.51 1.11 0.79
27 13 38 0 13.70 0.52 0.00 0.32 1.15 2.34 2.06 1.19 1.06 1.33
40 7 36 0 13.71 0.23 0.00 0.79 1.58 1.74 1.16 0.91 0.76 0.65
33 71 18 1 13.71 0.24 0.00 0.44 0.76 1.00 1.02 1.08 0.72 0.84
68 13 40 0 13.72 0.11 0.00 0.72 1.78 1.73 0.94 1.24 1.21 0.82
42 11 37 1 13.72 0.15 0.00 0.49 0.86 1.74 1.96 1.70 1.15 0.89
48 42 7 0 13.72 0.42 0.00 0.53 1.04 1.49 1.41 1.28 1.49 1.64
18 52 37 0 13.73 0.04 0.00 0.62 0.89 1.03 1.21 1.11 0.98 0.92
81 82 3 1 13.73 0.15 0.00 0.46 1.09 1.07 1.01 0.95 0.76 0.72
45 63 15 1 13.73 0.32 0.00 0.20 0.78 1.21 0.80 0.63 0.67 0.95
52 41 29 1 13.73 0.41 0.00 0.77 0.67 2.24 1.94 1.59 1.02 0.82
20 70 4 1 13.74 0.12 0.00 0.46 1.22 1.86 2.01 1.26 1.06 0.68
39 63 38 1 13.74 0.18 0.00 0.39 0.37 1.61 1.50 1.53 1.54 1.17
40 14 40 1 13.74 0.27 0.00 0.68 1.42 1.26 1.15 0.99 1.00 1.15
36 78 36 1 13.74 0.37 0.00 1.02 0.93 1.45 1.11 0.84 0.64 0.75
13 23 34 1 13.75 0.13 0.00 1.11 0.61 1.72 1.14 0.86 0.54 0.91
30 48 18 0 13.75 0.18 0.00 0.37 0.70 1.58 2.05 1.49 0.98 0.95
64 31 10 0 13.75 0.21 0.00 0.23 0.52 1.37 1.81 1.08 0.97 1.11
13 50 15 0 13.75 0.31 0.00 0.68 0.94 1.50 1.07 1.47 1.60 1.60
55 24 18 0 13.75 0.46 0.00 0.80 0.87 1.50 1.43 0.81 0.54 0.76
50 75 23 1 13.75 0.51 0.00 0.43 0.35 1.39 1.55 1.28 0.98 0.67
56 37 3 0 13.75 0.55 0.00 0.66 0.40 1.28 1.42 1.23 1.21 1.16
41 66 7 1 13.76 0.28 0.00 0.24 1.06 1.08 0.95 0.90 0.73 0.87
68 55 36 1 13.76 0.51 0.00 0.62 0.64 1.20 1.01 0.72 0.55 0.97
70 54 38 0 13.77 0.23 0.00 0.56 0.78 1.99 1.37 0.74 0.46 0.48
25 19 35 1 13.77 0.31 0.00 0.78 0.36 1.92 1.78 1.17 1.03 0.70
23 47 29 0 13.77 0.42 0.00 0.32 0.55 1.35 1.11 0.73 0.45 0.86
63 79 23 1 13.78 0.08 0.00 0.32 0.56 1.92 2.03 1.61 1.22 0.96
40 5 3 1 13.78 0.10 0.00 0.27 1.38 1.47 0.49 1.28 1.33 0.83
29 40 35 1 13.78 0.12 0.00 0.20 0.68 1.27 1.55 1.42 1.12 1.08
7 49 2 0 13.78 0.19 0.00 1.07 0.48 1.60 1.26 0.95 0.64 0.88
46 25 16 0 13.78 0.32 0.00 1.12 1.14 1.84 1.21 0.97 0.66 0.70
75 19 20 1 13.78 0.35 0.00 0.54 1.62 1.67 0.89 1.59 0.94 0.64
35 77 36 1 13.79 0.06 0.00 0.93 1.10 1.33 0.98 0.80 0.74 0.74
47 41 7 0 13.79 0.10 0.00 0.49 1.04 1.38 1.26 1.28 1.58 1.58
54 81 29 1 13.79 0.15 0.00 0.10 1.14 1.67 1.42 1.21 0.87 0.76
62 18 29 0 13.79 0.18 0.00 0.17 1.03 1.52 0.97 0.70 0.51 0.72
63 30 10 0 13.79 0.26 0.00 0.25 0.58 1.42 1.90 1.16 1.00 1.19
29 14 32 1 13.80 0.17 0.00 0.99 1.30 1.41 1.13 1.16 1.00 0.88
49 66 13 0 13.80 0.17 0.00 0.77 1.61 2.09 1.42 1.04 0.93 0.63
43 35 9 0 13.80 0.33 0.00 0.92 0.44 1.42 1.36 1.31 1.17 1.11
30 37 18 1 13.81 0.21 0.00 0.45 0.35 1.55 1.34 0.78 0.52 1.08
39 72 38 1 13.81 0.21 0.00 0.34 0.64 1.11 0.61 0.69 0.77 0.98
40 51 35 1 13.81 0.44 0.00 0.28 1.09 1.81 1.96 1.58 1.02 0.96
2 43 41 1 13.82 0.07 0.00 1.02 0.96 1.30 0.84 0.98 0.78 0.73
69 18 16 0 13.82 0.08 0.00 0.36 0.43 1.59 1.65 0.74 1.13 1.59
48 41 3 0 13.82 0.13 0.00 0.89 1.34 1.49 1.04 0.71 0.94 1.30
60 49 40 0 13.82 0.21 0.00 0.69 0.29 1.42 1.26 1.28 1.17 0.85
55 18 36 0 13.83 0.12 0.00 0.79 0.90 1.63 1.61 1.52 1.19 1.43
34 3 11 1 13.83 0.30 0.00 0.72 1.40 1.84 1.69 1.41 1.13 1.00
56 48 35 1 13.83 0.64 0.00 0.68 1.31 1.83 1.44 1.19 0.64 0.55
53 76 32 1 13.83 0.66 0.00 0.30 1.92 1.82 1.21 0.91 1.00 1.06
59 46 15 1 13.84 0.07 0.09 0.64 0.95 1.60 1.30 1.15 1.45 1.68
25 50 18 1 13.84 0.15 0.00 0.25 0.36 1.83 1.55 1.16 0.68 0.54
15 77 31 0 13.84 0.17 0.00 0.15 0.92 1.11 1.01 1.08 1.02 0.87
59 36 12 1 13.84 0.27 0.00 1.07 1.43 1.74 1.15 1.13 0.92 0.79
45 79 31 0 13.85 0.07 0.11 0.51 0.98 1.43 1.26 0.79 0.69 0.55
28 4 35 0 13.85 0.17 0.00 0.75 1.14 1.33 1.10 0.85 0.71 0.58
24 49 18 1 13.85 0.22 0.00 0.25 0.31 1.86 1.64 1.19 0.81 0.64
33 12 16 0 13.85 0.27 0.00 0.28 2.00 2.23 0.80 0.89 0.97 0.89
14 48 37 0 13.86 0.07 0.00 0.77 0.79 1.05 1.16 1.05 0.98 0.94
34 51 32 1 13.86 0.18 0.00 0.59 1.76 1.85 1.41 1.26 1.11 1.09
48 67 38 1 13.87 0.06 0.00 0.68 1.59 2.15 1.23 0.94 0.61 0.63
35 52 32 1 13.87 0.07 0.00 0.52 1.81 2.01 1.49 1.12 1.19 1.01
67 11 35 1 13.87 0.15 0.00 0.90 1.19 2.20 1.37 0.81 0.65 0.56
34 76 35 1 13.87 0.17 0.00 0.79 0.74 1.51 1.57 1.24 0.86 0.50
59 0 12 1 13.87 0.20 0.00 0.67 0.94 1.38 0.99 0.63 0.67 0.53
68 41 29 1 13.87 0.20 0.00 0.12 0.76 1.31 1.50 1.08 1.01 0.98
78 62 38 0 13.87 0.43 0.00 0.58 0.45 2.32 1.16 0.67 0.50 0.50
56 49 3 0 13.88 0.19 0.00 0.95 0.97 1.19 0.85 0.92 0.85 0.99
48 70 33 0 13.88 0.20 0.00 0.43 1.15 1.04 1.14 1.16 0.93 0.92
58 75 34 1 13.88 0.25 0.00 0.71 1.57 1.43 1.26 0.98 0.96 0.83
50 18 34 1 13.88 0.33 0.00 0.87 1.25 1.47 1.46 1.14 1.29 1.08
63 67 34 0 13.88 0.52 0.00 0.85 0.71 1.53 0.99 0.70 0.51 1.35
48 59 35 1 13.88 0.53 0.00 0.36 1.41 2.25 1.87 1.39 0.99 0.73
45 11 35 0 13.89 0.21 0.00 0.50 0.67 1.76 1.99 1.66 1.27 0.93
38 31 8 0 13.89 0.24 0.00 0.66 1.20 1.21 1.08 0.96 0.72 0.67
46 24 39 0 13.89 0.24 0.00 0.60 0.93 1.28 1.39 1.06 0.69 0.54
37 2 4 1 13.89 0.39 0.00 0.51 0.65 2.07 2.17 1.40 0.80 0.78
35 77 36 0 13.90 0.10 0.00 0.83 1.04 1.35 1.48 1.38 1.20 0.95
31 49 18 0 13.90 0.12 0.00 0.34 0.76 1.75 2.09 1.55 0.93 0.83
50 73 32 1 13.90 0.36 0.00 0.30 1.50 1.58 1.27 1.29 1.45 1.37
4 70 4 0 13.91 0.04 0.03 0.51 1.37 2.15 1.83 1.26 0.92 1.30
64 80 23 1 13.91 0.18 0.00 0.35 0.62 1.84 2.08 1.59 1.18 0.98
69 34 18 1 13.92 0.10 0.04 0.92 0.84 2.33 1.54 0.92 0.63 0.57
51 16 3 1 13.92 0.12 0.00 0.23 1.51 1.66 0.47 1.06 1.33 0.91
20 51 25 1 13.93 0.14 0.11 0.42 0.96 1.09 1.05 1.11 0.91 1.13
23 66 18 1 13.93 0.15 0.00 0.38 0.34 1.82 1.93 1.24 0.91 0.76
52 44 9 0 13.93 0.35 0.00 0.77 0.60 1.86 1.79 1.69 1.20 0.77
31 38 18 1 13.94 0.02 0.00 0.47 0.28 1.62 1.28 0.73 0.60 1.11
37 4 36 0 13.94 0.15 0.00 0.85 1.50 1.62 1.17 0.97 0.74 0.71
33 28 36 1 13.94 0.17 0.00 0.57 1.90 1.69 1.13 1.07 0.93 0.99
50 58 20 0 13.94 0.21 0.00 1.00 1.39 1.58 1.25 1.11 0.90 1.04
22 40 18 0 13.94 0.28 0.00 0.46 0.65 1.99 2.18 1.52 0.91 0.91
35 55 29 0 13.94 0.30 0.00 0.56 0.67 1.05 1.28 1.35 1.10 0.99
22 65 18 1 13.94 0.38 0.00 0.40 0.33 2.00 1.92 1.27 0.86 0.78
57 50 8 0 13.95 0.06 0.00 0.54 1.29 1.28 1.03 0.90 0.64 0.64
50 69 38 1 13.95 0.22 0.00 0.67 1.53 2.08 1.30 1.03 0.57 0.64
62 11 4 0 13.95 0.26 0.00 1.03 0.93 1.67 1.33 0.89 0.54 1.01
33 9 25 0 13.96 0.04 0.00 0.37 0.89 0.99 0.91 0.76 0.96 1.12
42 7 15 1 13.96 0.06 0.00 0.51 0.97 1.13 1.09 0.92 1.28 1.53
71 48 24 1 13.96 0.12 0.00 1.06 0.69 1.23 0.88 0.84 1.00 1.08
56 79 32 1 13.96 0.14 0.00 0.34 1.93 1.74 1.11 0.81 1.00 1.03
39 32 8 0 13.96 0.19 0.00 0.69 1.34 1.41 1.13 0.91 0.68 0.60
42 0 11 1 13.96 0.36 0.00 0.36 1.31 1.26 1.29 1.51 1.22 0.96
49 59 31 0 13.96 0.39 0.00 0.64 1.49 1.96 1.34 1.10 0.76 0.48
27 61 10 0 13.98 0.03 0.00 1.04 0.84 1.26 1.20 1.11 0.90 0.85
17 67 4 1 13.98 0.06 0.00 0.46 1.29 1.83 1.89 1.39 0.96 0.68
67 14 18 1 13.98 0.19 0.00 1.11 0.78 1.97 1.37 0.86 0.59 0.67
51 43 35 0 13.98 0.24 0.00 0.50 0.47 1.32 1.27 0.89 0.52 0.71
78 25 18 1 13.98 0.58 0.00 0.47 0.39 2.13 1.16 0.55 0.47 0.73
30 72 13 1 13.99 0.06 0.00 0.70 1.55 1.47 1.32 0.99 0.82 0.80
15 27 10 0 13.99 0.20 0.00 0.44 0.71 2.31 1.17 0.56 0.51 0.44
6 48 20 1 13.99 0.21 0.00 0.31 0.85 1.02 0.83 0.81 0.75 0.84
55 46 19 0 13.99 0.25 0.00 0.95 0.80 1.27 0.82 0.72 0.72 0.82
24 42 18 0 13.99 0.26 0.00 0.39 0.60 2.02 2.15 1.54 0.86 0.91
34 77 39 0 14.00 0.05 0.00 0.55 0.71 1.16 1.32 0.95 0.75 0.56
46 10 40 0 14.00 0.12 0.00 0.67 1.40 1.28 0.86 0.97 1.14 1.36
68 15 18 1 14.00 0.19 0.00 1.10 0.67 1.90 1.22 0.76 0.57 0.66
24 46 25 0 14.00 0.37 0.00 1.19 0.97 1.59 0.95 0.63 1.07 1.08
30 2 38 1 14.01 0.26 0.00 0.53 0.47 1.73 1.79 1.64 1.32 1.18
35 12 13 0 14.01 0.27 0.00 0.27 1.52 1.77 1.65 1.25 0.81 0.78
42 16 38 1 14.02 0.04 0.00 0.97 1.15 1.65 1.59 0.92 0.87 0.72
59 26 10 0 14.02 0.23 0.00 0.29 0.60 1.27 1.76 1.16 0.90 1.21
49 14 3 1 14.02 0.33 0.00 0.26 1.41 1.54 0.47 1.20 1.39 0.89
31 64 38 1 14.02 0.38 0.00 0.51 0.57 1.02 0.69 0.92 0.96 1.17
40 2 8 1 14.03 0.06 0.00 0.95 0.97 1.36 1.43 1.20 0.81 0.84
48 5 15 1 14.03 0.21 0.02 0.75 1.34 1.42 1.32 1.25 1.19 1.22
37 82 8 1 14.04 0.02 0.00 0.69 1.24 1.90 1.43 1.10 0.62 0.48
34 66 7 1 14.04 0.11 0.00 0.41 1.31 1.19 1.11 1.13 1.23 1.38
13 72 23 1 14.04 0.19 0.00 1.14 0.91 2.24 1.51 1.19 0.78 0.63
50 23 37 0 14.04 0.19 0.00 0.67 1.02 1.26 0.93 0.89 0.60 0.59
15 8 8 0 14.04 0.35 0.00 0.95 0.52 1.54 0.89 0.48 1.11 0.97
39 17 39 0 14.05 0.06 0.00 0.47 1.24 1.85 1.43 0.94 0.57 0.46
53 41 23 1 14.05 0.19 0.00 0.58 0.48 1.47 1.59 1.47 1.06 0.56
76 23 18 1 14.05 0.42 0.00 0.40 0.37 2.00 1.12 0.55 0.46 0.77
40 82 35 1 14.05 0.51 0.00 0.81 0.75 1.37 1.71 1.22 0.96 0.73
57 50 31 1 14.06 0.08 0.00 0.44 0.56 1.05 1.16 1.09 1.05 1.40
39 47 12 1 14.06 0.19 0.00 0.31 0.92 1.12 1.46 1.38 0.94 0.93
16 50 37 0 14.06 0.36 0.00 0.51 0.83 1.00 1.28 1.06 0.86 0.94
77 24 18 1 14.07 0.12 0.00 0.46 0.41 2.01 1.13 0.54 0.47 0.67
56 45 29 1 14.07 0.15 0.00 0.62 0.58 2.14 2.00 1.67 0.92 0.81
15 53 11 1 14.07 0.20 0.00 0.30 1.00 1.30 1.63 1.34 0.99 0.63
54 36 31 1 14.07 0.26 0.10 0.80 0.90 1.31 0.98 0.87 0.73 0.66
64 72 34 1 14.07 0.30 0.00 0.60 0.44 2.19 1.83 1.35 0.63 0.69
15 44 34 1 14.08 0.30 0.00 0.32 0.58 3.11 1.55 0.66 0.55 0.96
12 11 31 0 14.08 0.42 0.00 0.42 1.19 1.43 1.07 0.94 1.00 1.96
53 67 31 0 14.08 0.45 0.00 0.48 1.42 1.27 1.07 1.07 0.73 0.65
38 72 37 1 14.08 0.53 0.00 0.18 1.07 1.76 1.00 0.80 0.52 0.48
69 9 36 1 14.09 0.07 0.00 0.49 1.15 1.12 1.01 0.79 0.66 0.86
58 68 15 1 14.09 0.08 0.00 0.45 1.05 1.01 1.09 1.03 1.01 1.19
37 11 38 1 14.09 0.13 0.00 1.13 0.82 1.46 1.19 1.09 1.33 1.30
44 53 18 1 14.09 0.16 0.00 0.51 1.73 1.46 1.23 1.05 0.83 0.93
51 59 20 0 14.10 0.16 0.00 1.00 1.42 1.62 1.33 1.09 0.93 0.94
52 34 31 1 14.10 0.19 0.10 0.81 0.90 1.38 0.98 0.84 0.73 0.60
14 51 15 0 14.10 0.46 0.00 0.49 1.04 1.40 0.98 1.40 1.65 1.62
47 66 38 1 14.11 0.06 0.00 0.72 1.52 1.96 1.27 0.97 0.59 0.63
36 5 11 1 14.11 0.12 0.00 0.74 1.54 1.79 1.53 1.39 1.13 0.94
35 4 11 1 14.11 0.19 0.00 0.73 1.46 1.89 1.64 1.48 1.03 0.94
56 21 4 1 14.11 0.33 0.00 0.45 0.51 2.87 1.75 0.97 0.50 1.03
52 1 26 0 14.11 0.34 0.00 0.32 0.50 1.51 1.77 1.59 1.32 0.93
22 34 8 0 14.12 0.16 0.00 0.10 0.67 1.25 1.04 1.07 1.22 1.15
60 67 32 1 14.12 0.26 0.00 0.62 1.81 1.51 1.00 1.04 1.13 0.95
45 19 38 1 14.12 0.28 0.00 0.94 1.37 1.80 1.53 0.78 0.91 0.88
48 37 29 1 14.13 0.12 0.00 0.81 0.79 1.88 1.79 1.75 1.00 0.85
29 77 3 1 14.13 0.19 0.00 0.96 1.01 1.30 0.76 0.72 0.78 0.90
54 3 26 0 14.13 0.20 0.00 0.30 0.41 1.64 1.77 1.48 1.42 0.92
31 41 31 1 14.13 0.36 0.00 0.85 1.29 1.56 1.25 0.74 0.76 0.62
47 56 18 1 14.13 0.53 0.00 0.48 1.82 1.47 1.12 1.02 0.91 0.94
55 79 12 0 14.13 0.61 0.00 0.85 0.74 2.02 1.78 1.61 1.38 1.11
30 41 35 1 14.14 0.09 0.00 0.22 0.61 1.29 1.61 1.47 1.21 1.01
22 53 25 1 14.14 0.12 0.13 0.41 0.91 1.08 1.04 1.00 0.96 1.08
42 33 18 1 14.14 0.14 0.00 0.61 1.53 1.69 1.32 0.93 0.76 0.53
42 82 16 1 14.14 0.17 0.00 0.69 1.81 1.99 1.29 0.92 1.10 1.22
43 75 12 1 14.14 0.55 0.03 0.83 1.21 1.72 1.65 1.40 1.18 0.81
34 15 38 1 14.15 0.06 0.00 0.35 1.85 1.60 1.06 1.04 1.10 1.28
22 44 25 0 14.15 0.12 0.00 1.22 0.95 1.61 0.94 0.68 1.13 1.19
12 60 38 0 14.15 0.15 0.00 0.88 0.82 1.21 0.83 0.65 1.28 1.01
28 22 35 1 14.15 0.17 0.00 0.83 0.46 1.60 1.70 1.37 1.04 0.72
61 75 9 0 14.15 0.39 0.00 1.05 0.80 1.30 1.03 0.97 1.10 1.38
71 44 29 1 14.16 0.01 0.00 0.10 0.56 1.28 1.23 0.97 0.90 1.03
39 63 16 1 14.16 0.22 0.00 0.66 1.77 1.65 0.96 0.72 1.07 1.15
50 64 31 0 14.16 0.32 0.00 0.44 1.55 1.41 1.22 0.94 0.77 0.62
36 71 31 1 14.16 0.35 0.00 0.10 0.98 2.22 1.47 1.06 0.69 0.58
40 32 9 0 14.16 0.36 0.00 0.98 0.51 1.35 1.23 1.33 1.24 1.14
52 35 34 1 14.16 0.39 0.00 0.68 1.21 1.08 0.98 1.07 1.04 0.90
34 11 13 0 14.17 0.17 0.00 0.35 1.59 1.70 1.51 1.26 0.93 0.61
78 11 17 0 14.17 0.17 0.00 0.36 1.12 1.05 0.93 0.98 0.84 0.68
46 3 15 1 14.17 0.18 0.02 0.60 1.41 1.40 1.50 1.25 1.11 1.12
39 2 36 0 14.17 0.37 0.00 0.71 1.51 1.72 1.64 1.26 1.09 0.97
35 57 20 0 14.17 0.54 0.00 0.65 1.10 1.09 0.90 1.13 1.24 1.26
48 41 8 0 14.18 0.13 0.00 0.76 1.30 1.33 1.13 1.01 0.75 0.63
44 1 15 1 14.18 0.16 0.02 0.77 1.34 1.37 1.28 1.19 1.16 1.22
37 26 29 1 14.18 0.17 0.00 0.83 0.78 1.77 1.83 1.62 1.14 0.87
49 41 35 0 14.18 0.24 0.00 0.53 0.57 1.33 1.10 0.88 0.50 0.57
47 33 8 1 14.18 0.27 0.00 1.11 1.27 2.11 1.47 1.33 1.02 0.93
21 64 37 1 14.18 0.39 0.00 0.30 0.65 1.08 1.20 1.25 1.33 1.31
32 66 4 0 14.18 0.59 0.00 0.42 0.51 2.32 2.07 1.25 0.62 0.82
49 5 23 1 14.19 0.38 0.00 0.35 0.74 1.80 1.86 1.76 1.46 1.10
56 34 39 0 14.20 0.11 0.00 0.41 0.82 1.11 1.38 0.98 0.76 0.62
38 12 38 1 14.20 0.20 0.00 1.14 0.86 1.48 1.21 1.15 1.22 1.35
54 78 31 1 14.20 0.25 0.00 0.69 0.99 1.36 1.47 1.55 1.34 1.21
57 65 20 0 14.20 0.30 0.00 0.97 1.37 1.43 1.19 0.96 0.99 0.96
51 73 33 0 14.21 0.01 0.00 0.31 1.23 1.13 1.30 1.25 1.06 1.08
69 47 34 0 14.21 0.10 0.00 0.72 1.18 2.34 1.91 1.11 1.34 1.28
68 52 38 0 14.21 0.11 0.00 0.69 0.70 1.92 1.27 0.89 0.54 0.39
46 3 4 1 14.21 0.12 0.00 0.51 0.84 1.76 1.31 0.71 0.35 0.89
59 67 20 0 14.21 0.21 0.00 0.95 1.18 1.25 1.13 0.97 1.03 0.92
74 27 20 0 14.21 0.26 0.00 0.71 0.73 1.18 0.83 0.69 0.66 1.21
52 66 14 0 14.22 0.24 0.00 0.59 1.32 1.23 1.28 1.30 1.25 1.08
36 10 3 0 14.22 0.27 0.00 0.06 0.90 1.71 1.09 0.91 0.78 0.80
42 29 19 0 14.22 0.36 0.00 0.90 0.57 1.61 1.52 1.47 1.43 1.22
38 35 8 0 14.23 0.07 0.00 0.50 0.83 1.81 1.79 1.82 1.42 1.17
1 0 31 1 14.24 0.11 0.00 0.42 1.28 1.07 1.07 1.01 0.87 1.09
43 7 40 0 14.24 0.12 0.00 0.64 1.40 1.20 0.86 0.93 1.08 1.24
60 82 33 0 14.24 0.20 0.00 0.40 1.29 1.13 1.22 1.30 1.01 1.06
56 78 33 0 14.24 0.24 0.00 0.41 1.23 1.09 1.16 1.34 0.99 1.01
15 9 20 0 14.24 0.39 0.00 0.57 1.75 1.72 0.78 0.69 1.05 1.32
6 4 35 1 14.24 0.55 0.00 0.31 0.59 1.55 1.55 1.13 0.94 1.93
46 20 34 1 14.25 0.08 0.00 0.70 0.54 1.44 1.73 1.08 0.86 0.60
22 47 7 0 14.25 0.15 0.00 0.53 1.62 1.56 1.41 0.92 0.78 0.71
29 9 15 1 14.25 0.15 0.00 0.86 1.57 1.95 1.10 0.72 0.66 0.85
39 15 25 0 14.25 0.15 0.00 0.42 0.87 1.00 0.85 0.70 0.90 1.03
57 81 16 1 14.25 0.21 0.00 0.90 0.89 1.20 0.96 0.83 0.75 0.71
73 38 18 1 14.25 0.36 0.04 0.94 0.74 2.67 1.33 0.78 0.56 0.68
4 3 23 0 14.25 0.37 0.00 0.62 0.89 2.65 1.97 1.21 0.76 1.43
58 23 12 1 14.25 0.47 0.00 1.22 1.12 1.59 1.08 0.93 0.87 0.75
48 80 26 0 14.26 0.08 0.00 0.70 1.18 1.49 1.64 1.44 1.30 1.03
34 28 35 1 14.26 0.21 0.00 0.89 0.49 1.23 1.29 1.27 1.04 0.97
40 33 8 0 14.26 0.21 0.00 0.67 1.30 1.32 1.13 0.94 0.68 0.62
59 15 23 1 14.26 0.32 0.00 0.32 0.48 1.45 1.97 1.15 1.06 0.80
6 22 29 1 14.26 0.35 0.00 0.19 0.72 2.17 0.91 0.54 0.40 0.93
36 52 13 1 14.27 0.17 0.00 0.86 0.86 1.09 1.00 0.93 0.86 0.84
33 65 12 1 14.27 0.32 0.02 0.67 0.52 1.05 1.12 1.11 1.03 0.96
35 78 39 0 14.28 0.05 0.00 0.54 0.76 1.20 1.36 1.00 0.70 0.54
78 22 20 1 14.28 0.10 0.00 0.62 1.67 1.70 0.84 1.52 1.02 0.63
46 78 34 1 14.28 0.13 0.00 0.37 1.73 2.03 0.98 0.86 0.60 0.59
53 61 12 1 14.28 0.15 0.00 0.54 0.90 2.08 2.02 1.40 0.76 0.59
39 81 35 1 14.28 0.19 0.00 0.82 0.62 1.38 1.66 1.22 0.92 0.68
33 76 39 0 14.28 0.20 0.00 0.47 0.60 1.13 1.29 0.86 0.82 0.56
51 20 16 0 14.28 0.21 0.00 0.98 1.10 1.80 1.59 1.07 0.80 0.60
17 47 13 1 14.28 0.24 0.00 0.56 1.27 1.66 0.95 0.73 0.45 0.66
74 57 6 0 14.28 0.27 0.00 1.17 0.52 1.44 0.96 1.33 1.19 1.01
27 75 40 0 14.28 0.44 0.00 0.39 1.66 1.90 0.84 0.58 0.60 0.93
77 48 10 1 14.28 0.57 0.00 0.32 1.73 2.00 0.54 1.02 0.88 0.58
70 43 29 1 14.29 0.08 0.00 0.10 0.65 1.31 1.30 0.90 1.00 1.11
24 0 35 0 14.29 0.17 0.00 0.87 0.68 1.39 1.19 1.01 0.59 0.57
39 31 15 0 14.29 0.17 0.00 0.38 1.43 1.26 1.01 0.80 0.68 0.75
30 64 4 0 14.29 0.21 0.00 0.47 0.49 2.48 2.01 1.22 0.59 0.92
43 40 8 0 14.29 0.23 0.00 0.54 0.92 1.79 1.71 1.81 1.46 1.21
44 22 39 0 14.29 0.30 0.00 0.65 0.88 1.27 1.39 0.97 0.70 0.54
36 75 3 0 14.29 0.35 0.00 0.70 1.90 2.24 1.18 0.86 1.03 1.09
33 44 35 1 14.29 0.43 0.00 0.28 0.72 1.31 1.77 1.48 1.13 1.02
58 82 31 1 14.30 0.39 0.00 0.69 1.03 1.62 1.67 1.60 1.42 1.17
12 34 15 0 14.31 0.04 0.00 0.72 1.44 1.44 1.18 1.17 1.46 1.21
20 76 12 1 14.31 0.04 0.05 0.44 0.54 1.00 0.93 1.10 1.09 1.05
43 17 34 1 14.31 0.19 0.00 0.68 0.54 1.40 1.65 1.18 0.86 0.56
47 68 13 0 14.32 0.02 0.00 0.77 1.13 1.34 1.08 0.87 0.63 0.62
31 7 35 0 14.32 0.03 0.00 0.80 1.09 1.30 1.06 0.98 0.69 0.58
44 76 12 1 14.32 0.19 0.03 0.72 1.27 1.56 1.57 1.48 1.16 0.85
28 67 3 0 14.32 0.24 0.00 1.07 0.73 1.27 1.19 1.12 0.84 0.83
21 6 12 1 14.32 0.28 0.09 0.58 0.89 1.76 1.43 1.62 1.62 1.34
36 47 35 1 14.33 0.08 0.00 0.25 0.80 1.38 1.65 1.68 1.27 0.97
73 20 18 1 14.33 0.16 0.00 0.94 0.63 1.90 1.37 0.74 0.51 0.67
47 5 11 1 14.33 0.49 0.00 0.28 0.99 1.24 1.60 1.44 1.23 1.04
45 34 29 1 14.34 0.07 0.00 0.75 0.73 1.95 1.86 1.71 1.12 0.72
47 16 37 1 14.34 0.08 0.00 0.43 0.93 1.74 1.96 1.71 1.22 0.83
41 15 34 1 14.34 0.12 0.00 0.76 0.54 1.40 1.49 1.15 0.92 0.51
13 8 34 1 14.34 0.16 0.00 0.99 0.77 2.51 1.69 1.00 0.69 0.63
61 10 4 0 14.35 0.06 0.00 0.97 1.15 1.73 1.60 1.11 0.70 0.80
65 54 4 0 14.35 0.08 0.00 1.08 0.49 1.41 1.27 0.92 0.80 0.99
11 43 23 0 14.35 0.27 0.00 0.29 0.48 2.10 1.58 1.43 0.68 0.44
69 16 18 1 14.35 0.28 0.00 0.99 0.76 1.80 1.48 0.79 0.56 0.71
37 2 15 1 14.35 0.31 0.00 0.49 1.00 1.08 1.05 1.08 1.37 1.39
10 4 35 0 14.35 0.35 0.00 0.37 0.53 1.18 1.05 1.02 0.74 0.47
62 6 20 1 14.35 0.39 0.00 0.67 1.82 1.62 1.12 1.15 0.98 0.82
37 78 41 0 14.36 0.11 0.00 0.47 0.51 1.17 1.16 1.21 1.41 1.49
73 2 39 0 14.36 0.12 0.00 0.22 0.38 2.19 1.83 1.33 1.39 1.18
76 45 29 0 14.36 0.14 0.00 0.23 1.21 1.80 1.38 1.40 1.22 1.81
39 67 30 0 14.36 0.33 0.00 1.08 0.44 1.73 1.50 1.34 1.03 0.82
41 57 13 1 14.37 0.16 0.00 0.61 0.84 1.35 1.57 1.03 0.82 0.48
41 72 36 1 14.37 0.16 0.00 1.25 0.90 1.79 1.28 1.15 0.82 0.63
10 51 31 0 14.37 0.28 0.00 1.03 1.32 1.67 1.29 1.15 0.98 0.65
35 11 25 0 14.37 0.29 0.00 0.44 0.81 1.02 0.89 0.67 0.80 1.07
49 22 29 0 14.37 0.31 0.00 0.23 0.61 1.21 1.67 1.20 1.06 1.08
6 38 23 0 14.37 0.37 0.00 0.32 0.48 1.86 1.58 1.49 0.74 0.44
56 39 31 0 14.38 0.08 0.00 1.22 0.86 1.48 1.25 1.22 1.17 1.02
50 82 26 0 14.38 0.17 0.00 0.57 1.26 1.40 1.58 1.51 1.22 0.86
70 47 24 1 14.38 0.17 0.00 1.06 0.73 1.30 0.72 0.69 1.06 0.94
73 61 40 0 14.39 0.17 0.00 0.80 1.31 1.38 0.87 0.80 0.73 0.64
13 11 35 1 14.39 0.24 0.00 0.30 0.67 1.56 1.63 1.41 1.18 1.77
34 55 13 0 14.39 0.46 0.00 1.04 0.81 1.27 0.90 0.75 1.07 1.27
34 52 18 0 14.40 0.06 0.00 0.41 0.89 1.47 1.89 1.62 1.19 0.89
42 77 31 1 14.40 0.07 0.00 0.08 0.81 1.52 1.41 1.09 0.91 0.72
59 48 40 0 14.40 0.16 0.00 0.77 0.29 1.52 1.43 1.24 1.08 0.93
36 63 18 1 14.40 0.19 0.00 0.43 1.62 1.56 1.28 1.38 1.34 1.27
38 19 38 1 14.40 0.30 0.00 0.44 1.96 1.66 1.04 0.92 0.91 1.09
64 36 19 0 14.40 0.40 0.00 1.04 0.98 1.45 1.08 1.03 0.83 0.54
39 75 19 0 14.40 0.55 0.00 0.51 0.83 1.38 1.89 1.45 1.18 1.08
74 51 10 0 14.41 0.08 0.00 1.21 0.69 2.49 1.54 0.87 0.73 0.92
60 68 12 1 14.41 0.11 0.00 0.44 0.71 2.00 2.00 1.40 0.80 0.51
72 64 35 1 14.41 0.55 0.00 0.34 0.41 1.88 1.22 0.55 0.45 0.83
69 13 18 0 14.42 0.15 0.00 0.38 1.97 2.07 1.09 0.70 0.94 1.08
54 28 34 1 14.42 0.42 0.00 0.53 0.35 2.05 1.81 1.15 0.68 0.63
49 27 8 1 14.43 0.11 0.00 1.10 1.17 1.58 1.27 0.99 1.05 1.36
39 8 11 1 14.43 0.17 0.00 0.52 1.03 1.63 1.67 1.73 1.47 1.14
61 77 23 1 14.43 0.19 0.00 0.54 0.68 1.87 1.97 1.67 1.42 0.88
43 74 36 1 14.43 0.21 0.00 1.22 1.00 1.89 1.31 1.19 0.95 0.59
70 1 35 1 14.43 0.21 0.00 0.82 1.21 2.37 1.90 1.18 0.79 0.92
34 44 31 0 14.43 0.22 0.00 0.56 1.41 1.44 1.38 1.20 0.75 0.60
11 27 29 1 14.43 0.23 0.00 0.76 0.83 2.18 1.39 0.75 0.47 0.54
50 67 34 1 14.43 0.38 0.00 0.68 1.80 1.83 1.34 0.99 0.86 0.81
41 6 3 1 14.43 0.42 0.00 0.28 1.48 1.55 0.47 1.21 1.39 0.88
32 16 36 1 14.44 0.21 0.00 1.21 1.06 1.50 1.16 1.20 1.06 0.83
42 39 8 0 14.44 0.25 0.00 0.44 1.07 1.75 1.67 1.78 1.43 1.26
51 76 25 0 14.44 0.46 0.00 0.06 0.88 1.63 1.29 0.99 1.00 1.09
22 56 37 0 14.45 0.06 0.00 0.80 1.28 1.40 1.57 1.16 1.13 0.92
32 44 8 0 14.45 0.06 0.00 0.07 0.94 1.47 1.26 0.93 1.16 1.02
23 33 31 1 14.45 0.37 0.00 0.80 1.25 1.51 1.24 0.89 0.72 0.54
37 62 7 1 14.46 0.24 0.00 0.28 0.94 1.08 1.00 0.88 0.69 0.65
75 22 18 1 14.46 0.30 0.00 0.51 0.38 1.94 1.22 0.61 0.45 0.72
52 77 23 1 14.46 0.42 0.00 0.43 0.32 1.68 1.63 1.46 0.85 0.65
54 32 39 0 14.47 0.02 0.00 0.31 0.84 1.23 1.47 1.02 0.84 0.49
19 5 38 0 14.47 0.20 0.00 0.27 0.80 2.56 2.08 1.14 1.07 1.52
50 81 36 1 14.47 0.22 0.00 1.07 1.04 2.33 1.33 0.92 0.66 0.55
50 76 38 1 14.47 0.25 0.00 0.67 1.42 1.96 1.05 0.66 0.51 0.66
57 74 13 0 14.47 0.26 0.00 1.29 0.71 1.70 1.39 1.21 0.88 0.82
49 31 31 1 14.47 0.28 0.08 0.93 1.05 1.76 1.01 0.89 0.71 0.49
33 64 36 1 14.47 0.34 0.00 1.18 0.79 1.41 1.17 1.13 0.89 0.69
78 49 10 1 14.47 0.75 0.00 0.30 1.53 1.73 0.53 1.03 0.80 0.53
31 0 11 1 14.48 0.05 0.00 0.71 1.67 1.97 1.57 1.26 1.04 0.89
41 6 4 1 14.48 0.05 0.00 0.48 0.56 2.34 2.19 1.31 0.73 0.81
38 74 32 1 14.48 0.15 0.00 1.10 1.04 1.35 1.21 1.13 0.95 0.83
31 77 35 0 14.48 0.17 0.00 0.44 0.94 2.03 2.05 1.47 0.92 0.57
21 79 29 0 14.48 0.24 0.00 0.80 0.60 1.17 1.18 0.97 0.65 0.80
52 79 29 1 14.48 0.24 0.00 0.09 1.15 1.64 1.39 1.14 0.99 0.70
46 63 13 0 14.49 0.04 0.00 0.68 1.53 2.03 1.64 0.99 0.79 0.65
53 77 31 1 14.49 0.07 0.00 0.59 1.14 1.39 1.54 1.58 1.34 1.08
39 4 15 1 14.49 0.08 0.00 0.51 1.00 1.13 1.02 1.07 1.28 1.59
40 9 37 1 14.49 0.12 0.00 0.54 0.92 1.79 1.96 1.72 1.25 1.00
52 35 31 0 14.49 0.17 0.00 1.21 0.85 1.47 1.28 1.25 1.10 1.08
39 64 7 1 14.49 0.24 0.00 0.26 1.12 1.08 1.04 0.85 0.78 0.75
43 36 8 0 14.49 0.34 0.00 0.66 1.32 1.33 1.13 0.87 0.69 0.62
52 60 20 0 14.49 0.35 0.00 1.04 1.46 1.70 1.25 1.08 0.84 1.00
53 18 4 1 14.49 0.37 0.00 0.51 0.54 2.55 2.01 1.15 0.56 0.90
22 70 40 0 14.49 0.44 0.00 0.38 1.66 1.88 0.89 0.53 0.67 0.88
75 54 35 1 14.50 0.08 0.00 0.75 0.54 2.94 1.41 0.63 0.55 1.06
63 46 6 0 14.50 0.12 0.00 1.34 1.22 2.20 1.21 1.07 1.02 0.90
11 0 31 1 14.50 0.16 0.00 0.91 1.54 1.59 0.97 0.81 0.92 0.69
49 69 12 1 14.50 0.18 0.00 0.64 0.84 1.20 1.40 1.50 1.43 0.93
27 47 29 0 14.50 0.20 0.00 0.20 0.41 2.19 1.82 1.43 0.79 0.70
39 55 13 1 14.50 0.26 0.00 0.81 0.75 1.10 1.08 0.91 0.77 0.75
38 54 13 1 14.50 0.31 0.00 0.71 0.88 1.05 1.20 1.03 0.86 0.78
20 41 13 0 14.50 0.35 0.00 0.82 0.74 1.27 0.86 0.66 1.34 1.44
59 24 3 1 14.50 0.62 0.00 0.24 1.37 1.44 0.46 1.29 1.22 0.91
61 44 34 1 14.51 0.06 0.00 0.65 0.94 1.00 0.88 1.23 1.14 0.96
67 54 14 0 14.51 0.17 0.00 0.17 1.03 1.13 0.76 0.85 0.79 0.86
60 16 23 1 14.51 0.24 0.00 0.35 0.48 1.47 1.94 1.37 1.08 0.81
66 74 34 1 14.51 0.29 0.00 0.60 0.46 2.09 1.87 1.33 0.61 0.67
59 41 31 1 14.51 0.33 0.10 0.86 0.93 1.38 0.95 0.85 0.76 0.59
57 49 35 1 14.51 0.43 0.00 0.65 1.24 1.76 1.34 1.01 0.56 0.49
27 4 13 0 14.51 0.44 0.00 0.36 1.51 1.78 1.75 1.39 0.97 0.74
77 55 34 0 14.51 0.53 0.00 0.27 0.72 2.53 1.88 0.89 1.80 1.27
62 63 17 0 14.51 0.55 0.00 0.76 0.92 1.12 0.85 0.71 0.97 1.27
38 81 39 0 14.52 0.11 0.00 0.39 0.75 1.27 1.35 0.90 0.72 0.44
70 48 34 0 14.52 0.12 0.00 0.83 1.22 2.23 1.81 1.25 1.30 1.26
21 71 5 0 14.52 0.14 0.00 0.11 0.93 1.91 1.84 1.27 0.88 0.88
44 69 15 1 14.52 0.34 0.00 0.68 1.27 1.62 1.22 0.89 0.61 0.49
72 1 18 1 14.52 0.47 0.00 0.53 0.59 2.06 1.16 0.56 0.44 0.54
17 76 23 0 14.53 0.24 0.00 0.36 1.03 1.79 1.96 1.67 1.31 0.96
29 54 18 1 14.53 0.26 0.00 0.36 0.24 1.72 1.53 1.29 0.89 0.73
76 47 10 1 14.53 0.54 0.00 0.30 1.60 1.69 0.56 1.12 0.90 0.54
48 73 15 1 14.53 0.62 0.00 0.71 1.44 1.69 1.45 0.98 0.67 0.63
33 54 13 0 14.54 0.06 0.00 0.98 0.77 1.20 1.05 0.81 0.96 1.26
47 4 15 1 14.54 0.17 0.07 0.75 1.33 1.34 1.25 1.20 1.05 1.07
47 65 15 1 14.54 0.33 0.00 0.31 0.78 1.04 0.89 0.66 0.75 0.87
58 22 10 0 14.54 0.62 0.00 0.91 1.01 1.36 0.73 0.61 0.87 1.26
18 16 4 0 14.55 0.15 0.00 0.35 1.22 2.05 1.92 1.62 1.15 1.21
69 56 36 1 14.55 0.16 0.00 0.62 0.63 1.29 0.79 0.80 0.44 0.83
44 4 12 0 14.55 0.28 0.00 0.88 1.27 1.78 1.73 1.30 1.15 1.02
38 70 12 1 14.55 0.30 0.05 0.74 1.16 1.22 1.23 1.31 1.11 1.00
58 47 40 0 14.56 0.17 0.00 0.69 0.27 1.53 1.46 1.28 1.12 0.90
44 64 31 0 14.56 0.20 0.00 0.99 0.80 1.22 1.23 1.17 0.91 0.74
34 67 38 1 14.56 0.31 0.00 0.30 0.70 1.02 0.65 0.73 0.90 0.98
1 82 35 0 14.56 0.56 0.00 0.57 0.30 2.15 1.05 0.55 0.60 1.35
35 6 40 0 14.57 0.22 0.00 0.08 1.10 1.67 1.40 1.33 1.16 1.04
28 71 37 1 14.57 0.28 0.00 0.32 0.73 1.07 1.10 1.27 1.38 1.38
41 8 20 0 14.58 0.05 0.00 0.21 1.65 2.49 1.41 1.25 1.28 1.29
51 75 12 0 14.58 0.21 0.00 0.91 0.73 1.82 1.63 1.64 1.43 1.15
65 69 34 0 14.58 0.27 0.00 1.08 0.79 1.70 1.18 0.64 0.59 1.15
41 15 20 0 14.58 0.32 0.00 0.90 1.32 1.51 1.54 0.94 0.94 1.02
65 46 9 0 14.58 0.62 0.00 1.22 0.48 1.49 1.11 1.22 1.02 0.85
34 20 38 0 14.59 0.08 0.00 0.51 1.27 1.31 1.71 1.17 0.96 0.84
32 77 31 1 14.59 0.16 0.00 0.62 0.94 2.14 2.01 1.50 0.97 0.60
41 8 36 0 14.59 0.27 0.00 0.84 1.66 1.64 1.08 0.89 0.83 0.76
49 81 18 0 14.59 0.41 0.00 0.93 0.61 1.58 0.96 0.59 0.60 0.64
64 75 35 0 14.60 0.12 0.00 0.47 1.01 1.06 0.70 0.73 0.78 0.80
15 56 41 0 14.60 0.19 0.00 0.37 0.44 1.12 1.21 1.18 1.26 1.35
31 1 41 1 14.60 0.19 0.08 0.60 0.74 1.50 0.88 1.43 1.55 1.70
58 45 15 1 14.60 0.19 0.11 0.76 1.29 1.97 1.43 1.14 1.26 1.50
64 13 4 0 14.60 0.21 0.00 1.11 0.96 1.63 1.32 0.85 0.60 0.99
6 58 10 1 14.60 0.23 0.00 0.27 0.50 1.33 0.72 0.51 1.49 1.10
53 64 35 1 14.60 0.39 0.00 0.51 1.79 2.14 1.57 1.24 0.90 0.84
57 81 31 1 14.60 0.39 0.00 0.56 0.93 1.36 1.56 1.58 1.47 1.18
72 3 35 1 14.61 0.12 0.00 0.88 1.00 2.44 1.96 1.15 0.75 0.99
36 9 40 1 14.61 0.14 0.00 0.85 1.45 1.65 0.95 1.16 1.43 1.47
79 28 13 0 14.61 0.16 0.00 0.48 1.25 1.20 1.50 1.05 0.92 0.72
29 71 36 1 14.61 0.24 0.00 0.98 0.88 1.30 0.86 0.69 0.79 0.68
33 43 31 0 14.61 0.24 0.00 0.61 1.24 1.17 1.27 1.19 0.91 0.68
47 16 37 0 14.61 0.40 0.00 0.37 0.82 1.05 1.15 1.03 0.75 0.58
54 27 4 0 14.61 0.47 0.00 0.33 1.64 1.41 1.13 0.98 0.72 0.70
66 53 36 1 14.62 0.12 0.00 0.60 0.82 1.25 0.86 0.73 0.48 0.77
64 47 6 0 14.62 0.24 0.00 1.38 1.06 2.07 1.26 1.16 1.05 0.87
81 82 28 1 14.62 0.36 0.00 0.43 1.07 1.04 0.87 0.90 0.74 0.72
52 8 29 1 14.62 0.58 0.00 0.55 0.78 1.32 1.22 0.96 0.55 0.49
34 27 31 1 14.62 0.67 0.00 0.74 1.46 2.00 1.59 1.57 1.21 0.88
36 30 20 0 14.63 0.00 0.00 0.62 1.04 1.12 0.97 0.78 0.65 0.76
45 4 32 1 14.63 0.16 0.00 0.09 1.11 1.34 0.86 0.93 0.81 0.90
69 13 20 1 14.63 0.21 0.00 0.56 1.73 1.57 1.03 1.34 1.10 0.63
32 42 31 0 14.63 0.24 0.00 0.55 1.13 1.08 1.18 1.18 0.98 0.68
42 34 36 0 14.63 0.24 0.00 0.22 1.68 2.35 1.59 0.87 0.82 0.89
26 41 30 1 14.63 0.27 0.00 0.77 1.23 1.25 1.14 0.90 1.19 1.39
18 29 35 1 14.63 0.38 0.00 0.17 0.45 1.22 1.13 0.92 0.75 1.29
36 68 26 0 14.63 0.41 0.00 0.76 1.42 1.51 1.59 1.23 1.09 0.94
54 61 32 0 14.64 0.06 0.00 0.65 1.31 1.34 1.14 0.80 0.78 0.54
33 7 3 0 14.64 0.13 0.00 0.06 0.90 1.73 1.18 0.92 0.75 0.82
16 70 22 1 14.64 0.24 0.00 0.13 0.65 3.23 1.31 0.83 0.66 0.71
29 47 18 0 14.64 0.28 0.00 0.49 0.73 1.78 2.13 1.61 1.03 0.85
34 7 30 1 14.64 0.29 0.00 1.02 0.65 2.23 1.73 1.54 1.25 1.04
46 30 10 0 14.64 0.33 0.00 0.41 1.76 1.45 0.98 0.97 0.86 0.64
33 19 38 0 14.65 0.10 0.00 0.46 1.28 1.36 1.68 1.24 1.00 0.68
26 11 32 1 14.65 0.29 0.00 1.03 1.03 1.35 1.12 1.13 1.39 1.23
63 22 25 1 14.65 0.37 0.00 0.90 1.18 1.38 0.84 0.64 0.85 1.26
48 31 31 0 14.66 0.27 0.00 0.98 1.48 1.65 1.38 1.07 1.00 0.94
