# C sweep, Finnish with spaces, non-rotating move-to-depth deck over AP slot layouts.
# columns: k a s mode dev8 r4spread r1 r2 r3 r4 r5 r6 r7 r8   (top 2000 of 564898 configs by dev8)
45 51 36 1 2.99 0.28 0.00 0.43 1.02 1.73 0.92 0.87 1.06 1.15
46 52 36 1 2.99 0.48 0.00 0.55 1.01 1.77 0.85 0.90 1.02 1.13
33 72 7 1 3.37 0.10 0.00 0.36 0.88 1.53 1.02 1.02 1.06 1.06
43 49 36 1 3.53 0.22 0.00 0.50 1.13 1.90 1.06 0.99 1.00 1.21
59 69 15 1 3.81 0.30 0.00 0.41 0.66 1.68 1.21 1.05 0.99 1.30
61 71 15 1 3.85 0.14 0.00 0.39 0.71 1.60 1.20 0.93 0.84 1.13
63 73 15 1 3.98 0.18 0.00 0.38 0.64 1.61 1.06 1.10 0.90 1.31
36 75 7 1 4.09 0.62 0.00 0.40 1.05 1.58 1.12 1.04 0.96 0.91
62 72 15 1 4.13 0.30 0.00 0.39 0.63 1.55 1.10 1.17 0.95 1.20
41 25 38 0 4.28 0.42 0.00 0.32 0.56 1.89 1.32 0.90 0.82 0.75
60 70 15 1 4.48 0.24 0.00 0.42 0.60 1.52 1.11 1.07 0.90 1.20
41 47 36 1 4.69 0.35 0.00 0.47 1.10 1.62 0.95 0.89 1.12 1.20
34 70 32 1 4.89 0.08 0.00 0.38 1.00 1.65 1.16 1.10 0.85 0.68
80 81 21 0 4.92 0.20 0.00 0.41 1.28 2.23 0.91 0.83 0.83 0.73
39 75 32 1 4.93 0.32 0.00 0.34 1.19 1.75 1.14 1.16 1.03 0.75
50 74 4 0 5.07 0.39 0.00 0.39 0.55 1.54 1.07 1.04 0.72 0.87
37 58 13 0 5.12 0.20 0.00 0.43 0.61 1.68 1.01 0.78 0.70 1.23
31 70 7 1 5.13 0.15 0.00 0.42 0.97 1.46 0.97 1.12 1.16 1.17
73 13 18 0 5.16 0.67 0.00 0.59 0.89 2.44 1.31 0.87 0.76 1.23
1 0 10 0 5.21 0.22 0.00 0.39 1.04 2.61 0.86 0.59 1.06 0.90
64 26 5 0 5.21 0.14 0.00 0.54 0.58 2.02 1.53 1.29 1.05 0.95
39 60 13 0 5.22 0.12 0.00 0.47 0.66 1.54 1.06 0.78 0.72 0.92
47 53 36 1 5.26 0.21 0.00 0.55 1.19 1.80 0.90 0.81 0.94 1.25
35 74 7 1 5.27 0.51 0.00 0.39 0.85 1.44 0.98 1.14 1.11 1.27
64 34 41 0 5.27 0.23 0.00 0.27 0.96 1.50 1.17 1.01 1.11 1.05
43 27 38 0 5.37 0.28 0.00 0.49 0.53 1.68 1.39 0.90 0.91 0.79
78 48 35 0 5.37 0.53 0.00 0.31 0.54 2.28 1.08 0.75 0.70 0.66
38 48 14 1 5.39 0.57 0.00 0.31 0.90 1.42 1.07 1.15 1.14 0.90
80 53 28 1 5.49 0.53 0.00 0.41 1.34 2.24 0.95 0.88 0.78 0.74
65 75 15 1 5.54 0.53 0.00 0.31 0.62 1.52 1.16 0.97 0.86 1.28
35 71 32 1 5.59 0.45 0.00 0.37 1.04 1.59 1.25 1.07 0.91 0.71
48 54 36 1 5.60 0.49 0.00 0.67 0.95 1.64 0.91 0.97 0.99 1.38
32 71 7 1 5.71 0.12 0.00 0.40 0.77 1.37 1.03 1.04 1.01 1.23
67 29 5 0 5.72 0.43 0.00 0.46 0.44 1.74 1.19 0.78 0.94 0.71
79 1 38 0 5.72 0.44 0.00 0.28 0.63 2.50 1.05 0.62 1.30 1.22
80 82 23 0 5.83 0.06 0.00 0.62 0.90 1.96 1.43 1.42 1.11 0.90
80 50 35 0 5.87 0.33 0.00 0.48 0.53 2.37 1.20 0.73 0.73 0.65
57 27 41 0 5.91 0.42 0.00 0.23 0.89 1.45 1.13 1.09 1.00 0.94
38 74 32 1 5.95 0.66 0.00 0.35 1.06 1.53 1.18 1.08 0.91 0.72
62 48 4 0 5.96 0.46 0.00 0.54 0.62 1.58 1.00 0.85 0.81 0.60
63 32 29 0 5.97 0.37 0.00 0.29 0.68 1.61 1.18 1.19 0.82 1.37
69 53 25 1 5.98 0.44 0.00 0.40 1.03 1.51 0.86 0.96 0.87 1.35
36 46 14 1 6.03 0.15 0.00 0.27 0.89 1.55 1.32 1.16 1.19 1.11
36 72 32 1 6.04 0.29 0.00 0.36 1.20 1.54 1.09 1.06 0.93 0.80
7 27 31 1 6.07 0.32 0.00 0.51 0.74 1.36 1.08 1.01 0.86 0.78
37 73 32 1 6.08 0.29 0.00 0.41 1.07 1.50 1.27 1.15 0.92 0.87
58 68 15 1 6.08 0.25 0.00 0.28 0.67 1.49 1.32 1.06 0.88 1.12
33 54 13 0 6.16 0.62 0.00 0.51 0.56 1.44 1.02 0.84 0.83 1.17
74 44 35 0 6.17 0.37 0.00 0.60 0.79 2.46 1.21 0.73 0.66 0.74
68 37 29 0 6.25 0.22 0.00 0.30 0.60 1.49 1.16 1.00 0.79 1.27
37 47 14 1 6.27 0.26 0.00 0.34 0.89 1.36 1.15 1.13 1.14 1.05
75 45 35 0 6.36 0.60 0.00 0.66 0.78 2.60 1.36 0.92 0.75 0.69
51 21 41 0 6.37 0.33 0.00 0.34 0.87 1.39 1.23 1.16 1.18 1.01
76 46 35 0 6.37 0.38 0.00 0.68 0.79 2.29 1.21 0.77 0.73 0.62
44 50 36 1 6.42 0.06 0.00 0.48 0.98 1.38 0.87 0.95 1.00 1.25
62 32 41 0 6.42 0.33 0.00 0.23 0.95 1.46 1.15 1.00 1.15 1.04
14 55 31 1 6.44 0.16 0.00 0.62 0.97 1.82 1.05 0.90 0.68 0.61
67 36 29 0 6.49 0.55 0.00 0.42 0.64 1.51 1.34 1.07 0.82 1.26
65 35 41 0 6.50 0.10 0.00 0.25 0.99 1.47 1.22 1.11 1.14 0.93
66 50 25 1 6.55 0.11 0.00 0.48 1.17 1.56 0.87 0.95 0.88 1.33
66 35 29 0 6.63 0.84 0.00 0.30 0.63 1.50 1.31 1.02 0.82 1.22
49 55 36 1 6.68 0.33 0.00 0.28 1.33 2.09 1.22 0.81 1.09 1.20
70 32 5 0 6.71 0.27 0.00 0.59 0.44 1.64 1.24 0.93 0.87 0.73
61 30 29 0 6.81 0.17 0.00 0.30 0.59 1.49 1.26 1.04 0.84 1.29
64 74 15 1 6.85 0.12 0.00 0.33 0.65 1.41 1.19 1.14 0.84 1.26
81 51 35 0 6.85 0.85 0.00 0.24 0.50 2.28 1.11 0.73 0.74 0.63
35 42 35 1 6.87 0.34 0.00 0.72 0.60 1.64 1.31 1.27 0.95 0.77
2 69 33 0 6.99 0.25 0.00 0.71 1.20 1.93 1.26 0.97 1.25 0.77
79 49 35 0 7.02 0.14 0.00 0.40 0.55 2.25 1.16 0.66 0.64 0.65
34 73 7 1 7.03 0.17 0.00 0.35 0.85 1.32 1.16 1.18 1.14 1.12
68 30 5 0 7.03 0.20 0.00 0.68 0.43 1.79 1.22 0.92 0.78 0.76
71 41 41 0 7.03 0.16 0.00 0.22 0.95 1.49 1.28 1.10 1.20 0.99
74 14 18 0 7.03 0.24 0.00 0.76 1.04 2.79 1.17 1.02 0.80 1.08
33 18 32 1 7.05 0.43 0.00 0.48 1.19 1.81 1.26 1.38 1.24 1.23
77 47 35 0 7.05 0.55 0.00 0.44 0.51 2.24 1.09 0.71 0.67 0.58
32 39 35 1 7.06 0.25 0.00 0.70 0.59 1.58 1.31 1.23 0.90 0.79
72 12 18 0 7.06 0.84 0.00 0.71 1.09 2.63 1.32 0.86 0.93 1.17
51 75 4 0 7.11 0.34 0.00 0.35 0.48 1.56 1.14 1.09 0.66 0.79
30 69 7 1 7.13 0.15 0.00 0.40 0.94 1.26 0.95 1.00 1.02 1.10
40 61 13 0 7.13 0.44 0.00 0.43 0.73 1.53 1.10 0.67 0.67 0.81
64 33 29 0 7.19 0.35 0.00 0.45 0.51 1.48 1.17 0.96 0.75 1.25
47 64 34 1 7.20 0.80 0.00 0.26 1.01 2.02 1.59 1.34 0.91 0.92
63 33 41 0 7.23 0.02 0.00 0.15 1.03 1.61 1.11 1.03 1.05 0.99
73 43 41 0 7.23 0.30 0.00 0.24 1.07 1.54 1.29 1.17 1.21 0.98
81 3 38 0 7.23 0.37 0.00 0.40 0.72 2.76 1.25 0.63 1.18 1.39
52 30 21 0 7.26 0.26 0.00 0.28 0.82 1.33 1.10 1.32 1.05 0.93
13 69 25 1 7.28 0.65 0.01 0.74 0.74 1.64 1.12 1.01 1.31 1.39
15 71 25 1 7.28 0.54 0.01 0.67 0.79 1.60 0.91 0.98 1.36 1.46
71 11 18 0 7.28 0.40 0.00 0.80 1.03 2.63 1.33 1.00 0.88 1.11
56 42 4 0 7.29 0.77 0.00 0.33 0.83 1.61 1.24 1.10 0.77 0.55
12 5 15 0 7.33 0.32 0.02 0.52 0.45 1.81 1.44 0.94 1.34 1.15
73 43 35 0 7.35 0.54 0.00 0.83 0.98 2.49 1.30 0.86 0.94 0.71
22 43 31 0 7.39 0.36 0.00 0.79 1.12 1.86 1.15 1.23 1.35 1.07
48 1 4 0 7.39 0.30 0.00 0.43 0.70 2.13 1.66 1.14 0.69 0.72
44 80 32 1 7.40 0.53 0.00 0.36 1.34 1.83 1.13 1.14 0.81 0.65
38 22 38 0 7.43 0.41 0.00 0.36 0.85 1.28 1.27 1.04 1.04 0.95
38 54 13 1 7.43 0.42 0.00 0.53 1.21 1.52 0.77 0.89 0.83 0.74
30 25 14 0 7.44 0.25 0.00 0.25 0.98 1.40 1.24 1.13 1.11 0.87
31 41 14 1 7.49 0.41 0.00 0.26 0.92 1.33 1.14 1.17 1.13 1.05
53 23 41 0 7.49 0.42 0.00 0.17 0.98 1.44 0.99 0.97 0.99 0.92
46 16 41 0 7.50 0.04 0.00 0.25 0.96 1.37 1.22 1.04 1.10 1.03
51 29 21 0 7.51 0.39 0.00 0.28 0.81 1.29 1.10 1.23 1.14 0.93
26 36 14 0 7.53 0.51 0.00 0.48 0.76 1.64 1.04 0.77 0.65 0.56
1 37 23 1 7.57 0.11 0.00 0.27 0.60 2.53 1.34 0.78 0.75 0.58
34 41 35 1 7.58 0.39 0.00 0.83 0.56 1.66 1.24 1.22 0.87 0.84
51 81 16 0 7.59 0.43 0.00 0.35 1.35 1.68 1.03 0.98 0.75 0.73
17 50 33 1 7.60 0.03 0.00 0.52 1.41 1.55 0.95 1.06 1.02 0.99
80 2 38 0 7.60 0.90 0.00 0.36 0.74 2.92 1.10 0.73 1.39 1.43
55 25 41 0 7.61 0.46 0.00 0.20 0.82 1.39 1.23 1.06 1.11 1.01
66 28 5 0 7.62 0.10 0.00 0.60 0.37 1.90 1.06 0.82 0.77 0.66
20 30 14 0 7.63 0.20 0.00 0.40 0.76 1.63 1.03 0.78 0.63 0.57
58 18 29 0 7.63 0.36 0.00 0.71 0.77 1.85 1.24 0.84 0.57 1.09
40 13 8 0 7.68 0.24 0.00 0.48 1.12 1.42 0.90 0.72 0.93 1.12
51 27 17 0 7.70 0.28 0.00 0.48 0.79 2.48 1.66 1.51 1.10 0.90
10 30 31 1 7.71 0.33 0.00 0.52 0.93 1.35 1.03 0.86 0.85 0.67
61 31 41 0 7.76 0.19 0.00 0.19 1.19 1.60 1.19 1.16 1.11 0.95
36 52 13 1 7.79 0.36 0.00 0.48 1.13 1.38 1.03 0.93 0.79 0.80
50 23 15 0 7.81 0.43 0.00 0.27 1.27 1.83 1.09 0.96 1.08 1.51
51 24 15 0 7.87 0.12 0.00 0.24 1.10 2.01 1.16 1.03 1.15 1.66
62 31 29 0 7.88 0.48 0.00 0.25 0.65 1.47 1.25 1.00 0.78 1.32
31 38 35 1 7.89 0.28 0.00 0.71 0.64 1.78 1.42 1.52 0.93 0.87
34 23 25 1 7.90 0.42 0.00 0.49 0.72 1.54 1.03 0.81 0.59 0.66
74 44 41 0 7.90 0.18 0.00 0.21 1.11 1.50 1.22 1.02 1.19 0.96
78 0 38 0 7.91 0.74 0.00 0.47 0.68 2.61 1.36 0.60 1.24 1.34
12 68 25 1 7.93 0.39 0.00 0.50 0.73 1.47 0.98 1.22 1.45 1.42
32 42 14 1 7.95 0.22 0.00 0.26 0.89 1.34 1.16 1.33 1.14 0.92
5 4 19 0 7.95 0.22 0.00 0.72 1.43 2.30 0.95 1.24 1.15 0.84
58 44 4 0 7.97 0.60 0.00 0.52 0.68 1.48 1.07 0.92 0.63 0.63
50 26 17 0 7.98 0.20 0.00 0.50 0.76 2.34 1.69 1.52 1.11 0.84
6 5 19 0 7.99 0.56 0.00 0.67 1.49 2.25 0.87 1.12 1.23 0.81
32 10 32 0 8.05 0.50 0.00 0.31 1.17 1.36 0.96 0.83 1.04 1.09
13 0 26 0 8.06 0.17 0.00 0.80 0.57 1.93 1.41 1.25 0.88 0.68
50 28 21 0 8.07 0.33 0.00 0.42 0.72 1.26 1.12 1.32 1.16 0.84
12 53 31 1 8.09 0.22 0.00 0.59 1.01 1.65 1.03 0.87 0.69 0.56
31 16 32 1 8.14 0.48 0.00 0.40 1.10 1.70 1.28 1.29 1.43 1.35
49 27 21 0 8.14 0.16 0.00 0.30 0.79 1.31 1.17 1.38 1.16 0.89
35 45 14 1 8.15 0.39 0.00 0.25 0.90 1.35 1.20 1.17 1.28 1.09
6 38 12 0 8.25 0.27 0.00 0.57 0.89 1.25 0.77 0.83 1.01 0.90
37 15 32 0 8.29 0.63 0.00 0.46 1.30 1.57 1.11 0.82 0.76 0.76
42 26 38 0 8.32 0.32 0.00 0.51 0.74 1.43 1.52 0.93 0.79 0.84
45 64 38 1 8.32 0.08 0.00 0.51 1.09 1.38 1.28 0.85 0.87 0.87
60 46 4 0 8.34 0.62 0.00 0.53 0.69 1.41 1.17 0.92 0.74 0.60
3 23 31 1 8.38 0.48 0.00 0.68 0.97 1.34 0.96 0.96 0.83 0.75
67 72 35 0 8.38 0.42 0.00 0.63 0.87 2.59 1.73 1.02 0.81 0.90
26 11 32 1 8.39 0.27 0.00 0.33 0.62 1.91 1.28 1.24 1.54 1.58
42 48 36 1 8.39 0.52 0.00 0.53 1.29 1.49 1.10 1.04 1.11 1.26
18 59 31 1 8.40 0.12 0.00 0.59 1.16 1.94 1.10 0.85 0.63 0.59
43 53 14 1 8.41 0.52 0.00 0.29 1.00 1.55 1.40 1.47 1.13 1.05
70 40 41 0 8.43 0.07 0.00 0.15 1.04 1.60 1.25 1.18 1.15 1.01
49 2 4 0 8.46 0.38 0.00 0.40 0.68 2.05 1.68 1.16 0.66 0.67
59 29 41 0 8.49 0.15 0.00 0.22 1.14 1.46 1.28 1.07 1.12 0.97
59 45 4 0 8.49 0.24 0.00 0.60 0.72 1.40 1.04 0.90 0.81 0.57
60 29 29 0 8.49 0.29 0.00 0.47 0.76 1.41 1.58 1.20 1.01 1.03
67 27 29 0 8.49 0.39 0.00 0.60 0.93 2.02 1.05 0.78 0.47 1.16
78 80 23 0 8.49 0.13 0.00 0.75 1.20 1.86 1.40 1.28 1.19 0.96
67 37 41 0 8.50 0.08 0.00 0.19 1.09 1.40 1.07 0.96 1.12 0.86
68 45 29 0 8.50 0.15 0.00 0.80 0.74 1.91 0.93 0.78 0.53 0.81
25 9 18 0 8.52 0.36 0.00 0.36 1.08 1.52 0.78 0.65 0.75 0.72
16 3 26 0 8.53 0.28 0.00 0.80 0.52 1.94 1.36 1.32 0.95 0.64
40 76 32 1 8.53 0.35 0.00 0.35 1.18 1.55 1.15 1.10 0.80 0.58
68 73 35 0 8.53 0.26 0.00 0.56 0.78 2.19 1.89 1.04 0.83 0.86
44 54 14 1 8.56 0.11 0.00 0.35 1.13 1.71 1.46 1.48 1.21 1.08
70 54 25 1 8.57 0.05 0.00 0.47 1.06 1.31 0.97 0.88 0.94 1.32
10 80 26 0 8.62 0.12 0.00 0.70 0.47 2.15 1.20 0.75 0.67 0.63
17 58 31 1 8.62 0.32 0.00 0.64 1.01 1.74 1.03 0.91 0.64 0.54
24 8 18 0 8.64 0.28 0.00 0.41 1.08 1.70 0.75 0.56 0.73 0.73
52 22 41 0 8.64 0.80 0.00 0.19 0.88 1.31 1.10 1.03 1.10 1.02
72 56 25 1 8.64 0.09 0.00 0.38 1.21 1.40 0.81 0.91 0.91 1.32
11 67 25 1 8.66 0.55 0.00 0.67 0.80 1.52 1.29 1.11 1.38 1.35
34 19 40 0 8.67 0.16 0.00 0.69 1.45 2.01 1.22 1.29 0.93 0.94
53 77 4 0 8.67 0.59 0.00 0.24 0.48 1.63 1.34 1.15 0.70 1.22
6 5 20 0 8.67 0.67 0.00 0.36 1.23 2.44 1.62 1.30 1.16 0.87
34 79 24 0 8.68 0.23 0.00 0.64 0.65 1.22 1.03 1.10 1.12 0.91
51 57 36 1 8.68 0.19 0.00 0.36 1.49 2.14 1.36 0.86 0.86 1.14
36 13 15 0 8.70 0.25 0.00 0.77 1.09 1.49 1.17 0.94 0.93 1.18
37 32 14 0 8.72 0.74 0.00 0.48 1.39 2.05 1.24 1.21 1.26 1.42
79 81 23 0 8.72 0.15 0.00 0.77 0.97 1.80 1.52 1.37 1.13 0.94
3 46 39 1 8.73 0.21 0.00 0.31 1.06 2.60 1.12 0.57 0.71 0.69
43 62 38 1 8.76 0.30 0.00 0.49 0.91 1.29 1.35 0.85 0.91 0.93
68 38 41 0 8.76 0.37 0.00 0.19 0.93 1.32 1.11 1.04 1.12 0.95
68 77 35 0 8.77 0.24 0.00 0.61 0.90 1.68 1.28 0.74 0.57 0.98
38 45 35 1 8.78 0.28 0.00 0.80 0.48 1.59 1.33 1.18 1.00 0.83
78 26 17 0 8.78 0.30 0.00 0.58 0.88 1.38 0.99 0.71 0.75 0.72
50 56 36 1 8.79 0.51 0.00 0.27 1.39 2.28 1.29 0.74 0.87 1.21
78 82 10 0 8.81 0.71 0.00 0.84 1.09 1.73 1.15 1.10 0.92 0.60
15 2 26 0 8.82 0.51 0.00 0.82 0.53 2.03 1.36 1.46 1.05 0.69
26 15 25 1 8.84 0.37 0.00 0.39 0.61 1.22 0.89 0.76 0.84 1.08
40 59 38 1 8.85 0.06 0.00 0.51 1.02 1.29 1.29 0.94 1.07 1.07
64 50 4 0 8.85 0.10 0.00 0.67 0.66 1.50 1.05 0.93 0.67 0.59
13 45 12 0 8.86 0.04 0.00 0.61 1.11 1.31 1.04 1.09 1.22 1.01
44 68 4 0 8.86 0.20 0.00 0.34 0.52 1.47 1.25 1.21 0.67 0.72
18 62 27 0 8.88 0.80 0.00 0.64 0.49 3.15 1.20 1.01 0.90 1.27
47 17 41 0 8.88 0.33 0.00 0.14 0.88 1.50 1.20 1.04 1.19 1.00
56 34 21 0 8.88 0.19 0.00 0.33 0.83 1.24 1.19 1.34 1.05 0.87
78 42 37 1 8.88 0.06 0.00 0.50 1.35 1.96 0.83 0.57 0.87 1.22
2 1 10 0 8.89 0.04 0.00 0.32 1.24 2.82 1.02 0.57 0.96 0.82
48 24 17 0 8.89 0.51 0.00 0.45 0.82 2.39 1.73 1.56 1.23 0.91
6 26 31 1 8.91 0.19 0.00 0.58 0.95 1.29 1.04 0.92 0.78 0.75
54 71 34 1 8.93 0.24 0.00 0.20 0.95 1.77 1.49 1.48 1.18 1.08
4 40 23 1 8.94 0.41 0.00 0.30 0.53 2.73 1.28 0.65 0.78 0.61
16 77 18 1 8.95 0.21 0.00 0.29 0.38 2.41 1.58 1.05 0.84 0.76
43 21 21 0 8.96 0.37 0.00 0.27 0.82 1.31 1.28 1.34 1.13 0.91
53 70 34 1 8.96 0.39 0.00 0.26 1.26 1.85 1.50 1.38 0.98 0.98
26 33 35 1 8.99 0.18 0.00 0.60 0.53 1.80 1.52 1.49 0.75 0.86
4 41 16 0 8.99 0.10 0.00 0.74 0.99 1.43 1.07 0.69 1.05 0.80
57 26 29 0 8.99 0.24 0.00 0.42 0.89 1.38 1.50 1.31 0.95 1.05
65 27 5 0 8.99 0.30 0.00 0.65 0.49 1.95 1.61 1.46 1.13 1.01
5 25 31 1 9.00 0.27 0.00 0.55 0.86 1.29 1.15 0.89 0.87 0.66
3 2 41 0 9.02 0.59 0.00 0.35 1.31 2.30 0.89 0.59 0.76 0.66
41 60 38 1 9.03 0.23 0.00 0.48 1.04 1.28 1.30 1.00 1.09 1.06
42 20 21 0 9.03 0.16 0.00 0.25 0.67 1.30 1.25 1.34 1.05 0.86
47 71 4 0 9.03 0.57 0.00 0.38 0.43 1.54 1.30 1.07 0.69 0.69
78 79 24 0 9.06 0.19 0.00 0.82 1.08 1.78 1.46 0.82 1.18 0.99
22 32 14 0 9.07 0.25 0.00 0.57 0.68 1.52 1.09 0.78 0.68 0.55
37 69 12 1 9.07 0.33 0.00 0.26 0.71 1.55 1.29 1.53 1.47 1.03
27 34 35 1 9.09 0.23 0.00 0.75 0.58 1.78 1.52 1.33 0.75 0.91
12 10 4 0 9.10 0.57 0.00 0.19 0.90 1.36 1.28 1.10 1.04 0.86
23 67 27 0 9.10 0.28 0.00 0.96 0.55 2.39 1.35 1.02 0.73 1.03
76 77 24 0 9.11 0.24 0.00 0.90 1.15 2.11 1.44 0.97 1.04 1.10
33 22 25 1 9.12 0.10 0.00 0.47 0.68 1.42 1.05 0.74 0.60 0.73
28 35 36 1 9.14 0.35 0.00 0.46 1.46 1.98 0.95 0.73 0.85 1.40
61 78 34 1 9.15 0.37 0.00 0.28 0.83 1.56 1.42 1.50 1.30 1.21
53 31 21 0 9.16 0.26 0.00 0.24 0.65 1.28 1.23 1.30 1.11 0.93
76 55 35 1 9.16 0.51 0.00 0.33 0.84 2.72 1.50 1.01 0.53 0.92
22 2 39 0 9.17 0.17 0.00 0.58 0.87 1.17 0.82 0.96 0.93 0.94
28 17 25 1 9.17 0.39 0.00 0.39 0.59 1.55 1.20 0.83 0.53 0.73
21 6 32 1 9.18 0.24 0.00 0.32 0.74 1.83 1.33 1.34 1.60 1.50
21 65 27 0 9.20 0.68 0.00 1.06 0.68 2.44 1.37 1.07 0.89 0.90
55 63 34 1 9.20 0.68 0.00 0.61 0.65 1.62 1.39 1.35 0.81 0.57
46 22 17 0 9.24 0.35 0.00 0.62 0.79 2.46 1.64 1.57 1.27 0.94
5 42 16 0 9.24 0.64 0.00 0.74 1.01 1.44 0.92 0.65 1.18 0.85
4 3 19 0 9.27 0.44 0.00 0.75 1.46 2.06 1.10 0.98 1.03 0.67
40 35 10 1 9.27 0.72 0.00 0.42 0.81 1.25 1.25 0.83 0.80 1.15
67 44 29 0 9.27 0.28 0.00 0.67 0.83 1.67 1.06 0.76 0.50 0.97
34 44 14 1 9.28 0.12 0.00 0.24 0.87 1.30 1.25 1.22 1.20 1.07
51 20 29 0 9.28 0.09 0.00 0.42 1.02 1.42 1.52 1.34 0.97 0.98
75 79 10 0 9.29 0.75 0.00 0.86 0.99 1.63 1.18 1.24 0.83 0.66
35 56 13 0 9.30 0.03 0.00 0.54 0.59 1.25 0.94 0.76 0.76 1.03
36 57 13 0 9.31 0.69 0.00 0.42 0.55 1.40 1.08 0.69 0.63 1.02
29 82 37 1 9.32 0.10 0.01 0.40 1.12 1.24 1.01 1.12 1.02 1.13
35 62 18 1 9.32 0.23 0.00 0.51 1.24 1.58 1.04 1.37 1.27 1.40
69 46 29 0 9.32 0.15 0.00 0.56 0.62 1.79 0.85 0.61 0.50 0.92
56 26 41 0 9.33 0.29 0.00 0.24 0.95 1.32 1.27 1.16 1.15 1.15
27 25 4 0 9.37 0.40 0.00 0.45 1.53 1.81 1.42 1.07 1.04 0.96
79 27 17 0 9.37 0.24 0.00 0.72 1.06 1.54 1.23 0.76 0.89 0.67
42 52 14 1 9.39 0.16 0.00 0.31 0.87 1.22 1.29 1.09 1.13 1.08
45 81 32 1 9.39 0.55 0.00 0.36 1.49 1.83 1.22 1.20 0.86 0.66
7 77 26 0 9.41 0.14 0.00 0.74 0.47 2.21 1.19 0.71 0.61 0.72
30 46 37 1 9.42 0.27 0.00 0.62 0.83 1.32 1.26 1.30 0.77 0.94
3 39 23 1 9.43 0.47 0.00 0.34 0.45 2.58 1.37 0.81 0.69 0.57
66 36 41 0 9.43 0.46 0.00 0.19 0.82 1.29 1.16 0.95 1.12 1.11
16 72 25 1 9.44 0.45 0.00 0.55 0.87 1.27 1.00 1.01 1.22 1.40
22 8 38 0 9.44 0.55 0.00 0.95 0.48 1.67 0.85 0.71 0.94 1.01
32 39 36 1 9.44 0.66 0.00 0.43 1.46 2.01 0.97 0.63 0.79 1.27
42 61 38 1 9.44 0.16 0.00 0.59 1.00 1.27 1.25 0.89 0.95 0.89
20 61 31 1 9.45 0.30 0.00 0.64 1.09 1.66 1.07 0.83 0.69 0.55
43 79 32 1 9.47 0.41 0.00 0.41 1.40 1.70 1.01 1.02 0.74 0.58
2 43 41 1 9.50 0.56 0.00 0.55 1.62 2.38 0.72 0.96 1.06 0.72
13 54 31 1 9.52 0.24 0.00 0.69 1.15 1.68 1.08 0.88 0.66 0.61
27 12 32 1 9.54 0.57 0.00 0.48 1.05 1.99 1.40 1.56 1.37 1.41
31 26 14 0 9.54 0.19 0.00 0.37 0.99 1.46 1.52 1.22 1.11 1.33
28 70 35 1 9.55 0.37 0.00 0.54 0.66 1.85 1.70 1.11 0.76 0.59
79 6 37 1 9.55 0.71 0.00 0.57 0.70 1.22 0.92 0.84 0.81 1.25
35 51 37 1 9.60 0.20 0.00 0.83 0.89 1.37 1.17 1.06 0.83 1.05
31 9 32 0 9.63 0.32 0.00 0.25 1.27 1.42 1.04 1.06 1.28 1.19
78 5 37 1 9.64 0.17 0.00 0.53 0.71 1.37 1.12 0.82 0.68 1.41
34 50 37 1 9.67 0.28 0.00 0.60 0.87 1.22 1.19 1.27 0.99 0.94
27 16 25 1 9.68 0.10 0.00 0.42 0.62 1.41 1.01 0.71 0.75 0.54
62 64 29 0 9.68 0.62 0.00 0.70 0.61 1.87 1.49 1.39 1.35 1.38
70 79 35 0 9.68 0.25 0.00 0.56 0.90 1.49 1.23 0.73 0.58 1.07
50 20 41 0 9.69 0.26 0.00 0.21 1.04 1.35 1.24 1.03 1.26 1.06
31 38 36 1 9.70 0.30 0.00 0.48 1.45 2.19 1.04 0.57 0.80 1.09
47 0 4 0 9.70 0.26 0.00 0.55 0.72 1.75 1.66 1.01 0.78 0.56
51 68 34 1 9.70 0.62 0.00 0.22 1.12 2.12 1.68 1.40 1.10 0.93
15 56 31 1 9.71 0.26 0.00 0.58 1.08 1.57 1.05 0.84 0.67 0.55
32 74 35 1 9.71 0.24 0.00 0.42 0.86 1.45 1.58 1.34 0.81 0.78
73 37 37 1 9.71 0.63 0.00 0.37 1.49 2.17 0.98 0.68 0.79 1.36
19 60 31 1 9.72 0.53 0.00 0.55 1.17 1.73 1.04 0.88 0.58 0.59
55 33 21 0 9.72 0.15 0.00 0.20 0.90 1.40 1.39 1.32 0.99 0.90
19 29 14 0 9.73 0.26 0.00 0.59 0.74 1.72 0.99 0.75 0.69 0.45
67 51 25 1 9.73 0.17 0.00 0.45 1.28 1.43 0.91 1.02 0.88 1.45
44 63 38 1 9.75 0.06 0.00 0.62 1.23 1.38 1.28 1.04 0.99 0.90
46 65 38 1 9.75 0.16 0.00 0.45 1.15 1.28 1.31 1.02 0.92 0.90
44 14 41 0 9.78 0.34 0.00 0.13 1.01 1.50 1.11 0.79 1.02 0.96
66 43 29 0 9.78 0.50 0.00 0.79 0.56 1.82 0.96 0.69 0.55 0.80
80 25 28 1 9.79 0.27 0.00 0.63 1.04 1.28 1.14 0.97 0.79 0.83
21 14 15 0 9.80 0.51 0.04 0.59 0.53 1.64 1.47 0.99 1.30 1.37
33 78 29 0 9.80 0.21 0.00 0.52 0.75 2.13 1.58 0.79 0.51 0.78
33 40 35 1 9.81 0.36 0.00 0.88 0.63 1.60 1.35 1.37 1.01 0.75
9 41 12 0 9.81 0.27 0.00 0.56 0.74 1.19 0.71 0.91 0.84 0.82
28 23 14 0 9.83 0.26 0.00 0.23 0.99 1.33 1.40 1.09 1.16 0.92
4 3 20 0 9.83 0.20 0.00 0.43 1.23 2.04 1.77 1.29 1.14 1.03
69 31 5 0 9.83 0.07 0.00 0.66 0.31 1.72 1.06 1.03 0.84 0.64
17 73 25 1 9.84 0.03 0.00 0.61 0.77 1.28 1.07 1.06 1.35 1.32
10 42 12 0 9.85 0.46 0.00 0.64 0.91 1.19 0.83 0.82 1.01 0.90
3 2 19 0 9.87 0.28 0.00 0.76 1.48 2.05 1.14 1.08 1.02 0.66
24 9 32 1 9.88 0.39 0.00 0.28 0.81 1.90 1.40 1.48 1.41 1.55
38 59 13 0 9.88 0.15 0.00 0.38 0.56 1.59 1.07 0.65 0.53 0.76
38 70 12 1 9.88 0.51 0.00 0.33 1.01 1.75 1.46 1.59 1.50 0.87
52 69 34 1 9.88 0.29 0.00 0.28 1.31 1.99 1.63 1.32 1.11 1.03
74 53 35 1 9.88 0.65 0.00 0.37 0.75 2.80 1.42 0.81 0.50 0.84
58 27 29 0 9.90 0.51 0.00 0.50 0.75 1.40 1.64 1.31 0.95 0.96
59 28 29 0 9.90 0.14 0.00 0.46 0.88 1.29 1.48 1.25 0.96 1.10
62 22 29 0 9.91 0.44 0.00 0.55 0.93 1.68 1.19 1.01 0.44 0.96
80 44 37 1 9.91 0.53 0.00 0.41 1.52 2.34 0.90 0.67 0.79 1.29
60 77 34 1 9.92 0.21 0.00 0.27 0.89 1.55 1.38 1.61 1.26 1.18
19 80 18 1 9.93 0.29 0.00 0.24 0.36 2.46 1.49 1.19 0.74 0.81
81 21 18 0 9.93 0.30 0.00 0.30 0.66 2.19 1.18 0.80 0.72 1.89
56 34 10 0 9.96 0.18 0.00 0.22 1.20 1.55 1.26 0.84 1.14 1.35
63 23 29 0 9.97 0.69 0.00 0.68 0.92 1.74 1.13 0.84 0.47 0.87
73 20 18 1 9.97 0.39 0.00 0.31 1.35 2.15 1.16 0.96 0.56 0.65
54 36 31 1 9.98 0.10 0.00 0.46 1.12 1.30 0.97 1.02 0.81 0.62
6 43 16 0 9.99 0.40 0.00 0.60 1.04 1.24 0.95 0.72 1.03 0.93
34 76 35 1 10.00 0.44 0.00 0.42 0.78 1.46 1.67 1.22 0.85 0.70
48 56 34 1 10.02 0.40 0.00 0.56 0.79 1.39 1.20 1.19 0.83 0.51
26 10 18 0 10.03 0.07 0.00 0.37 1.04 1.41 0.81 0.60 0.76 0.72
31 73 35 1 10.03 0.39 0.00 0.39 0.65 1.72 1.61 1.09 0.72 0.53
73 74 27 0 10.03 0.46 0.00 0.33 1.24 1.78 0.63 0.98 0.83 1.64
36 52 37 1 10.04 0.23 0.00 0.69 0.80 1.20 1.15 1.08 0.90 0.91
16 9 15 0 10.06 0.27 0.03 0.60 0.50 1.53 1.40 0.90 1.32 1.31
54 32 21 0 10.06 0.37 0.00 0.24 0.67 1.22 1.28 1.17 1.17 0.89
55 76 6 0 10.06 0.28 0.00 0.56 1.05 1.26 1.10 1.33 1.12 1.18
6 49 39 1 10.07 0.19 0.00 0.62 1.44 2.79 1.06 0.90 1.04 0.61
76 80 10 0 10.07 0.23 0.00 0.82 1.11 1.80 1.24 1.14 0.86 0.54
19 8 25 1 10.10 0.08 0.00 0.42 0.57 1.21 1.08 0.75 0.89 1.23
67 68 2 0 10.10 0.44 0.00 0.86 1.10 2.16 1.06 0.74 0.71 0.60
50 19 29 0 10.13 0.14 0.00 0.46 1.00 1.34 1.52 1.26 0.97 1.04
69 13 35 1 10.15 0.26 0.00 0.35 0.86 2.94 1.21 0.71 0.51 0.84
57 13 29 1 10.16 0.37 0.00 0.46 0.63 1.66 1.29 0.96 0.46 0.71
14 70 25 1 10.17 0.39 0.01 0.63 0.63 1.40 1.08 1.07 1.36 1.54
19 63 27 0 10.18 0.55 0.00 0.84 0.45 2.70 1.32 1.08 0.78 1.25
37 64 18 1 10.18 0.16 0.00 0.58 1.24 1.64 1.16 1.20 1.38 1.49
43 51 34 1 10.19 0.30 0.00 0.54 1.00 1.24 1.17 0.95 1.13 0.66
77 49 29 1 10.20 0.10 0.00 0.35 1.37 2.34 1.42 0.91 0.73 0.61
50 9 34 1 10.21 0.03 0.00 0.78 0.85 1.84 1.61 1.25 0.66 1.03
78 79 27 0 10.21 0.46 0.00 0.30 1.25 1.77 0.63 0.88 0.86 1.63
30 15 40 0 10.22 0.36 0.00 0.67 1.37 1.89 1.45 1.40 1.08 1.05
47 23 17 0 10.22 0.24 0.00 0.60 0.81 2.45 1.62 1.70 1.28 1.02
61 14 12 1 10.22 0.38 0.00 0.82 1.20 1.63 1.14 0.83 0.83 0.66
74 38 37 1 10.22 0.49 0.00 0.47 1.56 2.08 0.98 0.69 0.80 1.32
3 2 10 0 10.23 0.12 0.00 0.25 1.19 2.77 1.01 0.51 1.03 0.78
61 66 35 0 10.23 0.47 0.00 0.68 0.83 2.18 1.90 1.23 0.84 0.84
42 78 32 1 10.25 0.29 0.00 0.41 1.37 1.61 1.19 0.97 0.76 0.59
30 51 13 0 10.26 0.26 0.00 0.42 0.44 1.31 0.98 0.73 0.84 1.26
27 37 14 0 10.28 0.39 0.00 0.68 0.62 1.51 1.10 0.78 0.71 0.55
57 43 4 0 10.28 0.53 0.00 0.56 0.65 1.37 1.23 0.89 0.75 0.55
64 69 35 0 10.29 0.89 0.00 0.73 0.63 2.22 1.89 0.98 0.90 0.78
17 62 30 1 10.30 0.39 0.00 0.62 1.04 1.49 1.05 1.00 1.10 1.70
36 15 29 0 10.30 0.22 0.00 0.44 0.39 1.52 1.50 1.16 0.84 0.73
64 48 25 1 10.30 0.06 0.00 0.75 1.32 1.52 1.05 1.11 0.74 0.93
44 22 21 0 10.31 0.17 0.00 0.26 0.68 1.32 1.46 1.30 1.19 0.87
61 47 4 0 10.31 0.14 0.00 0.68 0.69 1.41 1.03 0.90 0.64 0.60
11 9 4 0 10.32 0.14 0.00 0.24 1.08 1.34 1.44 1.08 1.03 0.85
55 41 4 0 10.33 0.55 0.00 0.31 0.94 1.64 1.41 0.90 0.74 0.48
17 67 4 1 10.34 0.40 0.00 0.83 0.75 2.39 1.46 1.33 0.77 0.59
32 48 37 1 10.35 0.11 0.00 0.75 0.75 1.21 1.14 1.06 0.90 1.04
36 43 36 1 10.35 0.53 0.00 0.82 1.41 1.79 0.90 0.78 0.91 1.21
65 42 29 0 10.36 0.48 0.00 0.61 0.54 1.76 0.92 0.60 0.51 0.89
75 54 35 1 10.37 0.80 0.00 0.36 0.74 2.80 1.59 0.83 0.55 0.90
37 44 35 1 10.38 0.26 0.00 0.81 0.47 1.39 1.20 1.00 0.90 0.79
39 49 14 1 10.42 0.57 0.00 0.28 0.79 1.18 1.22 1.19 1.16 1.14
27 69 35 1 10.43 0.24 0.00 0.58 0.66 1.55 1.38 1.07 0.75 0.49
26 71 29 0 10.45 0.15 0.00 0.43 0.61 2.30 1.62 0.68 0.55 0.82
36 43 35 1 10.45 0.46 0.00 0.87 0.53 1.48 1.30 1.08 1.01 0.69
41 77 32 1 10.45 0.30 0.00 0.40 1.51 1.92 1.30 1.10 0.78 0.61
49 25 17 0 10.45 0.37 0.00 0.40 0.87 2.25 1.87 1.57 1.22 0.97
64 73 35 0 10.45 0.11 0.00 0.66 0.89 1.51 1.24 0.66 0.63 0.80
77 42 18 1 10.45 0.12 0.00 0.68 0.79 3.13 1.46 0.74 0.78 0.84
59 19 29 0 10.46 0.39 0.00 0.57 0.80 1.91 1.41 0.84 0.45 1.14
32 21 25 1 10.47 0.15 0.00 0.58 0.57 1.39 1.09 0.92 0.59 0.65
32 27 14 0 10.48 0.55 0.00 0.40 1.34 2.14 1.43 1.37 1.30 1.44
79 80 27 0 10.49 0.48 0.00 0.30 1.10 1.72 0.59 0.90 0.83 1.70
49 68 38 1 10.53 0.04 0.00 0.44 1.08 1.58 1.31 0.69 0.63 0.67
33 18 40 0 10.54 0.25 0.00 0.73 1.45 1.92 1.31 1.39 1.09 1.00
68 52 25 1 10.54 0.44 0.00 0.50 1.14 1.24 0.81 0.91 0.91 1.31
37 53 37 1 10.55 0.35 0.00 0.82 0.84 1.27 1.20 0.92 0.93 0.99
4 24 31 1 10.57 0.22 0.00 0.62 0.83 1.22 1.07 0.83 0.78 0.71
2 1 20 0 10.59 0.47 0.00 0.40 1.22 1.74 1.75 0.91 0.99 1.25
62 76 31 0 10.59 0.58 0.00 0.53 1.40 1.64 1.33 0.86 0.72 0.76
72 49 29 0 10.59 0.45 0.00 0.62 0.59 1.61 0.86 0.67 0.49 0.90
57 74 34 1 10.60 0.14 0.00 0.16 0.87 1.92 1.66 1.42 1.14 1.10
60 20 29 0 10.61 0.64 0.00 0.77 0.91 1.99 1.18 0.86 0.45 0.93
9 29 31 1 10.61 0.19 0.00 0.60 0.81 1.22 1.12 0.88 0.82 0.65
31 76 24 0 10.62 0.31 0.00 0.83 0.68 1.35 1.25 1.09 1.30 1.15
32 53 13 0 10.62 0.34 0.00 0.58 0.51 1.23 0.79 0.84 0.86 1.27
60 70 41 1 10.62 0.39 0.03 0.39 0.68 1.23 0.72 1.05 1.28 1.37
76 81 35 0 10.62 0.73 0.00 0.52 0.59 2.33 1.87 0.92 0.66 0.77
46 82 32 1 10.63 0.64 0.00 0.42 1.45 1.91 1.17 0.92 0.69 0.55
73 78 35 0 10.63 0.18 0.00 0.64 0.61 2.31 1.91 0.94 0.72 0.87
74 1 37 1 10.63 0.06 0.00 0.52 0.60 1.26 1.06 0.81 0.73 1.35
10 74 9 1 10.64 0.62 0.00 1.13 1.02 1.97 1.18 0.80 0.85 0.99
45 15 41 0 10.64 0.28 0.00 0.18 0.80 1.21 1.15 1.10 1.09 0.97
7 6 19 0 10.64 0.37 0.00 0.63 1.67 2.51 0.99 1.01 1.31 0.89
39 16 15 0 10.65 0.24 0.00 0.83 1.42 1.91 1.19 0.83 0.76 0.88
14 1 26 0 10.67 0.27 0.00 0.86 0.51 1.96 1.47 1.36 0.94 0.62
37 22 40 0 10.68 0.55 0.00 0.48 1.77 2.05 1.21 1.14 0.96 0.92
64 24 29 1 10.68 0.42 0.00 0.48 0.57 2.84 1.70 1.02 0.63 1.13
76 3 37 1 10.68 0.57 0.00 0.60 0.81 1.27 0.90 0.74 0.84 1.43
47 55 34 1 10.69 0.28 0.00 0.58 0.86 1.28 1.29 1.24 0.95 0.62
19 69 4 1 10.71 0.60 0.00 0.87 0.71 2.45 1.45 1.18 0.77 0.56
39 55 13 1 10.72 0.26 0.00 0.59 1.18 1.27 0.91 0.98 0.74 0.78
48 26 21 0 10.72 0.39 0.00 0.21 0.66 1.23 1.22 1.29 1.10 0.85
81 82 27 0 10.72 0.43 0.00 0.27 1.23 1.74 0.65 0.93 0.88 1.68
30 7 15 0 10.73 0.06 0.00 0.87 1.00 1.52 1.30 0.87 0.94 1.33
40 47 35 1 10.75 0.32 0.00 0.68 0.46 1.35 1.20 1.34 1.08 0.74
48 65 34 1 10.75 0.33 0.00 0.21 1.24 1.87 1.66 1.31 1.04 0.96
75 76 27 0 10.75 0.64 0.00 0.30 1.17 1.72 0.57 0.82 0.93 1.64
43 79 19 0 10.77 0.27 0.00 1.12 0.48 1.94 0.68 1.07 1.25 1.10
54 13 27 0 10.77 0.64 0.00 0.75 0.53 2.08 1.46 1.13 0.74 0.51
59 15 29 1 10.77 0.52 0.00 0.51 0.52 1.77 1.25 0.86 0.45 0.71
61 70 35 0 10.77 0.28 0.00 0.61 0.91 1.38 1.19 0.75 0.58 0.99
77 79 23 0 10.78 0.44 0.00 0.84 1.00 1.85 1.58 1.40 1.27 0.89
79 43 37 1 10.78 0.58 0.00 0.36 1.45 2.19 0.80 0.71 0.73 1.51
24 3 38 1 10.79 0.44 0.00 0.21 0.48 2.13 1.72 1.37 0.76 0.95
35 30 14 0 10.79 0.44 0.00 0.42 1.40 2.00 1.34 1.38 1.35 1.41
17 27 14 0 10.80 0.12 0.00 0.59 0.65 1.47 0.96 0.81 0.60 0.54
34 55 13 0 10.80 0.16 0.00 0.53 0.54 1.22 1.12 0.88 0.74 1.23
54 24 41 0 10.80 0.40 0.00 0.15 0.89 1.34 1.20 0.79 1.09 0.97
31 67 32 1 10.81 0.10 0.00 0.34 0.49 1.17 1.04 1.23 1.19 1.13
12 0 37 1 10.82 0.24 0.00 0.42 0.62 1.32 0.91 0.65 0.60 0.83
29 18 25 1 10.82 0.12 0.00 0.51 0.66 1.35 1.01 0.73 0.57 0.70
54 23 29 0 10.83 0.70 0.00 0.36 0.85 1.29 1.60 1.23 0.89 0.96
49 66 34 1 10.84 0.23 0.00 0.26 1.28 1.95 1.76 1.27 1.00 0.93
60 44 25 1 10.85 0.07 0.00 0.83 1.30 1.63 1.15 0.99 0.72 1.07
21 62 31 1 10.86 0.32 0.00 0.63 1.13 1.75 1.18 0.81 0.67 0.51
54 40 4 0 10.86 0.62 0.00 0.42 0.85 1.48 1.12 1.15 0.66 0.45
54 62 34 1 10.86 0.34 0.00 0.55 0.63 1.64 1.56 1.31 0.78 0.54
65 77 39 0 10.86 0.45 0.00 0.49 1.09 1.16 0.90 0.94 0.85 0.76
77 41 37 1 10.87 0.29 0.00 0.47 1.44 2.14 0.90 0.52 0.82 1.23
35 74 25 1 10.88 0.60 0.00 0.29 1.58 1.63 1.11 0.84 0.78 0.93
46 54 34 1 10.89 0.37 0.00 0.48 1.16 1.28 1.11 1.13 1.05 0.59
10 66 25 1 10.90 0.44 0.00 0.42 0.68 1.32 0.91 1.06 1.43 1.63
28 70 13 1 10.90 0.58 0.00 0.84 1.38 2.18 1.34 0.81 0.78 0.90
11 43 12 0 10.91 0.17 0.00 0.60 0.79 1.12 0.74 0.88 1.03 0.85
20 81 18 1 10.91 0.42 0.00 0.26 0.36 2.29 1.76 1.11 0.95 0.82
31 47 37 1 10.91 0.11 0.00 0.81 0.69 1.21 1.15 1.05 0.95 0.97
38 11 8 0 10.91 0.47 0.00 0.37 1.35 1.34 1.05 0.76 1.07 1.18
71 18 18 1 10.91 0.25 0.00 0.32 1.28 1.94 1.34 0.92 0.55 0.65
77 81 10 0 10.92 0.35 0.00 0.89 1.08 1.80 1.34 1.23 0.93 0.58
22 66 27 0 10.94 0.26 0.00 1.07 0.51 2.50 1.32 0.90 0.78 0.95
32 48 13 1 10.94 0.26 0.00 0.52 0.82 1.07 0.88 0.94 0.93 1.01
36 14 32 0 10.94 0.21 0.00 0.42 1.38 1.33 0.99 0.73 0.90 0.93
80 81 24 0 10.94 0.53 0.00 0.27 1.19 1.62 1.26 0.58 1.40 1.09
17 5 37 1 10.95 0.15 0.00 0.47 0.58 1.32 0.91 0.59 0.68 0.80
77 24 18 1 10.96 0.45 0.00 0.33 0.91 2.10 1.08 0.56 0.49 0.65
79 80 17 0 10.96 0.28 0.00 0.32 1.34 1.93 0.65 0.60 1.16 0.58
32 9 15 0 10.97 0.23 0.00 0.86 1.24 1.53 1.13 0.94 1.05 1.29
33 43 14 1 10.97 0.47 0.00 0.28 1.05 1.42 1.30 1.40 1.46 1.18
35 80 24 0 10.98 0.39 0.00 0.68 0.78 1.13 0.75 1.01 1.00 1.05
43 16 8 0 10.98 0.26 0.00 0.50 1.06 1.29 1.07 0.61 0.86 1.12
11 4 15 0 10.99 0.24 0.04 0.71 0.48 1.56 1.39 0.94 1.30 1.31
34 63 13 1 10.99 0.19 0.00 0.66 1.15 1.32 1.30 0.98 0.82 0.83
40 24 38 0 11.06 0.42 0.00 0.51 0.74 1.18 1.46 1.14 1.09 1.01
72 19 18 1 11.06 0.51 0.00 0.34 1.34 2.11 1.28 0.96 0.57 0.58
49 19 41 0 11.07 0.60 0.00 0.15 0.87 1.26 1.13 1.07 1.14 0.99
72 36 37 1 11.07 0.44 0.00 0.35 1.49 2.29 0.87 0.65 0.67 1.29
74 79 35 0 11.07 0.43 0.00 0.64 0.61 2.29 1.85 0.89 0.65 0.80
2 38 23 1 11.08 0.91 0.00 0.26 0.45 2.31 1.32 0.65 0.64 0.58
70 71 2 0 11.08 0.30 0.00 0.48 1.31 2.20 0.98 0.61 0.62 0.59
69 39 41 0 11.09 0.61 0.00 0.10 0.95 1.41 1.03 0.98 1.03 0.93
70 47 29 0 11.09 0.13 0.00 0.67 0.50 1.96 0.84 0.71 0.43 0.94
30 19 25 1 11.10 0.10 0.00 0.56 0.69 1.33 1.05 0.82 0.59 0.64
33 49 37 1 11.10 0.14 0.00 0.87 0.84 1.26 1.13 1.03 0.91 1.01
65 53 24 1 11.10 0.06 0.00 0.59 1.19 1.55 0.96 0.78 0.69 0.54
73 17 35 1 11.12 0.23 0.00 0.30 0.73 2.81 1.12 0.60 0.49 0.78
65 34 29 0 11.13 0.24 0.00 0.32 0.58 1.32 1.39 0.97 0.73 1.35
29 71 35 1 11.14 0.11 0.00 0.47 0.76 1.67 1.62 1.14 0.77 0.48
45 18 8 0 11.15 0.28 0.00 0.46 1.05 1.23 0.93 0.73 0.72 1.14
4 36 12 0 11.16 0.24 0.00 0.64 0.99 1.13 0.87 0.87 1.02 0.88
63 72 35 0 11.16 0.10 0.00 0.74 0.89 1.48 1.17 0.70 0.59 0.83
69 73 10 0 11.17 0.37 0.00 0.96 1.12 1.71 1.35 1.00 0.89 0.69
20 70 4 1 11.18 0.82 0.00 0.93 0.76 2.35 1.62 1.17 0.84 0.65
28 13 32 1 11.18 0.24 0.00 0.66 1.20 1.73 1.29 1.43 1.47 1.32
54 64 41 1 11.18 0.36 0.04 0.49 0.71 1.20 0.79 0.88 1.29 1.33
31 52 13 0 11.21 0.35 0.00 0.57 0.74 1.18 0.89 0.75 0.75 1.20
10 8 4 0 11.22 0.18 0.00 0.21 0.97 1.24 1.29 1.11 1.14 0.80
39 63 4 0 11.22 0.09 0.00 0.33 0.54 1.34 1.02 1.00 0.64 0.54
23 65 35 1 11.23 0.12 0.00 0.47 0.63 1.83 1.63 1.19 0.72 0.48
5 79 29 1 11.24 0.59 0.00 0.53 0.63 2.92 1.44 0.64 0.60 1.11
2 68 16 1 11.25 0.46 0.00 0.33 1.07 1.72 0.54 0.49 0.95 0.74
3 35 12 0 11.25 0.31 0.00 0.64 1.03 1.17 0.80 0.87 0.84 0.87
46 23 5 0 11.25 0.21 0.00 0.67 0.94 1.27 1.35 1.30 1.11 1.11
14 7 15 0 11.26 0.24 0.03 0.67 0.43 1.57 1.51 0.98 1.12 1.28
12 44 12 0 11.27 0.17 0.00 0.65 0.86 1.13 0.80 0.86 0.90 0.85
37 21 38 0 11.27 0.41 0.00 0.42 0.88 1.12 1.34 1.13 1.07 0.99
16 57 31 1 11.28 0.02 0.00 0.56 1.04 1.64 1.01 0.76 0.58 0.51
20 4 18 0 11.28 0.48 0.00 0.44 0.89 1.26 0.77 0.58 0.78 0.81
28 38 14 0 11.28 0.11 0.00 0.55 1.04 1.55 1.00 0.82 0.66 0.47
60 69 35 0 11.28 0.26 0.00 0.65 0.97 1.39 1.17 0.70 0.63 1.12
71 50 35 1 11.29 0.38 0.00 0.32 1.14 2.29 1.75 1.35 0.65 0.83
42 81 25 1 11.30 0.33 0.00 0.38 1.76 1.77 1.20 1.01 0.91 1.04
75 39 37 1 11.30 0.46 0.00 0.39 1.66 2.30 0.96 0.67 0.79 1.23
79 80 24 0 11.30 0.55 0.00 0.97 0.92 1.64 1.37 0.70 1.24 0.91
8 28 31 1 11.31 0.28 0.00 0.68 0.80 1.24 1.11 0.80 0.87 0.63
42 50 34 1 11.32 0.40 0.00 0.66 0.93 1.24 1.19 1.13 0.92 0.63
70 31 35 0 11.32 0.35 0.00 0.37 1.38 2.65 1.52 0.94 0.66 0.79
9 7 4 0 11.32 0.49 0.00 0.26 0.98 1.20 1.33 1.11 1.09 0.81
23 7 18 0 11.33 0.54 0.00 0.49 1.17 1.30 0.97 0.64 0.77 0.89
18 2 18 0 11.34 0.20 0.00 0.38 1.04 1.21 0.95 0.73 0.88 0.64
49 18 29 0 11.34 0.19 0.00 0.50 0.83 1.24 1.50 1.34 1.00 1.04
55 24 29 0 11.34 0.64 0.00 0.43 0.78 1.24 1.61 1.17 0.89 1.00
19 77 29 0 11.35 0.34 0.00 0.42 0.69 2.09 0.94 0.56 0.54 0.49
22 7 32 1 11.35 0.26 0.00 0.33 0.78 1.66 1.40 1.49 1.40 1.63
3 58 27 1 11.35 0.34 0.00 0.39 1.43 2.23 1.04 0.65 0.80 0.51
33 75 35 1 11.36 0.20 0.00 0.56 0.88 1.45 1.66 1.19 0.81 0.67
55 60 35 0 11.36 0.29 0.00 0.70 1.03 2.18 1.87 1.36 1.18 0.93
23 9 38 0 11.37 0.34 0.00 1.17 0.57 1.67 0.87 0.77 0.96 1.06
36 63 18 1 11.38 0.17 0.00 0.58 1.30 1.57 1.19 1.29 1.40 1.40
5 4 20 0 11.39 0.27 0.00 0.36 1.45 2.26 1.69 1.32 1.16 0.93
34 13 29 0 11.40 0.21 0.00 0.52 0.42 1.59 1.56 1.03 0.79 0.60
5 41 23 1 11.40 0.60 0.00 0.33 0.47 2.86 1.26 0.60 0.72 0.60
24 22 4 0 11.41 0.73 0.00 0.50 1.50 1.59 1.47 1.19 0.94 0.88
31 73 13 1 11.41 0.55 0.00 0.80 1.46 2.46 1.22 0.81 0.72 0.91
43 62 24 1 11.41 0.48 0.00 0.78 0.74 1.30 1.24 1.03 0.82 0.64
46 2 33 0 11.42 0.11 0.00 0.37 1.20 1.24 1.19 1.22 1.16 1.22
19 5 38 0 11.43 0.30 0.00 1.05 0.38 1.96 0.91 0.75 1.08 1.20
20 3 7 0 11.43 0.15 0.00 0.74 0.82 1.16 0.76 1.01 1.22 1.03
26 24 4 0 11.43 0.35 0.00 0.35 1.71 2.00 1.39 1.16 0.91 0.89
58 46 24 1 11.43 0.19 0.00 0.69 1.28 1.56 1.05 0.85 0.72 0.59
65 25 29 0 11.43 0.33 0.00 0.65 0.87 1.91 1.03 0.80 0.38 1.09
10 23 23 1 11.44 0.06 0.00 0.71 0.79 1.94 0.96 0.70 0.47 0.59
26 5 38 1 11.44 0.03 0.00 0.16 0.56 1.86 1.66 1.40 0.96 1.25
44 67 16 0 11.44 0.04 0.00 0.15 1.24 1.94 0.91 0.90 1.36 1.58
30 37 36 1 11.45 0.71 0.00 0.47 1.58 1.88 1.01 0.64 0.78 1.26
32 77 24 0 11.45 0.28 0.00 0.73 0.78 1.18 1.27 1.16 1.07 0.90
36 6 37 1 11.45 0.26 0.00 0.76 1.28 1.59 1.39 1.20 0.94 0.69
38 15 15 0 11.45 0.11 0.00 0.94 1.13 1.48 1.11 0.86 0.90 1.20
57 48 13 0 11.46 0.15 0.00 1.15 0.96 1.99 1.31 1.11 1.19 1.22
1 0 19 0 11.47 0.21 0.00 0.38 0.97 1.51 1.17 0.61 0.68 0.55
36 31 14 0 11.47 0.47 0.00 0.32 1.51 1.82 1.20 1.11 1.34 1.50
23 8 32 1 11.48 0.38 0.00 0.36 0.82 1.49 1.16 1.45 1.39 1.69
36 24 23 0 11.48 0.02 0.00 0.34 0.98 1.34 1.61 1.31 1.23 0.89
51 59 34 1 11.49 0.55 0.00 0.71 0.81 1.23 1.19 1.12 0.86 0.65
21 5 18 0 11.50 0.37 0.00 0.57 0.88 1.21 0.89 0.64 0.75 0.84
24 82 29 0 11.50 0.17 0.00 0.33 0.66 2.21 0.89 0.56 0.53 0.51
37 16 29 0 11.50 0.48 0.00 0.51 0.51 1.57 1.64 1.06 0.83 0.55
81 82 24 0 11.50 0.45 0.00 0.27 1.42 1.71 1.22 0.59 1.29 0.98
41 14 8 0 11.51 0.04 0.00 0.36 0.96 1.27 1.12 0.69 0.70 1.27
11 81 26 0 11.52 0.36 0.00 0.92 0.46 2.11 1.14 0.76 0.57 0.78
23 81 29 0 11.52 0.44 0.00 0.53 0.77 1.97 0.99 0.50 0.51 0.66
2 61 23 1 11.53 0.43 0.00 0.27 1.04 3.06 1.15 0.59 0.69 0.71
27 59 12 0 11.54 0.26 0.00 1.01 1.10 1.58 1.11 1.27 1.22 1.13
41 19 21 0 11.54 0.18 0.00 0.21 0.62 1.23 1.24 1.41 1.04 0.91
49 73 4 0 11.54 0.15 0.00 0.26 0.46 1.26 1.15 1.10 0.66 0.94
58 82 4 0 11.55 0.48 0.00 0.34 0.39 1.43 1.19 1.09 0.57 0.90
68 70 29 0 11.55 0.53 0.00 0.72 0.50 1.77 1.35 1.35 1.29 1.61
9 17 29 0 11.58 0.29 0.00 0.29 0.56 1.62 0.98 0.61 0.48 1.11
48 71 16 0 11.59 0.34 0.00 0.28 1.28 1.70 1.01 0.81 1.37 1.69
17 1 18 0 11.60 0.18 0.00 0.47 0.98 1.15 0.90 0.73 0.84 0.73
20 11 34 0 11.60 0.09 0.00 0.74 0.81 1.56 1.06 0.63 0.53 0.84
62 71 35 0 11.60 0.12 0.00 0.65 1.07 1.36 1.09 0.67 0.66 1.02
20 13 15 0 11.62 0.26 0.03 0.60 0.44 1.52 1.39 1.04 1.41 1.37
43 31 23 0 11.62 0.15 0.00 0.38 0.88 1.37 1.65 1.38 1.24 0.81
46 56 41 1 11.62 0.26 0.02 0.37 0.78 1.20 0.67 1.02 1.34 1.38
12 82 26 0 11.63 0.21 0.00 0.67 0.40 2.16 1.03 0.64 0.55 0.66
21 42 31 0 11.64 0.10 0.00 0.83 1.21 1.35 1.16 1.06 1.14 1.04
45 81 32 0 11.64 0.21 0.00 0.73 1.42 1.52 1.15 0.98 0.92 0.67
73 52 35 1 11.64 0.22 0.00 0.39 0.81 3.06 1.33 0.73 0.49 0.98
80 81 12 0 11.65 0.12 0.00 0.83 1.00 1.51 0.81 0.68 0.64 0.80
25 10 32 1 11.66 0.25 0.00 0.30 0.85 1.76 1.53 1.30 1.52 1.61
16 14 4 0 11.68 0.25 0.00 0.28 1.50 1.48 1.30 1.19 1.14 0.90
25 67 35 1 11.68 0.40 0.00 0.47 0.64 1.88 1.79 1.07 0.68 0.54
39 16 5 0 11.68 0.26 0.00 0.51 0.63 1.06 0.78 0.87 1.03 0.88
49 79 16 0 11.68 0.53 0.00 0.41 1.25 1.28 0.95 1.05 0.74 0.64
60 30 41 0 11.68 0.63 0.00 0.16 0.84 1.20 1.17 1.03 1.05 0.93
18 4 38 0 11.69 0.18 0.00 1.03 0.44 1.61 0.80 0.74 1.01 1.12
41 78 8 1 11.69 0.06 0.00 0.92 0.73 1.35 0.98 0.81 0.68 0.95
76 37 35 0 11.70 0.60 0.00 0.29 0.86 2.87 1.27 0.75 0.46 0.76
2 45 39 1 11.71 0.18 0.00 0.30 1.25 2.83 1.11 0.61 0.70 0.63
36 78 35 1 11.71 0.03 0.00 0.49 0.73 1.17 1.29 1.25 0.76 0.75
22 80 29 0 11.72 0.32 0.00 0.55 0.83 2.36 1.01 0.48 0.57 0.61
76 77 36 0 11.72 0.34 0.00 0.76 0.97 1.65 0.77 0.63 0.54 0.83
21 7 38 0 11.73 0.29 0.00 1.08 0.37 2.01 0.83 0.76 0.97 1.10
38 80 35 1 11.73 0.14 0.00 0.47 0.87 1.21 1.47 1.07 0.79 0.77
63 47 25 1 11.73 0.09 0.00 0.86 1.28 1.51 1.10 1.14 0.72 0.98
35 77 35 1 11.74 0.25 0.00 0.42 0.98 1.32 1.40 1.07 0.72 0.60
42 24 31 1 11.74 0.16 0.00 0.49 1.12 1.55 1.07 0.90 0.63 0.47
76 46 41 0 11.74 0.71 0.00 0.23 0.75 1.07 0.92 0.90 0.94 1.00
42 30 23 0 11.75 0.30 0.00 0.37 0.83 1.36 1.67 1.41 1.24 0.89
15 8 15 0 11.77 0.30 0.04 0.75 0.45 1.65 1.34 0.94 1.36 1.41
15 76 18 1 11.78 0.19 0.00 0.27 0.40 2.52 1.73 0.98 0.76 0.68
32 27 10 1 11.80 0.51 0.00 0.41 1.18 1.47 1.16 0.79 0.91 1.70
34 41 36 1 11.80 0.32 0.00 0.63 1.41 1.50 1.07 0.72 1.24 1.24
36 44 16 0 11.80 0.27 0.00 0.47 1.71 1.53 1.09 0.93 1.00 0.91
39 12 8 0 11.80 0.43 0.00 0.51 1.37 1.34 1.04 0.68 1.03 1.13
68 28 29 0 11.80 0.75 0.00 0.72 0.85 1.85 1.18 0.94 0.39 0.96
75 80 35 0 11.81 0.17 0.00 0.74 0.70 2.41 1.90 0.86 0.74 0.78
41 29 23 0 11.82 0.71 0.00 0.30 0.81 1.36 1.71 1.27 1.16 0.76
69 29 29 0 11.82 0.38 0.00 0.66 0.84 2.04 1.30 0.88 0.39 1.01
10 3 15 0 11.83 0.31 0.01 0.64 0.51 1.49 1.51 0.98 1.41 1.36
26 58 12 0 11.84 0.34 0.00 1.07 1.29 1.83 1.08 1.06 1.23 1.15
23 33 14 0 11.85 0.20 0.00 0.59 0.88 1.50 1.01 0.70 0.61 0.51
67 70 31 1 11.85 0.57 0.00 0.33 0.93 1.25 1.34 1.32 1.04 1.41
75 22 18 1 11.85 0.57 0.00 0.40 1.05 2.22 1.06 0.65 0.48 0.55
72 42 41 0 11.86 0.28 0.00 0.09 1.03 1.48 1.08 1.06 1.10 0.96
55 65 15 1 11.87 0.20 0.00 0.87 1.24 1.90 1.28 0.89 0.72 0.60
46 24 21 0 11.88 0.37 0.00 0.22 0.70 1.29 1.40 1.43 1.21 0.82
35 0 29 0 11.89 0.10 0.00 0.14 1.01 2.08 1.58 1.43 1.14 1.30
4 3 41 0 11.89 0.40 0.00 0.39 1.22 2.27 1.06 0.52 0.70 0.53
54 45 13 0 11.89 0.10 0.00 1.15 0.92 2.04 1.50 0.99 0.98 1.11
81 82 17 0 11.89 0.50 0.00 0.39 1.07 1.62 0.58 0.49 1.20 0.66
46 2 29 1 11.90 0.14 0.00 0.39 0.57 1.47 1.34 1.20 0.70 0.47
48 25 5 0 11.90 0.22 0.00 0.59 1.07 1.17 1.28 1.12 1.16 1.00
54 64 15 1 11.90 0.33 0.00 0.72 1.42 1.77 1.50 0.97 0.81 0.76
58 28 41 0 11.90 0.39 0.00 0.18 0.97 1.33 1.49 1.14 1.11 0.99
9 25 29 1 11.90 0.22 0.00 0.93 0.77 1.99 1.27 0.90 0.53 0.63
12 28 29 1 11.91 0.39 0.00 0.96 0.92 1.78 1.19 0.89 0.63 0.59
19 2 7 0 11.91 0.17 0.00 0.72 0.68 1.16 0.69 0.89 1.23 1.03
45 4 34 1 11.91 0.03 0.00 0.97 0.79 1.71 1.66 1.13 0.81 0.96
73 77 10 0 11.91 0.22 0.00 1.06 1.08 1.72 1.20 1.16 0.89 0.64
23 63 2 0 11.92 0.19 0.00 0.35 0.89 1.07 0.75 1.22 0.91 0.82
64 66 29 0 11.92 0.76 0.00 0.78 0.65 1.81 1.47 1.27 1.28 1.65
50 58 34 1 11.94 0.34 0.00 0.57 0.83 1.29 1.25 1.28 0.90 0.52
49 57 34 1 11.95 0.29 0.00 0.57 0.95 1.42 1.41 1.27 0.81 0.53
78 18 18 0 11.95 0.30 0.00 0.23 0.53 2.07 1.06 0.82 0.71 1.95
22 65 18 1 11.96 0.18 0.00 0.61 0.36 1.63 1.66 1.27 0.98 0.99
22 67 30 1 11.97 0.38 0.00 0.63 1.14 1.40 1.19 0.97 1.21 1.59
29 36 35 1 11.98 0.35 0.00 0.57 0.43 1.68 1.49 1.53 0.65 0.85
53 39 4 0 11.98 0.48 0.00 0.39 0.89 1.41 1.31 0.96 0.68 0.48
2 22 31 1 12.00 0.15 0.00 0.59 0.96 1.17 1.00 0.77 0.92 0.64
30 37 35 1 12.00 0.08 0.00 0.84 0.45 1.69 1.55 1.27 0.78 0.83
10 8 16 0 12.01 0.63 0.00 0.55 1.90 2.07 1.02 1.04 1.13 1.01
24 40 29 1 12.01 0.38 0.00 0.96 1.01 1.74 1.41 0.99 0.67 0.72
45 1 33 0 12.01 0.45 0.00 0.42 1.23 1.40 1.32 1.37 1.39 1.26
52 76 4 0 12.01 0.24 0.00 0.31 0.40 1.52 1.27 1.11 0.56 1.29
56 67 22 0 12.01 0.17 0.00 0.76 1.49 1.50 1.07 1.18 1.19 1.02
59 76 34 1 12.01 0.45 0.00 0.16 0.79 1.52 1.46 1.50 1.25 1.15
18 63 30 1 12.03 0.30 0.00 0.72 1.02 1.39 1.14 1.01 1.19 1.62
19 26 35 1 12.03 0.29 0.00 0.63 0.37 2.05 1.61 1.33 0.68 1.16
8 82 29 1 12.03 0.21 0.00 0.47 0.64 3.30 1.44 0.82 0.59 1.05
21 31 14 0 12.04 0.47 0.00 0.43 0.84 1.28 0.93 0.69 0.70 0.54
25 32 35 1 12.04 0.35 0.00 0.53 0.46 1.79 1.66 1.51 0.65 0.89
35 13 32 0 12.04 0.47 0.00 0.41 1.47 1.31 1.01 0.84 0.81 0.87
38 16 32 0 12.04 0.48 0.00 0.41 1.46 1.31 0.99 0.79 0.94 1.14
20 8 37 1 12.05 0.19 0.00 0.65 0.70 1.45 0.95 0.58 0.65 0.62
28 26 4 0 12.05 0.55 0.00 0.31 1.64 1.94 1.55 1.15 1.05 0.90
64 52 24 1 12.05 0.46 0.00 0.65 1.21 1.38 1.06 0.82 0.77 0.59
2 1 19 0 12.06 0.55 0.00 0.29 1.18 1.93 1.21 0.64 0.70 0.48
35 58 16 0 12.06 0.34 0.00 0.29 1.21 1.53 1.09 1.06 1.37 1.71
11 52 31 1 12.07 0.21 0.00 0.61 0.93 1.26 0.91 0.76 0.73 0.58
18 11 15 0 12.07 0.17 0.04 0.66 0.46 1.60 1.46 0.84 1.41 1.31
36 81 29 0 12.07 0.62 0.00 0.51 0.58 2.29 1.61 0.75 0.47 0.81
6 80 29 1 12.07 0.44 0.00 0.48 0.79 3.14 1.72 0.71 0.75 1.00
69 16 18 1 12.07 0.48 0.00 0.36 1.24 2.20 1.23 0.88 0.54 0.49
33 10 15 0 12.08 0.37 0.00 0.88 1.15 1.45 1.29 0.86 0.89 1.19
76 40 37 1 12.08 0.42 0.00 0.44 1.62 2.42 1.03 0.74 0.73 1.41
4 68 9 1 12.09 0.10 0.00 0.66 0.72 1.55 0.76 0.63 1.75 1.30
5 37 12 0 12.09 0.31 0.00 0.60 0.98 1.12 0.73 0.84 0.93 0.78
30 72 35 1 12.10 0.32 0.00 0.44 0.58 1.65 1.76 1.04 0.74 0.54
42 62 12 1 12.11 0.17 0.00 0.19 0.59 1.73 1.62 1.70 1.15 0.89
60 65 35 0 12.11 0.16 0.00 0.77 0.94 2.29 1.99 1.15 0.92 0.98
17 78 18 1 12.12 0.35 0.00 0.36 0.36 2.45 1.68 0.96 0.66 0.71
3 31 27 1 12.13 0.55 0.00 0.82 0.86 1.34 1.04 0.78 0.71 0.66
69 74 35 0 12.13 0.42 0.00 0.69 0.64 2.28 2.03 1.07 0.80 0.77
70 75 35 0 12.13 0.42 0.00 0.72 0.65 2.35 2.02 1.13 0.82 0.87
69 78 35 0 12.14 0.22 0.00 0.49 0.98 1.42 1.20 0.65 0.57 1.24
3 62 23 1 12.15 0.15 0.00 0.32 1.26 2.84 1.18 0.60 0.72 0.62
77 4 37 1 12.15 0.30 0.00 0.45 0.66 1.22 1.02 0.76 0.83 1.57
24 67 18 1 12.17 0.44 0.00 0.70 0.29 1.82 1.57 1.04 1.08 0.88
74 75 1 0 12.17 0.33 0.00 0.93 1.05 2.29 1.07 0.62 0.74 0.58
36 75 25 1 12.18 0.30 0.00 0.35 1.87 1.96 1.12 0.85 0.87 0.94
53 63 15 1 12.18 0.44 0.00 0.77 1.28 1.68 1.35 0.89 0.66 0.70
8 72 9 1 12.18 0.71 0.00 0.62 0.68 1.33 0.81 0.66 1.63 1.20
22 29 35 1 12.19 0.18 0.00 0.73 0.39 2.02 1.68 1.28 0.72 1.02
32 20 23 1 12.19 0.03 0.00 0.60 0.61 1.06 1.00 1.20 0.97 0.87
76 23 18 1 12.19 0.39 0.00 0.34 0.92 2.05 1.04 0.62 0.45 0.56
77 38 35 0 12.19 0.21 0.00 0.40 0.70 2.96 1.37 0.69 0.49 0.75
36 59 16 0 12.20 0.34 0.00 0.43 1.29 1.64 1.14 1.02 1.33 1.79
66 80 31 0 12.20 0.32 0.00 0.45 1.58 1.56 1.19 0.82 0.72 0.80
13 11 16 0 12.21 0.28 0.00 0.61 1.70 2.23 1.32 1.15 1.32 1.12
16 32 29 1 12.21 0.27 0.00 0.88 1.07 1.88 1.26 0.97 0.60 0.57
39 70 30 0 12.21 0.59 0.00 0.95 0.89 1.43 0.70 0.72 0.93 1.26
56 29 15 0 12.21 0.33 0.00 0.24 0.69 1.64 1.06 1.16 1.48 1.91
24 1 15 0 12.22 0.09 0.00 0.86 1.00 1.36 1.18 0.97 0.94 1.41
29 68 25 1 12.22 0.30 0.00 0.30 1.47 1.54 1.07 1.03 1.13 1.56
23 68 30 1 12.23 0.30 0.00 0.70 1.05 1.41 1.25 1.05 1.14 1.62
48 72 4 0 12.25 0.48 0.00 0.36 0.40 1.36 1.33 1.09 0.60 0.94
52 21 29 0 12.25 0.21 0.00 0.42 1.12 1.33 1.54 1.38 1.07 1.17
43 20 5 0 12.27 0.29 0.00 0.58 0.89 1.09 1.24 1.16 1.00 1.04
47 24 5 0 12.27 0.30 0.00 0.66 1.11 1.28 1.43 1.18 1.23 0.99
51 56 35 0 12.27 0.39 0.00 0.81 0.86 1.78 1.84 1.40 0.98 0.91
56 73 34 1 12.27 0.37 0.00 0.19 1.07 1.73 1.58 1.62 1.18 1.10
38 33 10 1 12.28 0.33 0.00 0.47 0.83 1.08 1.18 0.85 0.78 1.03
41 49 34 1 12.28 0.18 0.00 0.57 1.05 1.12 1.09 1.14 0.98 0.72
77 20 29 1 12.28 0.15 0.00 0.68 0.92 1.31 1.13 0.87 0.71 0.57
33 62 13 1 12.30 0.34 0.00 0.71 1.04 1.25 1.21 0.76 0.80 0.81
40 17 5 0 12.30 0.48 0.00 0.64 0.54 1.08 0.81 0.90 0.96 0.97
42 66 4 0 12.30 0.41 0.00 0.40 0.55 1.35 1.12 1.19 0.60 0.53
45 69 4 0 12.30 0.17 0.00 0.24 0.44 1.31 1.08 1.00 0.59 0.80
75 2 37 1 12.31 0.39 0.00 0.52 0.68 1.16 0.95 0.85 0.78 1.46
80 7 37 1 12.31 0.23 0.00 0.63 0.69 1.23 1.02 0.72 0.82 1.46
37 82 24 0 12.32 0.39 0.00 0.73 0.78 1.08 0.79 0.99 0.99 1.01
40 25 40 0 12.32 0.80 0.00 0.62 1.75 2.14 1.28 1.31 1.03 0.86
32 77 29 0 12.33 0.24 0.00 0.61 0.71 2.14 1.53 0.72 0.45 0.76
76 48 29 1 12.33 0.81 0.00 0.37 1.46 2.38 1.44 0.92 0.85 0.51
40 35 14 0 12.34 0.39 0.00 0.45 1.50 2.22 1.36 1.35 1.25 1.53
65 67 29 0 12.35 0.24 0.00 0.65 0.55 1.90 1.46 1.16 1.22 1.87
18 28 14 0 12.36 0.47 0.00 0.63 0.73 1.67 0.92 0.69 0.74 0.38
23 12 25 1 12.36 0.28 0.00 0.43 0.55 1.11 1.00 0.76 1.04 1.30
25 4 38 1 12.36 0.19 0.00 0.19 0.53 1.90 1.78 1.49 0.87 1.14
15 13 4 0 12.37 0.44 0.00 0.28 1.57 1.67 1.53 1.16 1.00 0.91
31 1 37 1 12.38 0.15 0.01 0.68 1.43 1.73 1.37 1.51 1.05 0.80
49 59 41 1 12.38 0.12 0.02 0.44 0.81 1.11 0.66 1.05 1.21 1.27
67 76 35 0 12.38 0.38 0.00 0.78 0.91 1.46 1.21 0.68 0.59 0.83
75 47 29 1 12.38 0.60 0.01 0.39 1.29 2.40 1.61 0.75 0.72 0.59
28 35 35 1 12.39 0.67 0.00 0.72 0.49 1.61 1.62 1.54 0.94 0.82
39 46 35 1 12.39 0.48 0.00 0.80 0.45 1.45 1.38 1.26 0.87 0.69
40 56 13 1 12.39 0.44 0.00 0.37 1.08 1.18 0.82 0.88 0.67 0.71
77 78 1 0 12.39 0.41 0.00 0.35 1.24 2.06 0.82 0.54 0.64 0.54
28 6 32 0 12.40 0.52 0.00 0.30 1.31 1.22 1.15 0.86 1.14 1.13
72 76 10 0 12.41 0.39 0.00 1.12 1.07 1.75 1.24 1.17 0.94 0.68
24 34 14 0 12.42 0.57 0.00 0.68 0.66 1.41 1.00 0.74 0.73 0.47
28 73 29 0 12.42 0.37 0.00 0.40 0.53 2.51 1.65 0.77 0.49 0.83
29 7 32 0 12.42 0.71 0.00 0.33 1.46 1.26 0.96 0.90 1.10 1.13
25 35 14 0 12.43 0.09 0.00 0.62 0.66 1.32 1.11 0.81 0.66 0.54
33 21 23 1 12.43 0.14 0.00 0.52 0.67 1.02 1.08 1.16 0.98 1.03
35 42 36 1 12.43 0.18 0.00 0.77 1.46 1.53 1.01 0.74 0.92 1.18
50 69 38 1 12.43 0.68 0.00 0.52 1.12 1.72 1.57 0.74 0.58 0.68
8 40 12 0 12.43 0.20 0.00 0.62 0.92 1.08 0.75 0.90 0.90 0.85
17 10 15 0 12.44 0.43 0.04 0.76 0.63 1.62 1.54 1.08 1.34 1.46
45 23 21 0 12.44 0.28 0.00 0.23 0.63 1.14 1.17 1.37 1.15 0.87
63 51 24 1 12.44 0.08 0.00 0.71 1.15 1.42 1.00 0.88 0.71 0.55
71 76 35 0 12.44 0.03 0.00 0.72 0.71 2.37 2.06 1.17 0.85 0.87
19 10 34 0 12.45 0.11 0.00 0.64 0.92 1.59 0.99 0.49 0.57 0.90
27 39 8 0 12.45 0.19 0.00 0.44 1.40 1.32 1.24 1.03 0.83 0.69
30 3 40 0 12.45 0.66 0.00 0.63 0.75 1.06 1.12 1.19 1.08 1.00
5 48 39 1 12.45 0.35 0.00 0.29 1.18 2.76 0.97 0.57 0.64 0.58
55 79 4 0 12.45 0.37 0.00 0.34 0.39 1.39 1.30 1.19 0.60 0.90
74 46 29 1 12.45 0.39 0.00 0.37 1.51 2.24 1.36 0.97 0.69 0.54
39 27 23 1 12.48 0.09 0.00 0.57 0.66 1.04 1.07 1.19 0.98 1.04
46 6 12 0 12.48 0.27 0.00 0.48 1.12 1.54 1.47 0.89 0.76 0.49
32 17 32 1 12.49 0.25 0.00 0.43 1.09 1.53 1.30 1.50 1.41 1.56
6 70 9 1 12.49 0.02 0.00 0.61 0.87 1.27 0.85 0.76 1.59 1.31
73 74 2 0 12.50 0.75 0.00 0.35 1.41 2.53 0.95 0.58 0.69 0.59
27 5 32 0 12.51 0.19 0.00 0.34 1.27 1.14 0.90 0.90 1.08 1.14
7 39 12 0 12.51 0.12 0.00 0.69 1.00 1.12 0.88 0.90 0.95 0.76
16 66 4 1 12.52 0.64 0.00 0.60 0.54 2.48 1.96 0.98 0.81 0.64
39 47 16 0 12.52 0.26 0.00 0.42 1.77 1.58 1.16 0.87 1.03 0.94
50 7 15 1 12.52 0.17 0.00 0.45 1.67 1.60 1.05 1.16 1.00 1.40
9 7 16 0 12.53 0.66 0.00 0.50 1.89 1.80 1.06 1.03 1.17 0.99
32 55 16 0 12.54 0.42 0.00 0.28 1.23 1.73 1.12 1.17 1.52 1.75
66 54 24 1 12.54 0.21 0.00 0.67 1.19 1.44 0.87 0.84 0.69 0.54
15 31 29 1 12.55 0.15 0.00 0.84 0.78 2.06 1.66 0.96 0.54 0.80
31 19 23 1 12.55 0.42 0.00 0.61 0.71 1.04 1.03 1.12 1.00 1.15
35 23 23 1 12.55 0.32 0.00 0.45 0.49 1.06 1.10 1.15 1.06 1.00
39 81 35 1 12.55 0.08 0.00 0.49 0.86 1.33 1.62 1.40 0.76 0.81
48 18 41 0 12.55 0.24 0.00 0.14 0.80 1.20 1.16 1.11 1.09 0.95
32 42 14 0 12.56 0.34 0.00 0.57 1.05 1.63 1.11 0.80 0.57 0.46
62 24 5 0 12.56 0.85 0.00 0.48 0.72 2.62 1.84 1.63 1.42 0.90
40 76 19 0 12.57 0.46 0.00 1.23 0.54 1.88 0.67 0.84 1.14 1.16
21 66 30 1 12.58 0.08 0.00 0.70 1.07 1.36 1.22 1.01 1.16 1.59
74 78 10 0 12.58 0.35 0.00 1.12 0.95 1.55 1.14 1.19 0.90 0.69
63 65 29 0 12.59 0.06 0.00 0.87 0.63 1.82 1.43 1.41 1.36 1.52
39 17 21 0 12.60 0.43 0.00 0.34 0.81 1.49 1.65 1.68 1.35 0.96
53 22 29 0 12.60 0.42 0.00 0.42 0.77 1.22 1.58 1.40 0.85 0.95
69 61 35 1 12.61 0.77 0.00 1.05 0.56 2.17 0.99 0.72 0.61 0.64
12 32 31 1 12.62 0.15 0.00 0.87 1.15 1.35 1.28 1.05 0.90 0.77
67 55 24 1 12.62 0.19 0.00 0.51 1.15 1.58 0.85 0.72 0.58 0.51
36 65 13 1 12.65 0.12 0.00 0.71 1.13 1.33 1.30 0.78 0.75 0.78
65 70 35 0 12.65 0.51 0.00 0.77 0.78 2.44 2.01 1.08 0.83 0.80
56 61 35 0 12.67 0.56 0.00 0.70 1.01 1.81 1.96 1.28 1.18 0.97
13 63 4 1 12.68 0.19 0.00 0.84 0.57 2.40 1.72 1.26 0.72 0.68
53 58 35 0 12.68 0.06 0.00 0.72 0.93 1.95 1.99 1.39 1.07 0.88
65 49 25 1 12.68 0.11 0.00 0.58 1.53 1.48 0.85 0.96 0.75 1.33
15 65 4 1 12.69 0.41 0.00 0.85 0.51 2.71 1.69 1.08 0.85 0.66
24 56 12 0 12.69 0.19 0.00 1.05 1.13 1.66 1.15 1.26 1.38 1.16
33 56 16 0 12.69 0.69 0.00 0.32 1.19 1.55 0.99 1.07 1.64 1.66
55 46 13 0 12.69 0.26 0.00 1.10 0.97 2.00 1.58 1.15 1.23 1.08
44 52 34 1 12.70 0.55 0.00 0.59 0.93 1.11 1.15 1.06 1.10 0.65
52 73 8 1 12.70 0.04 0.00 0.50 1.10 1.30 0.92 0.66 0.65 0.67
61 69 34 1 12.70 0.10 0.00 0.61 0.62 1.79 1.85 1.02 0.76 0.54
24 31 35 1 12.71 0.65 0.00 0.78 0.50 1.76 1.70 1.34 0.68 0.91
30 15 32 1 12.71 0.54 0.00 0.54 1.09 1.68 1.44 1.50 1.42 1.55
33 13 25 0 12.71 0.14 0.00 0.37 0.88 1.54 1.57 1.32 1.55 1.49
50 67 34 1 12.71 0.30 0.00 0.13 1.31 2.14 1.48 1.44 0.99 0.97
60 16 29 1 12.71 0.17 0.00 0.41 0.55 1.69 1.27 0.96 0.39 0.69
45 82 8 1 12.72 0.13 0.00 1.07 0.91 1.48 1.05 0.81 0.69 0.95
67 29 36 0 12.72 0.19 0.00 0.91 1.22 1.45 1.28 1.06 0.80 0.83
28 79 6 1 12.73 0.26 0.00 0.22 1.45 1.57 1.07 1.35 1.44 1.23
41 60 24 1 12.73 0.25 0.00 0.86 0.72 1.37 1.13 1.00 0.75 0.55
72 16 35 1 12.73 0.35 0.00 0.31 0.88 3.04 1.37 0.64 0.55 0.74
14 64 4 1 12.74 0.67 0.00 0.87 0.61 2.73 1.69 1.19 0.86 0.65
19 64 30 1 12.74 0.20 0.00 0.77 1.08 1.59 1.40 1.02 1.18 1.64
3 69 16 1 12.74 0.05 0.00 0.34 1.07 1.55 0.56 0.47 1.03 0.74
59 67 34 1 12.74 0.85 0.00 0.46 0.57 2.01 1.97 1.15 0.62 0.71
63 16 12 1 12.74 0.13 0.00 1.04 1.18 1.64 1.25 0.87 0.77 0.81
66 79 31 1 12.74 0.08 0.01 0.86 0.51 1.23 0.96 0.81 1.02 0.77
72 56 23 0 12.74 0.27 0.00 0.71 0.90 1.59 1.13 0.89 1.06 1.97
33 11 32 0 12.76 0.57 0.00 0.37 1.24 1.18 0.77 1.05 1.19 1.32
41 51 14 1 12.76 0.24 0.00 0.23 0.82 1.13 1.25 1.27 1.18 1.11
48 5 15 1 12.76 0.26 0.00 0.53 1.63 1.47 1.04 1.19 1.12 1.28
59 72 31 1 12.78 0.35 0.00 0.98 1.20 1.69 1.24 1.02 0.91 0.58
64 9 14 1 12.78 0.48 0.00 0.80 1.19 1.32 1.02 0.99 0.85 0.62
65 5 12 0 12.78 0.18 0.00 0.43 1.04 1.04 1.04 1.16 1.12 1.02
38 61 16 0 12.79 0.34 0.00 0.32 1.29 1.69 0.92 0.84 1.36 1.85
63 73 41 1 12.79 0.57 0.03 0.47 0.70 1.10 0.93 1.04 1.19 1.41
29 56 34 0 12.80 0.26 0.00 0.47 0.96 1.89 1.48 1.56 1.65 1.52
37 53 13 1 12.80 0.26 0.00 0.60 1.15 1.20 0.88 0.90 0.69 0.75
42 37 14 0 12.80 0.28 0.00 0.39 1.50 1.95 1.39 1.41 1.40 1.39
43 25 31 1 12.80 0.56 0.00 0.46 1.34 1.67 1.06 0.85 0.63 0.48
46 82 4 0 12.80 0.15 0.00 0.60 0.79 1.28 1.52 1.22 1.16 1.42
51 40 40 0 12.80 0.17 0.00 0.75 1.31 1.76 1.34 1.09 0.86 0.50
51 61 41 1 12.80 0.15 0.05 0.45 0.82 1.11 0.91 1.02 1.21 1.38
55 66 22 0 12.80 0.21 0.00 0.82 1.40 1.37 1.04 1.10 1.15 0.91
4 3 31 0 12.81 0.22 0.00 0.45 1.45 2.56 1.02 0.93 1.32 1.80
50 28 10 0 12.81 0.44 0.00 0.13 1.33 1.61 1.13 0.87 1.13 1.37
54 27 15 0 12.81 0.33 0.00 0.24 0.76 1.54 1.10 1.24 1.58 1.77
57 81 4 0 12.82 0.38 0.00 0.27 0.47 1.25 1.16 1.11 0.58 0.88
59 43 23 0 12.82 0.58 0.00 0.87 0.91 1.93 1.39 1.06 1.22 1.81
62 46 25 1 12.82 0.39 0.00 0.84 1.41 1.60 1.09 1.24 0.72 1.13
64 31 22 0 12.83 0.33 0.00 0.49 0.35 1.47 0.93 1.04 1.43 1.61
31 20 25 1 12.84 0.08 0.00 0.57 0.55 1.27 1.04 0.70 0.57 0.79
32 78 7 1 12.84 0.53 0.00 0.37 1.87 1.68 0.99 0.93 0.87 0.90
34 11 15 0 12.84 0.30 0.00 0.84 1.20 1.48 1.34 0.79 1.01 1.31
48 8 12 0 12.84 0.30 0.00 0.39 1.11 1.54 1.55 0.92 0.72 0.51
31 41 14 0 12.85 0.27 0.00 0.62 1.01 1.62 1.17 0.83 0.59 0.45
47 67 12 1 12.85 0.36 0.00 0.16 0.61 1.65 1.64 1.59 1.16 0.81
48 16 34 1 12.85 0.58 0.00 0.57 0.81 1.47 1.61 1.50 1.49 1.20
68 71 31 1 12.85 0.34 0.00 0.32 1.29 1.49 1.50 1.11 1.28 1.43
17 0 7 0 12.86 0.07 0.00 0.75 0.87 1.16 0.71 1.03 1.36 1.11
29 45 13 1 12.86 0.28 0.00 0.60 0.79 1.08 0.72 0.90 0.74 0.93
49 56 12 0 12.86 0.46 0.00 0.34 0.63 1.74 1.88 1.58 1.36 1.12
5 4 39 0 12.86 0.24 0.00 0.51 1.28 2.78 1.16 0.55 0.72 0.62
56 10 33 1 12.86 0.28 0.24 0.44 0.92 1.35 1.06 1.16 1.21 1.20
80 81 27 0 12.86 0.31 0.00 0.29 1.25 1.58 0.66 1.01 0.77 1.75
32 2 37 1 12.87 0.28 0.00 0.82 1.33 1.81 1.57 1.33 0.97 0.78
37 14 5 0 12.87 0.21 0.00 0.63 0.69 1.02 0.84 1.01 1.13 0.91
57 67 15 1 12.87 0.42 0.00 0.70 1.60 1.80 1.33 0.99 0.76 0.75
6 19 23 1 12.87 0.13 0.00 0.72 0.86 1.80 1.11 0.73 0.47 0.56
34 73 25 1 12.88 0.32 0.00 0.32 1.38 1.29 1.07 0.97 1.04 1.42
56 66 15 1 12.88 0.16 0.00 0.79 1.43 1.71 1.39 1.00 0.76 0.71
68 27 27 0 12.88 0.28 0.00 0.70 0.61 2.45 1.56 0.74 0.62 0.53
35 12 15 0 12.89 0.04 0.00 1.04 1.13 1.47 1.19 0.98 0.83 1.05
4 63 23 1 12.89 0.40 0.00 0.29 1.13 3.00 1.13 0.65 0.61 0.59
75 45 41 0 12.89 0.14 0.00 0.13 0.76 1.18 0.98 0.93 1.17 0.92
76 16 18 0 12.90 0.51 0.00 0.24 0.57 2.26 1.07 0.81 0.65 2.01
38 23 32 1 12.91 0.17 0.00 0.70 1.63 2.65 1.21 1.17 0.91 0.66
38 81 12 0 12.91 0.33 0.00 0.37 0.61 1.08 0.92 0.77 0.75 0.73
79 80 12 0 12.91 0.29 0.00 0.93 1.34 2.03 1.07 0.78 0.62 0.72
20 64 27 0 12.92 0.21 0.00 1.17 0.54 2.60 1.28 1.02 0.71 1.10
52 28 17 0 12.93 0.59 0.00 0.41 0.44 2.76 1.67 1.37 0.86 0.55
56 25 29 0 12.93 0.65 0.00 0.39 0.86 1.18 1.60 1.26 0.93 1.03
79 44 18 1 12.93 0.42 0.00 0.32 0.60 3.19 1.58 0.71 0.67 0.75
28 5 15 0 12.94 0.10 0.00 0.78 0.94 1.30 1.12 0.87 1.00 1.56
39 19 15 1 12.94 0.19 0.00 0.32 1.39 1.43 0.92 0.95 1.37 1.55
41 77 19 0 12.94 0.19 0.00 1.31 0.55 2.06 0.74 0.85 1.24 1.13
51 70 38 1 12.94 0.50 0.00 0.44 1.18 1.71 1.32 0.69 0.52 0.62
54 62 20 1 12.94 0.61 0.00 0.64 1.62 1.50 1.15 0.87 0.86 1.07
14 27 23 1 12.95 0.55 0.00 0.65 1.01 1.88 1.13 0.69 0.49 0.54
35 14 29 0 12.95 0.21 0.00 0.51 0.42 1.36 1.46 1.05 0.85 0.57
9 79 26 0 12.95 0.51 0.00 0.89 0.43 2.15 1.17 0.67 0.59 0.69
11 31 31 1 12.96 0.21 0.00 0.67 0.91 1.16 0.96 0.76 0.75 0.70
30 40 14 1 12.96 0.51 0.00 0.28 0.63 1.01 0.92 0.89 1.07 0.92
29 6 15 0 12.97 0.27 0.00 0.86 1.10 1.31 1.19 0.91 1.02 1.31
3 16 23 1 12.99 0.06 0.00 0.30 0.63 2.20 0.89 0.60 0.41 0.59
37 60 16 0 12.99 0.43 0.00 0.17 1.30 1.78 0.93 0.87 1.33 1.70
47 55 20 1 12.99 1.34 0.00 0.63 1.77 1.69 1.09 0.79 0.93 1.00
68 72 10 0 12.99 0.17 0.00 1.26 1.03 1.80 1.15 1.04 0.94 0.71
22 11 25 1 13.00 0.25 0.00 0.32 0.52 1.15 1.05 0.66 0.98 1.28
34 12 32 0 13.00 0.21 0.00 0.51 1.31 1.18 1.05 0.84 0.83 0.82
35 64 13 1 13.00 0.13 0.00 0.56 1.31 1.30 1.36 1.07 0.75 0.82
33 28 14 0 13.01 0.40 0.00 0.41 1.59 2.07 1.37 1.30 1.38 1.41
45 75 16 0 13.02 0.11 0.00 0.41 1.68 1.64 1.18 0.99 0.74 0.66
58 68 41 1 13.02 0.09 0.03 0.43 0.83 1.12 0.71 0.98 1.38 1.30
66 26 29 0 13.02 0.62 0.00 0.55 0.93 2.01 1.24 0.88 0.34 0.95
29 58 26 1 13.03 0.49 0.00 0.38 1.15 1.67 1.74 1.53 1.40 1.05
9 22 23 1 13.03 0.57 0.00 0.68 0.87 2.08 1.11 0.73 0.41 0.59
18 68 4 1 13.04 0.46 0.00 0.97 0.74 2.57 1.56 1.29 0.78 0.61
71 80 35 0 13.04 0.37 0.00 0.57 1.01 1.35 1.31 0.75 0.59 1.26
40 0 12 0 13.05 0.53 0.00 0.37 1.08 1.50 1.29 0.82 0.59 0.51
47 29 31 1 13.05 0.68 0.00 0.40 1.40 1.53 1.07 0.88 0.68 0.51
33 57 4 0 13.06 0.19 0.00 0.53 0.63 1.23 0.97 1.00 0.74 0.47
37 14 15 0 13.06 0.25 0.00 0.94 1.07 1.38 1.29 0.84 0.98 1.20
39 24 40 0 13.06 0.55 0.00 0.59 1.85 1.94 1.22 1.13 0.91 0.80
77 78 36 0 13.06 0.17 0.00 0.92 0.99 1.76 0.77 0.66 0.53 0.85
35 67 12 1 13.07 0.77 0.00 0.20 0.59 1.37 1.23 1.52 1.60 0.97
45 33 23 1 13.07 0.42 0.00 0.49 0.55 1.28 1.52 1.40 0.96 0.64
47 70 16 0 13.07 0.67 0.00 0.26 1.27 1.64 0.95 0.85 1.40 1.80
33 40 36 1 13.08 0.25 0.00 0.44 1.61 1.71 0.87 0.57 1.04 1.29
36 21 40 0 13.08 0.22 0.00 0.64 1.83 2.08 1.27 1.13 0.90 0.96
61 21 29 0 13.08 0.33 0.00 0.76 0.84 1.78 1.17 0.90 0.38 1.10
76 60 23 0 13.08 0.58 0.00 0.86 0.86 1.76 1.25 0.94 1.02 1.91
18 56 11 1 13.09 0.31 0.00 0.72 1.14 1.33 1.37 1.29 0.91 0.69
58 14 29 1 13.11 0.19 0.00 0.49 0.45 1.66 1.53 0.94 0.48 0.78
31 22 18 1 13.12 0.46 0.00 0.09 0.92 1.54 1.35 1.24 1.01 1.05
38 59 6 0 13.12 0.12 0.00 0.53 0.77 1.18 1.17 1.46 1.48 1.18
46 37 13 0 13.12 0.12 0.00 1.09 0.93 1.88 1.67 1.13 1.04 1.13
50 80 16 0 13.12 0.14 0.00 0.36 1.44 1.40 1.04 0.96 0.69 0.60
58 75 34 1 13.12 0.15 0.00 0.18 1.09 1.58 1.45 1.59 1.37 1.09
18 16 4 0 13.13 0.17 0.00 0.42 1.65 1.83 1.63 1.17 1.12 0.87
56 64 34 1 13.13 0.87 0.00 0.48 0.55 2.02 2.02 1.11 0.63 0.72
19 7 37 1 13.14 0.31 0.00 0.42 0.40 1.37 0.88 0.60 0.69 0.68
57 62 35 0 13.14 0.42 0.00 0.86 0.98 2.01 1.87 1.34 1.22 0.99
19 6 9 0 13.15 0.45 0.00 1.31 0.49 2.29 1.15 0.96 0.91 0.77
72 74 29 0 13.15 0.47 0.00 0.60 0.39 1.61 1.40 1.28 1.29 1.60
27 4 15 0 13.17 0.22 0.00 0.87 0.99 1.40 1.25 0.88 0.95 1.51
73 34 35 0 13.17 0.14 0.00 0.37 0.60 3.13 1.23 0.65 0.50 0.74
41 36 14 0 13.18 0.20 0.00 0.47 1.53 1.99 1.53 1.31 1.34 1.36
42 30 23 1 13.18 0.14 0.00 0.50 0.75 1.16 1.31 1.58 0.99 0.78
38 33 15 1 13.19 0.28 0.00 0.29 1.57 1.53 0.98 0.63 0.82 1.10
20 6 38 0 13.20 0.42 0.00 1.09 0.50 1.62 0.90 0.77 1.11 1.43
49 80 3 0 13.20 0.17 0.00 0.64 1.41 1.32 1.24 0.80 0.91 0.85
70 17 18 1 13.20 0.73 0.00 0.40 1.42 2.17 1.09 0.87 0.59 0.45
20 65 30 1 13.21 0.11 0.00 0.71 1.37 1.47 1.22 1.01 1.04 1.50
21 77 25 1 13.21 0.46 0.00 0.89 1.27 1.67 1.30 1.23 1.31 1.35
25 70 29 0 13.21 0.24 0.00 0.48 0.62 2.65 1.75 0.72 0.51 0.94
36 25 25 1 13.21 0.13 0.00 0.61 1.12 1.61 0.84 0.78 0.55 0.49
46 18 32 1 13.21 0.25 0.00 0.20 1.21 1.66 1.21 1.17 1.36 1.71
52 11 34 1 13.21 0.30 0.00 0.66 1.00 2.09 2.07 1.24 0.80 1.03
28 8 25 0 13.22 0.10 0.00 0.43 0.99 1.46 1.51 1.43 1.46 1.45
7 5 16 0 13.22 0.82 0.00 0.21 1.57 1.61 0.58 0.90 0.93 0.79
38 67 13 1 13.23 0.10 0.00 0.56 1.31 1.45 1.34 0.99 0.66 0.63
61 71 41 1 13.23 0.10 0.04 0.41 0.81 1.14 0.82 0.95 1.37 1.42
18 6 37 1 13.24 0.84 0.00 0.46 0.39 1.39 0.81 0.63 0.61 0.80
66 67 2 0 13.24 0.08 0.00 0.88 1.24 2.10 0.99 0.68 0.77 0.49
57 67 41 1 13.25 0.43 0.04 0.43 0.76 1.07 0.71 1.11 1.17 1.27
23 12 30 1 13.26 0.15 0.00 0.59 0.26 1.58 1.39 1.18 1.02 0.79
48 67 38 1 13.26 0.24 0.00 0.46 1.15 1.46 1.47 0.69 0.65 0.69
54 32 10 0 13.26 0.10 0.00 0.18 1.43 1.52 1.17 0.90 1.19 1.36
29 14 32 1 13.27 0.40 0.00 0.57 1.27 1.56 1.29 1.56 1.30 1.45
40 28 23 1 13.27 0.21 0.00 0.50 0.66 1.20 1.53 1.48 1.08 0.83
21 82 18 1 13.28 0.26 0.00 0.25 0.35 2.34 1.69 1.24 0.70 0.68
64 17 12 1 13.28 0.44 0.00 0.82 1.20 1.53 1.24 0.75 0.79 0.59
74 21 18 1 13.28 0.58 0.00 0.33 1.45 2.09 1.14 0.86 0.50 0.59
29 61 12 1 13.29 0.37 0.00 0.17 0.53 1.61 1.23 1.64 1.65 1.01
59 0 31 1 13.30 0.21 0.00 0.34 0.57 1.02 1.05 1.12 1.14 1.17
74 58 23 0 13.30 0.08 0.00 0.98 0.93 1.96 1.26 0.89 1.02 1.82
21 79 29 0 13.31 0.60 0.00 0.34 0.70 1.89 0.80 0.50 0.51 0.54
35 61 38 1 13.31 0.14 0.00 0.25 0.72 1.05 0.76 0.85 1.18 1.19
40 69 13 1 13.31 0.36 0.00 0.56 1.25 1.38 1.29 0.75 0.73 0.63
62 74 39 0 13.31 0.26 0.00 0.59 0.98 1.09 0.72 0.80 0.97 0.73
39 34 14 0 13.32 0.37 0.00 0.36 1.61 2.08 1.45 1.31 1.31 1.39
55 65 41 1 13.32 0.37 0.03 0.48 0.71 1.13 0.74 1.03 1.22 1.47
7 6 10 0 13.32 0.82 0.00 0.44 1.56 3.31 1.22 0.90 1.11 0.88
25 81 25 1 13.33 0.35 0.00 0.82 1.29 1.53 1.19 1.10 1.35 1.41
28 57 26 1 13.33 0.46 0.00 0.36 1.15 1.92 1.93 1.53 1.28 1.02
29 39 14 0 13.33 0.54 0.00 0.45 1.04 1.64 1.11 0.70 0.58 0.43
44 1 15 1 13.33 0.07 0.00 0.46 1.63 1.49 1.08 1.18 1.09 1.42
75 77 29 0 13.33 0.10 0.00 0.58 0.38 1.56 1.13 1.01 0.90 1.85
2 0 35 0 13.34 0.22 0.00 1.06 0.98 2.14 1.55 1.50 1.23 1.00
32 17 40 0 13.34 0.14 0.00 0.72 1.46 1.61 1.39 1.46 1.11 0.97
4 47 39 1 13.34 0.15 0.00 0.24 1.13 2.94 1.01 0.53 0.68 0.63
61 64 31 1 13.34 0.14 0.00 0.34 1.13 1.24 1.39 1.19 1.21 1.38
24 69 29 0 13.35 0.51 0.00 0.37 0.53 2.77 1.60 0.70 0.50 0.84
26 3 15 0 13.35 0.19 0.00 1.10 0.89 1.37 1.11 0.91 0.90 1.19
29 2 40 0 13.35 0.47 0.00 0.67 0.66 1.07 1.04 1.35 1.14 1.04
43 69 38 1 13.35 0.39 0.00 0.19 0.77 1.08 0.90 0.79 0.88 1.06
75 59 23 0 13.35 0.26 0.00 0.87 0.86 1.79 1.21 1.05 1.14 1.95
1 0 20 0 13.36 0.53 0.00 0.32 1.32 1.87 1.97 1.03 0.96 1.18
5 64 23 1 13.36 0.10 0.00 0.29 1.14 3.11 1.22 0.62 0.63 0.69
58 77 40 1 13.38 0.30 0.00 1.00 0.63 1.25 0.96 0.81 0.82 0.99
66 76 41 1 13.38 0.16 0.04 0.47 0.74 1.06 0.85 0.91 1.23 1.29
72 81 35 0 13.38 0.08 0.00 0.56 0.81 1.35 1.19 0.59 0.54 1.01
28 60 12 1 13.40 0.57 0.00 0.17 0.59 1.53 1.36 1.54 1.63 0.99
6 5 39 0 13.40 0.81 0.00 0.50 1.24 2.75 0.96 0.51 0.61 0.64
61 45 25 1 13.40 0.41 0.00 0.69 1.50 1.41 1.13 1.18 0.75 1.01
76 78 29 0 13.40 0.51 0.00 0.54 0.32 1.66 1.32 1.18 1.02 1.69
43 80 8 1 13.41 0.35 0.00 1.03 0.82 1.36 1.07 0.79 0.70 0.86
49 31 31 1 13.42 0.40 0.00 0.42 1.19 1.62 1.09 0.88 0.63 0.41
32 74 13 1 13.43 0.75 0.00 0.80 1.55 2.41 1.38 0.84 0.71 0.93
56 80 4 0 13.44 0.35 0.00 0.27 0.38 1.25 1.25 1.09 0.69 0.99
17 29 8 0 13.45 0.27 0.00 0.42 1.14 1.13 1.16 0.98 0.72 0.73
32 59 18 1 13.45 0.31 0.00 0.59 1.02 1.31 1.08 1.12 1.44 1.66
38 33 14 0 13.45 0.39 0.00 0.42 1.55 1.98 1.40 1.31 1.46 1.43
44 12 34 1 13.45 0.17 0.00 0.59 1.05 2.07 2.00 1.44 1.31 0.81
7 50 39 1 13.46 0.30 0.00 0.73 1.53 3.13 1.07 0.98 1.06 0.70
44 0 33 0 13.47 0.51 0.00 0.46 1.18 1.51 1.37 1.47 1.65 1.27
52 58 17 0 13.48 0.32 0.00 0.58 0.30 2.40 1.52 1.43 1.39 1.25
37 61 16 1 13.49 0.24 0.00 0.37 1.91 1.85 1.06 0.75 0.91 1.05
16 37 31 0 13.50 0.24 0.00 0.71 0.56 1.13 0.72 0.75 0.84 0.92
23 30 35 1 13.50 0.36 0.00 0.93 0.44 1.79 1.55 1.10 0.63 0.97
27 46 30 1 13.50 0.38 0.00 0.89 0.61 1.51 1.71 1.31 1.04 0.97
41 36 15 1 13.50 0.05 0.00 0.36 1.68 1.58 1.23 0.67 0.93 1.07
44 17 8 0 13.50 0.14 0.00 0.45 0.84 1.10 0.96 0.70 0.72 1.23
51 8 15 1 13.50 0.23 0.00 0.38 1.42 1.49 0.95 1.01 1.29 1.71
42 19 5 0 13.51 0.14 0.00 0.63 1.07 1.11 1.27 1.24 1.02 0.93
30 14 18 0 13.52 0.27 0.00 0.35 1.28 1.79 0.89 0.53 0.54 0.68
33 49 13 1 13.52 0.19 0.00 0.59 1.24 1.13 0.89 1.00 0.79 0.79
68 69 2 0 13.52 0.28 0.00 0.31 1.29 2.20 0.92 0.50 0.71 0.51
53 12 27 0 13.53 0.25 0.00 0.84 0.56 2.24 1.66 1.12 0.78 0.49
40 20 25 0 13.54 0.12 0.00 0.36 0.93 1.63 1.72 1.52 1.59 1.22
46 3 15 1 13.54 0.27 0.00 0.43 1.76 1.53 0.98 1.21 1.14 1.26
54 59 35 0 13.54 0.17 0.00 0.79 0.95 1.85 1.91 1.46 1.13 0.99
60 71 22 0 13.54 0.12 0.00 0.84 1.43 1.40 0.87 0.93 1.33 1.02
71 55 25 1 13.54 0.63 0.00 0.41 1.30 1.25 0.77 0.92 0.84 1.49
21 10 25 1 13.55 0.31 0.00 0.39 0.64 1.12 1.09 0.63 0.95 1.35
57 46 34 1 13.55 0.30 0.00 0.39 0.62 1.25 1.29 0.86 0.55 0.66
40 18 21 0 13.56 0.19 0.00 0.40 0.81 1.10 1.38 1.42 1.19 0.88
68 78 15 1 13.56 0.21 0.00 0.30 0.56 1.19 0.82 0.88 1.00 1.69
19 52 33 1 13.57 0.28 0.00 1.11 1.44 1.97 1.14 1.10 1.20 1.04
4 3 10 0 13.57 0.72 0.00 0.48 1.49 3.44 1.18 0.89 0.99 0.82
33 64 3 0 13.58 0.19 0.00 0.51 1.81 1.68 1.23 0.81 1.11 1.07
45 2 15 1 13.58 0.30 0.00 0.53 1.65 1.59 1.08 1.32 1.03 1.42
48 56 20 1 13.58 0.60 0.00 0.64 1.57 1.40 1.10 0.82 0.81 1.00
30 62 12 1 13.59 0.17 0.00 0.18 0.65 1.43 1.39 1.52 1.58 1.03
40 20 15 1 13.59 0.16 0.00 0.40 1.58 1.44 0.99 0.99 1.35 1.41
80 52 29 1 13.59 0.67 0.00 0.35 1.13 1.82 1.35 0.62 0.57 0.53
10 0 23 0 13.60 0.34 0.00 0.95 0.95 1.91 1.33 0.64 0.54 0.96
24 66 35 1 13.60 0.23 0.00 0.56 0.69 1.74 1.88 1.10 0.67 0.55
30 62 12 0 13.60 0.46 0.00 1.11 1.16 1.55 1.06 1.21 1.26 1.17
31 60 26 1 13.60 0.14 0.00 0.35 1.12 1.89 2.01 1.44 1.28 1.05
34 29 14 0 13.60 0.52 0.00 0.54 1.51 2.25 1.40 1.34 1.37 1.52
66 78 39 0 13.60 0.52 0.00 0.37 1.32 1.12 0.84 0.99 0.92 0.74
75 15 18 0 13.60 0.84 0.00 0.28 0.58 2.34 1.14 0.68 0.65 1.99
18 3 32 1 13.61 0.75 0.00 0.38 0.50 1.59 1.01 1.40 1.88 1.55
44 39 10 1 13.61 0.53 0.00 0.47 0.83 1.09 1.19 0.81 0.64 0.98
47 3 33 0 13.61 0.15 0.00 0.27 1.07 1.06 1.15 1.08 1.09 1.08
31 8 15 0 13.62 0.60 0.00 0.96 1.17 1.46 1.05 0.83 1.01 1.44
40 79 25 1 13.62 0.27 0.00 0.29 1.82 1.74 1.16 0.86 0.85 1.19
76 41 18 1 13.62 0.17 0.00 0.59 0.64 3.13 1.88 0.94 0.80 0.75
42 79 8 1 13.63 0.44 0.00 1.07 0.76 1.55 1.04 0.67 0.65 0.83
64 78 31 0 13.63 0.31 0.00 0.48 1.44 1.36 1.27 0.91 0.69 0.75
1 67 16 1 13.64 0.29 0.00 0.34 1.00 1.50 0.52 0.45 1.09 0.80
36 27 18 1 13.64 0.24 0.00 0.10 1.07 1.40 1.32 0.92 0.91 0.96
62 65 31 1 13.64 0.27 0.00 0.34 0.99 1.16 1.24 1.07 1.31 1.48
19 12 15 0 13.66 0.12 0.03 0.69 0.38 1.50 1.35 0.90 1.47 1.31
43 62 40 0 13.66 0.42 0.00 0.82 1.58 1.46 0.95 1.17 1.05 1.02
55 14 27 0 13.66 0.47 0.00 0.72 0.54 2.08 1.52 0.71 0.65 0.48
5 69 9 1 13.67 0.58 0.00 0.65 0.77 1.35 0.77 0.59 1.52 1.40
55 72 34 1 13.67 0.16 0.00 0.12 0.98 1.53 1.47 1.44 1.13 1.16
57 65 34 1 13.67 0.77 0.00 0.58 0.54 1.87 1.94 1.27 0.70 0.63
65 78 31 1 13.67 0.26 0.00 0.94 0.59 1.17 0.96 0.92 0.93 0.84
17 8 34 0 13.68 0.73 0.00 0.74 0.81 1.64 0.94 0.54 0.47 0.93
36 31 10 1 13.68 0.34 0.00 0.51 1.15 1.23 1.14 0.99 0.84 1.59
80 82 29 0 13.68 0.26 0.00 0.62 0.33 1.67 1.19 1.08 1.05 1.81
26 33 36 1 13.69 0.35 0.00 0.43 1.54 1.42 0.89 0.65 0.78 1.16
63 75 39 0 13.69 0.26 0.00 0.55 0.82 1.02 0.75 0.92 0.85 0.74
19 40 31 0 13.70 0.35 0.00 0.63 0.69 1.03 0.92 0.78 0.84 0.90
45 27 31 1 13.70 0.13 0.00 0.45 1.31 1.50 1.07 0.83 0.65 0.48
45 61 37 1 13.70 0.21 0.00 0.68 1.49 1.71 1.34 1.02 0.78 0.55
38 29 2 0 13.71 0.01 0.00 0.37 1.63 1.35 0.77 0.77 0.93 1.00
42 73 3 0 13.71 0.13 0.00 0.68 1.46 1.38 1.29 0.81 0.91 0.80
52 71 38 1 13.71 0.46 0.00 0.55 1.14 1.51 1.32 0.72 0.57 0.60
3 1 35 0 13.72 0.19 0.00 1.33 0.88 2.09 1.16 1.31 1.33 1.11
52 60 34 1 13.72 0.23 0.00 0.67 0.77 1.45 1.41 1.37 0.74 0.49
76 77 5 0 13.72 0.55 0.00 0.63 1.24 1.67 0.69 0.55 0.59 1.19
25 57 12 0 13.73 0.16 0.00 1.03 1.21 1.45 0.99 1.30 1.19 1.13
49 9 12 0 13.73 0.08 0.00 0.42 1.08 1.55 1.28 0.91 0.58 0.44
58 42 25 1 13.73 0.80 0.00 0.94 1.40 1.54 1.06 1.17 0.72 0.98
72 73 2 0 13.73 0.24 0.00 0.44 1.39 2.17 0.95 0.57 0.63 0.51
22 1 38 1 13.74 0.60 0.00 0.17 0.52 2.40 1.78 1.30 0.66 1.16
45 56 22 0 13.74 0.25 0.00 0.79 1.49 1.53 1.24 1.18 1.38 1.01
47 25 21 0 13.74 0.22 0.00 0.18 0.82 1.10 1.10 1.31 1.15 0.93
26 4 32 0 13.75 0.37 0.00 0.25 1.06 1.27 0.87 1.11 1.47 1.57
30 61 30 0 13.75 0.43 0.00 0.76 0.85 1.32 0.66 0.76 1.08 1.60
35 45 14 0 13.75 0.13 0.00 0.44 1.13 1.73 1.32 0.82 0.63 0.40
39 53 25 1 13.75 0.37 0.00 0.48 1.45 1.26 1.00 0.81 0.76 1.16
44 21 5 0 13.75 0.05 0.00 0.61 0.95 1.05 1.27 1.16 1.01 1.01
22 64 35 1 13.76 0.28 0.00 0.36 0.73 2.04 1.71 0.98 0.63 0.41
25 19 35 1 13.76 0.50 0.00 0.79 0.34 1.98 1.57 1.42 1.03 0.66
77 78 27 0 13.76 0.35 0.00 0.24 1.03 1.62 0.58 0.81 0.98 1.91
48 7 34 1 13.77 0.41 0.00 0.98 0.96 1.89 1.83 1.23 0.88 1.05
64 24 29 0 13.77 0.23 0.00 0.55 0.91 1.65 1.18 0.87 0.35 1.06
67 53 14 0 13.77 0.14 0.00 0.37 0.95 1.06 1.03 1.22 1.24 1.35
8 44 23 1 13.77 0.24 0.00 1.04 0.82 2.52 1.50 0.79 0.78 0.58
27 59 12 1 13.78 0.51 0.00 0.18 0.68 1.36 1.31 1.49 1.57 1.02
45 81 19 0 13.78 0.44 0.00 1.25 0.45 1.86 0.72 1.01 1.26 1.21
67 69 29 0 13.78 0.79 0.00 0.76 0.55 1.76 1.41 1.26 1.15 1.88
60 73 31 1 13.79 0.26 0.00 1.02 0.76 1.30 1.13 0.88 0.88 0.67
75 40 18 1 13.79 0.25 0.00 0.46 0.71 3.26 1.87 0.97 0.78 0.73
9 0 34 0 13.79 0.28 0.00 0.59 0.80 1.56 0.80 0.52 0.48 1.21
4 54 16 1 13.80 0.25 0.00 0.83 0.88 1.12 1.07 0.82 1.04 0.76
69 57 12 0 13.80 0.34 0.00 0.54 0.87 1.18 1.00 0.69 0.68 0.60
45 22 5 0 13.81 0.24 0.00 0.71 0.97 1.08 1.06 1.30 1.05 1.01
57 41 25 1 13.83 0.15 0.00 0.82 1.49 1.56 0.97 1.01 0.62 0.96
31 50 30 1 13.85 0.09 0.00 0.87 0.44 1.70 1.60 1.46 1.18 1.14
42 71 13 0 13.85 0.33 0.00 0.79 1.24 1.63 1.59 1.03 0.72 0.70
53 9 29 1 13.85 0.38 0.00 0.52 0.69 1.33 1.15 0.89 0.48 0.59
58 79 6 0 13.85 0.15 0.00 0.55 1.02 1.07 1.13 1.28 1.25 1.15
70 49 35 1 13.85 0.06 0.00 0.27 1.19 2.47 1.86 1.27 0.63 0.81
39 62 16 0 13.86 0.30 0.00 0.23 1.44 1.74 0.89 0.99 1.42 1.73
42 15 8 0 13.86 0.17 0.00 0.51 1.04 1.12 0.90 0.84 0.65 1.22
74 66 39 0 13.86 0.37 0.00 0.63 1.22 1.43 1.16 1.70 1.44 0.83
75 19 35 1 13.86 0.45 0.00 0.25 0.75 2.98 1.19 0.59 0.46 0.93
4 17 23 1 13.87 0.49 0.00 0.41 0.71 1.88 0.85 0.56 0.39 0.63
59 16 21 0 13.87 0.10 0.05 0.89 0.95 1.22 1.12 1.06 1.22 1.01
38 74 18 0 13.88 0.42 0.00 0.21 0.45 1.60 1.00 0.53 0.56 0.82
34 22 23 1 13.89 0.12 0.00 0.56 0.55 1.02 1.11 1.28 0.97 0.99
34 14 25 0 13.90 0.26 0.00 0.39 0.93 1.49 1.71 1.54 1.44 1.25
12 56 34 1 13.91 0.04 0.00 0.84 1.01 2.73 1.33 0.72 0.50 0.80
35 20 40 0 13.91 0.19 0.00 0.80 1.63 1.82 1.31 1.39 1.00 0.87
48 21 15 0 13.91 0.42 0.00 0.36 1.86 2.09 1.21 0.94 0.64 0.91
9 52 39 1 13.91 0.66 0.00 0.76 1.42 3.31 1.00 0.99 1.06 0.67
3 2 20 0 13.92 0.16 0.00 0.28 1.20 1.55 1.89 0.87 0.85 1.11
34 50 13 1 13.92 0.35 0.00 0.57 1.13 1.11 0.89 0.82 0.76 0.72
44 80 19 0 13.92 0.33 0.00 1.21 0.46 2.20 0.59 0.86 1.29 1.17
57 68 22 0 13.92 0.19 0.00 0.93 1.43 1.44 1.00 0.90 1.20 1.09
60 22 5 0 13.92 0.33 0.00 0.53 1.09 2.29 2.06 1.49 1.21 1.00
29 54 37 1 13.93 0.12 0.00 0.25 0.89 1.14 0.97 0.77 0.60 1.01
33 3 37 1 13.93 0.26 0.01 0.91 1.28 1.67 1.37 1.41 1.11 0.69
39 75 19 0 13.93 0.29 0.00 1.27 0.42 1.96 0.75 0.83 1.10 1.17
49 37 23 1 13.93 0.25 0.00 0.33 0.45 2.45 1.91 1.26 0.81 0.55
16 66 14 0 13.94 0.11 0.00 0.82 0.83 1.08 0.78 0.91 1.19 0.99
29 75 7 1 13.94 0.33 0.00 0.13 1.21 1.53 1.02 1.12 1.47 1.41
46 19 29 0 13.95 0.47 0.00 0.27 0.69 2.06 1.89 1.14 0.63 0.52
1 60 23 1 13.96 0.66 0.00 0.28 1.19 2.99 1.28 0.70 0.61 0.57
20 78 29 0 13.96 0.22 0.00 0.55 0.67 2.32 0.96 0.46 0.51 0.55
22 2 25 0 13.96 0.24 0.00 0.21 0.70 1.36 1.15 1.23 1.54 1.64
42 63 6 0 13.96 0.26 0.00 0.56 0.81 1.10 1.16 1.31 1.45 1.21
13 1 37 1 13.97 0.45 0.00 0.52 0.40 1.32 0.96 0.59 0.65 0.81
29 36 36 1 13.97 0.14 0.00 0.44 1.81 1.77 0.84 0.69 0.97 1.31
3 65 20 1 13.97 0.46 0.00 0.34 1.04 1.92 0.58 0.45 0.55 1.12
41 64 16 0 13.97 0.35 0.00 0.23 1.41 1.86 1.12 0.87 1.42 1.75
66 71 35 0 13.97 0.15 0.00 0.72 0.69 2.54 2.14 1.20 0.87 0.86
22 20 4 0 13.99 0.12 0.00 0.37 1.73 1.74 1.53 1.20 1.01 0.81
3 2 39 0 13.99 0.53 0.00 0.57 1.40 2.71 1.05 0.65 0.64 0.55
50 75 25 0 13.99 0.48 0.00 0.19 1.34 1.29 0.99 1.09 0.81 0.66
80 41 35 0 13.99 0.68 0.00 0.39 0.62 3.22 1.17 0.63 0.47 0.81
18 5 20 0 14.00 0.35 0.00 0.66 1.18 1.32 0.78 0.79 0.68 0.59
13 6 15 0 14.01 0.23 0.04 0.90 0.46 1.84 1.49 0.84 1.24 1.47
18 1 7 0 14.01 0.44 0.00 0.77 0.74 1.09 0.75 1.19 1.30 1.08
43 11 34 1 14.01 0.19 0.00 0.61 1.02 2.08 1.94 1.60 1.35 0.84
74 75 27 0 14.01 0.15 0.00 0.29 1.25 1.72 0.55 0.87 0.84 1.84
31 63 12 1 14.02 0.04 0.00 0.17 0.58 1.40 1.38 1.54 1.45 0.98
40 5 29 0 14.02 0.20 0.00 0.12 1.09 1.91 1.70 1.43 1.17 1.06
61 81 16 0 14.02 0.47 0.00 0.71 1.85 2.04 0.95 0.91 1.20 1.28
29 71 13 1 14.03 0.48 0.00 0.98 1.51 2.41 1.39 0.88 0.90 0.85
32 64 12 0 14.03 0.08 0.00 1.13 1.21 1.63 1.10 1.18 1.35 1.10
71 48 29 0 14.03 0.41 0.00 0.65 0.46 1.81 0.95 0.66 0.39 0.99
34 4 37 1 14.04 0.26 0.01 0.91 1.28 1.76 1.57 1.33 1.00 0.76
52 41 40 0 14.04 0.39 0.00 0.75 1.15 1.85 1.60 1.12 0.83 0.47
62 27 4 1 14.04 0.26 0.00 0.82 0.50 2.71 1.58 0.98 0.60 1.35
11 75 9 1 14.05 0.66 0.00 1.30 1.21 2.11 0.99 0.75 0.94 1.03
52 73 6 0 14.05 0.28 0.00 0.45 0.93 1.03 1.14 1.29 1.21 1.20
10 60 4 1 14.06 0.54 0.00 0.55 0.35 3.07 1.50 0.90 0.62 0.96
15 27 8 0 14.06 0.11 0.00 0.53 1.21 1.13 1.22 0.90 0.83 0.75
23 30 36 1 14.06 0.66 0.00 0.23 1.36 1.73 0.80 0.50 0.69 1.21
24 31 36 1 14.06 0.28 0.00 0.20 1.39 1.78 0.90 0.46 0.80 1.03
67 81 31 0 14.06 0.35 0.00 0.41 1.59 1.47 1.31 0.91 0.68 0.79
56 12 29 1 14.07 0.21 0.00 0.48 0.72 1.33 1.24 1.02 0.45 0.66
21 28 35 1 14.08 0.48 0.00 0.52 0.37 1.84 1.58 1.25 0.52 1.22
30 75 29 0 14.08 0.66 0.00 0.41 0.54 2.70 1.80 0.79 0.51 0.82
36 61 37 1 14.08 0.16 0.00 0.36 1.47 1.33 1.05 0.73 0.72 0.73
38 23 40 0 14.08 0.10 0.00 0.59 1.80 2.38 1.45 1.22 0.93 0.90
58 67 35 0 14.08 0.12 0.00 0.80 1.09 1.38 1.29 0.79 0.60 0.83
69 22 12 1 14.08 0.44 0.00 0.69 1.18 1.42 1.13 0.75 0.70 0.53
7 37 4 0 14.08 0.57 0.00 0.45 1.11 3.04 1.39 0.72 0.50 1.18
25 17 16 1 14.09 0.12 0.00 0.54 1.61 1.53 0.68 0.94 1.45 1.28
78 79 5 0 14.09 0.17 0.00 0.61 1.33 1.66 0.68 0.53 0.71 1.28
30 0 37 1 14.10 0.32 0.01 0.80 1.31 1.60 1.45 1.33 1.22 0.66
40 22 31 1 14.10 0.51 0.00 0.61 1.29 1.55 1.03 0.83 0.66 0.46
44 24 40 0 14.10 0.33 0.00 0.55 1.37 1.79 1.74 1.39 1.42 1.09
71 30 27 0 14.10 0.20 0.00 0.63 0.55 2.51 1.36 0.77 0.49 0.50
76 77 27 0 14.10 0.28 0.00 0.32 1.17 1.54 0.55 0.91 0.87 1.84
78 43 18 1 14.10 0.62 0.00 0.41 0.67 3.38 1.71 0.73 0.76 0.75
18 76 29 0 14.12 0.35 0.00 0.47 0.70 2.18 0.88 0.48 0.46 0.55
37 47 14 0 14.12 0.42 0.00 0.64 1.11 1.83 1.26 0.79 0.59 0.42
45 64 40 1 14.12 0.05 0.00 1.13 0.69 1.29 1.02 0.86 0.86 1.02
56 65 35 0 14.12 0.29 0.00 0.71 0.98 1.26 1.05 0.72 0.56 0.87
8 1 15 0 14.12 0.09 0.05 0.64 0.45 1.49 1.38 0.92 1.51 1.47
31 54 16 0 14.13 0.32 0.00 0.37 1.28 1.52 1.16 0.97 1.47 1.79
40 76 32 0 14.13 0.48 0.00 0.75 1.68 1.58 1.23 1.04 1.22 0.92
75 36 35 0 14.14 0.29 0.00 0.36 0.61 2.99 1.07 0.58 0.44 0.76
75 76 5 0 14.14 0.76 0.00 0.69 1.28 1.65 0.74 0.54 0.69 1.32
36 50 4 0 14.15 0.26 0.00 0.29 0.56 1.62 1.71 1.27 0.69 0.51
48 1 19 0 14.15 0.19 0.00 0.93 0.61 1.40 0.99 1.57 1.41 1.24
27 73 7 1 14.16 0.51 0.00 0.17 1.08 1.42 1.05 1.25 1.55 1.50
40 50 14 0 14.17 0.25 0.00 0.70 1.11 1.63 1.23 0.84 0.57 0.48
9 2 15 0 14.17 0.19 0.01 0.60 0.54 1.39 1.59 0.93 1.43 1.43
9 73 9 1 14.17 0.37 0.00 0.64 0.92 1.29 0.76 0.65 1.66 1.23
53 72 38 1 14.18 0.33 0.00 0.49 1.26 1.58 1.29 0.57 0.65 0.62
60 0 12 0 14.19 0.25 0.00 0.39 1.07 0.98 0.86 1.00 0.96 0.94
73 40 22 0 14.19 0.53 0.00 0.43 0.35 1.27 0.87 0.94 1.21 1.58
38 54 37 1 14.20 0.17 0.00 0.72 1.23 1.25 1.21 0.94 0.74 0.71
70 72 29 0 14.20 0.21 0.00 0.59 0.37 1.56 1.32 1.21 1.22 1.75
52 21 4 1 14.22 0.12 0.00 0.85 0.81 2.79 1.95 1.21 0.89 0.87
11 24 23 1 14.23 0.30 0.00 0.84 1.06 1.91 1.25 0.78 0.50 0.58
40 51 22 0 14.23 0.26 0.00 0.80 1.48 1.57 1.08 1.35 1.42 1.18
45 65 12 1 14.23 0.23 0.00 0.17 0.67 1.57 1.70 1.66 1.09 0.84
61 53 36 0 14.23 0.62 0.00 0.95 1.50 1.94 1.37 0.80 0.94 1.18
62 46 23 0 14.23 0.26 0.00 0.98 0.93 1.99 1.43 1.09 1.27 1.75
71 75 10 0 14.23 0.17 0.00 1.23 1.04 1.75 1.36 1.17 0.93 0.74
81 42 35 0 14.23 0.11 0.00 0.33 0.77 3.11 1.20 0.63 0.45 0.77
25 68 18 1 14.24 0.35 0.00 0.68 0.31 1.69 1.74 1.19 0.98 0.94
63 77 31 0 14.24 0.17 0.00 0.49 1.69 1.55 1.27 0.84 0.76 0.74
41 72 3 0 14.25 0.28 0.00 0.72 1.59 1.37 1.05 0.86 0.89 0.92
43 63 12 1 14.25 0.03 0.00 0.19 0.76 1.58 1.70 1.73 1.16 0.82
19 61 35 1 14.26 0.56 0.00 0.40 0.56 2.13 1.77 1.00 0.67 0.42
59 47 24 1 14.26 0.21 0.00 0.67 1.46 1.62 1.07 0.92 0.62 0.55
19 3 18 0 14.27 0.58 0.00 0.39 0.71 1.16 0.80 0.53 0.73 0.78
28 60 12 0 14.27 0.26 0.00 1.22 1.23 1.68 0.92 1.26 1.14 1.14
52 25 29 0 14.27 0.23 0.00 0.25 0.79 1.88 1.90 1.17 0.67 0.53
30 75 24 0 14.28 0.21 0.00 0.89 0.87 1.46 1.45 1.47 1.44 1.12
41 0 34 1 14.28 0.32 0.00 1.06 0.78 1.75 1.78 1.09 0.90 0.77
1 0 39 0 14.29 0.81 0.00 0.28 1.05 3.11 1.05 0.52 0.70 0.57
63 30 22 0 14.29 0.26 0.00 0.46 0.39 1.34 1.02 1.09 1.35 1.72
2 1 39 0 14.30 0.45 0.00 0.54 1.37 2.94 1.17 0.62 0.68 0.60
39 69 16 0 14.30 0.21 0.00 0.51 1.91 1.91 1.05 0.79 0.79 0.73
31 11 25 0 14.31 0.15 0.00 0.44 1.06 1.44 1.43 1.46 1.57 1.46
37 68 30 0 14.31 0.55 0.00 1.06 0.90 1.54 0.58 0.63 0.98 1.14
55 33 10 0 14.31 0.16 0.00 0.19 1.38 1.44 1.35 0.91 1.29 1.31
11 9 16 0 14.32 0.44 0.00 1.05 1.46 1.88 1.33 1.22 1.09 1.01
50 61 22 0 14.32 0.16 0.00 0.85 1.49 1.35 1.04 1.07 1.10 0.95
52 30 10 0 14.32 0.21 0.00 0.16 1.50 1.76 1.37 0.88 1.16 1.41
62 67 35 0 14.32 0.12 0.00 0.66 0.96 2.41 2.12 1.38 0.87 0.89
41 65 4 0 14.33 0.55 0.00 0.30 0.53 1.23 1.09 1.09 0.64 0.51
64 33 4 1 14.33 0.48 0.00 0.83 0.73 2.93 1.83 1.18 0.74 1.15
37 45 16 0 14.34 0.06 0.00 0.38 1.76 1.34 0.96 1.00 0.99 0.94
67 2 35 1 14.34 0.32 0.00 0.41 0.58 1.50 0.87 0.73 0.63 0.38
81 46 18 1 14.34 0.77 0.00 0.33 0.50 3.25 1.55 0.63 0.70 0.78
18 62 34 1 14.35 0.29 0.00 1.14 1.01 2.33 1.30 0.96 0.60 0.66
68 8 34 1 14.35 0.55 0.00 0.38 0.44 2.41 1.30 0.73 0.38 1.21
8 78 26 0 14.35 0.24 0.00 0.71 0.40 2.04 1.11 0.64 0.56 0.52
34 12 10 0 14.36 0.75 0.00 0.20 1.72 1.96 1.23 0.79 1.11 1.37
46 30 38 0 14.36 0.27 0.00 0.21 0.50 1.94 1.53 0.64 0.53 0.66
51 42 13 0 14.36 0.12 0.00 1.12 1.12 2.06 1.56 1.19 1.32 1.13
61 73 39 0 14.36 0.11 0.00 0.43 1.47 1.22 0.98 1.09 0.99 0.62
78 79 36 0 14.36 0.28 0.00 0.82 0.77 1.51 0.78 0.61 0.48 0.87
79 26 18 1 14.36 0.33 0.00 0.36 0.64 2.09 0.95 0.51 0.39 0.68
39 60 6 0 14.37 0.22 0.00 0.49 0.96 1.09 1.30 1.33 1.39 1.06
50 23 29 0 14.37 0.35 0.00 0.33 0.85 1.86 1.90 1.13 0.62 0.52
40 56 37 1 14.38 0.09 0.00 0.68 1.56 1.84 1.40 1.11 0.83 0.54
5 21 29 1 14.38 0.38 0.00 0.46 0.40 2.25 1.37 0.60 0.45 1.11
64 77 31 1 14.38 0.11 0.00 1.04 0.53 1.27 0.82 0.83 0.94 0.78
7 20 23 1 14.38 0.26 0.00 0.79 0.79 2.06 0.96 0.60 0.45 0.58
73 57 23 0 14.38 0.33 0.00 0.98 0.84 2.08 1.36 0.92 1.21 1.88
9 53 34 1 14.38 0.48 0.00 0.71 0.96 2.44 1.08 0.57 0.40 0.91
57 39 31 1 14.39 0.25 0.00 0.48 1.16 1.16 0.92 1.00 0.70 0.57
38 77 25 1 14.40 0.17 0.00 0.39 2.00 1.96 1.08 0.80 0.90 1.14
38 26 23 1 14.41 0.40 0.00 0.64 0.74 0.98 1.01 1.18 1.08 1.02
48 4 29 1 14.41 0.03 0.00 0.64 0.66 1.37 1.12 1.05 0.47 0.58
11 27 29 1 14.42 0.35 0.00 0.96 1.11 1.85 1.30 0.94 0.57 0.59
55 63 20 1 14.42 0.55 0.00 1.02 1.06 1.27 0.79 0.94 0.79 0.89
58 12 33 1 14.42 0.01 0.30 0.50 0.76 1.30 0.98 1.18 1.23 1.13
71 6 35 1 14.42 0.21 0.00 0.22 0.57 1.66 0.95 0.70 0.56 0.43
77 56 35 1 14.42 0.71 0.00 0.42 0.60 2.91 1.13 0.51 0.45 1.08
20 41 31 0 14.43 0.20 0.00 0.61 0.73 1.00 0.85 0.77 0.87 0.87
8 51 39 1 14.43 0.63 0.00 0.68 1.53 3.02 1.13 0.89 1.11 0.55
9 45 23 1 14.43 0.44 0.00 1.05 0.78 2.32 1.45 0.80 0.75 0.51
43 10 20 1 14.44 0.44 0.00 1.25 1.22 1.94 0.83 0.74 0.80 0.85
45 29 38 0 14.44 0.45 0.00 0.31 0.45 2.14 1.53 0.67 0.48 0.63
48 59 22 0 14.44 0.13 0.00 0.83 1.48 1.36 1.08 1.07 1.22 1.08
22 18 30 1 14.45 0.29 0.00 0.92 1.02 2.92 1.72 1.19 0.83 0.84
35 15 25 0 14.45 0.24 0.00 0.34 0.94 1.53 1.67 1.65 1.38 1.38
66 69 31 1 14.45 0.45 0.00 0.36 1.24 1.40 1.52 1.31 1.22 1.50
81 58 24 1 14.45 0.18 0.00 0.24 1.16 1.78 0.61 0.44 1.20 0.62
20 27 35 1 14.46 0.15 0.00 0.52 0.39 1.94 1.78 1.31 0.57 1.18
26 19 15 0 14.46 0.27 0.04 0.66 0.80 1.97 1.72 1.30 1.69 1.42
58 27 4 1 14.46 0.58 0.00 0.83 0.71 2.72 1.82 1.16 0.60 0.97
69 48 35 1 14.47 0.26 0.00 0.27 1.13 2.42 1.91 1.37 0.62 0.92
74 35 35 0 14.47 0.25 0.00 0.37 0.64 3.01 1.13 0.60 0.45 0.64
31 26 10 1 14.48 0.06 0.00 0.46 1.26 1.38 1.09 0.65 1.13 1.67
79 40 35 0 14.48 0.15 0.00 0.42 0.68 2.94 1.34 0.64 0.43 0.71
25 14 25 1 14.49 0.20 0.00 0.42 0.65 1.05 1.25 0.73 0.86 1.26
72 82 41 1 14.49 0.12 0.05 0.54 0.76 1.05 0.87 1.02 1.23 1.36
80 59 35 1 14.49 0.06 0.00 0.33 0.65 3.00 1.13 0.61 0.41 1.06
21 63 13 1 14.50 0.24 0.00 1.22 0.72 1.49 0.85 0.96 1.07 1.46
23 69 7 1 14.50 0.33 0.00 0.24 1.19 1.36 1.03 1.19 1.55 1.55
51 7 29 1 14.50 0.35 0.00 0.62 0.69 1.43 1.19 0.98 0.41 0.68
56 77 6 0 14.50 0.57 0.00 0.46 1.13 1.06 1.18 1.25 1.19 1.13
25 14 30 1 14.51 0.34 0.00 0.55 0.26 1.42 1.39 1.28 0.97 0.88
41 18 5 0 14.51 0.38 0.00 0.61 1.05 1.19 1.53 1.28 1.17 1.11
27 7 39 0 14.52 0.36 0.00 0.62 1.18 1.08 0.73 0.91 0.84 0.99
36 68 12 1 14.52 0.15 0.00 0.20 0.54 1.40 1.45 1.64 1.44 0.98
62 21 27 0 14.52 0.44 0.00 0.63 0.63 2.43 1.52 0.72 0.53 0.49
11 61 4 1 14.53 0.07 0.00 0.68 0.38 3.05 1.73 0.84 0.86 1.03
24 3 29 0 14.53 0.29 0.00 0.37 0.42 2.15 1.72 0.91 0.55 0.55
27 34 36 1 14.53 0.19 0.00 0.46 1.52 1.38 0.98 0.63 0.81 1.27
36 9 8 0 14.53 0.61 0.00 0.26 1.43 1.30 1.05 0.67 0.95 1.24
37 82 29 0 14.54 0.05 0.00 0.60 0.69 2.23 1.69 0.72 0.44 0.73
44 4 12 0 14.54 0.18 0.00 0.32 1.05 1.40 1.30 0.84 0.70 0.43
71 15 35 1 14.54 0.84 0.00 0.26 0.93 3.33 1.26 0.67 0.52 0.88
29 79 35 0 14.55 0.17 0.00 0.27 0.36 2.44 1.82 1.13 0.83 1.49
50 70 12 1 14.55 0.59 0.00 0.17 1.01 1.81 1.67 1.65 0.89 0.63
34 61 34 0 14.56 0.81 0.00 0.53 1.19 2.79 1.77 1.47 1.31 1.32
46 26 25 0 14.56 0.71 0.00 0.53 1.31 2.34 1.68 1.75 1.39 0.95
47 15 34 1 14.56 0.14 0.00 0.54 0.85 1.45 1.66 1.51 1.57 1.24
55 28 15 0 14.56 0.25 0.00 0.24 0.80 1.63 1.14 1.16 1.48 2.07
13 34 31 0 14.57 0.39 0.00 0.62 0.62 1.03 0.84 0.83 0.80 0.74
27 7 25 0 14.57 0.55 0.00 0.30 1.03 1.48 1.55 1.49 1.46 1.47
33 39 17 0 14.57 0.31 0.00 0.38 0.35 1.34 1.32 1.30 1.47 1.31
63 55 36 0 14.57 0.75 0.00 0.82 1.77 2.14 0.94 0.69 0.90 1.09
34 40 17 0 14.58 0.21 0.00 0.36 0.34 1.44 1.41 1.31 1.42 1.38
59 69 41 1 14.58 0.05 0.03 0.44 0.79 1.04 0.89 1.01 1.22 1.45
53 12 34 1 14.59 0.41 0.00 0.68 0.95 2.18 2.02 1.20 0.66 1.26
69 25 29 0 14.59 0.86 0.00 0.34 0.98 3.03 1.96 1.00 0.67 1.08
25 2 15 0 14.60 0.41 0.00 0.97 1.11 1.45 1.21 0.94 0.91 1.53
47 58 22 0 14.60 0.32 0.00 0.91 1.52 1.59 1.26 0.96 1.27 1.09
52 43 13 0 14.60 0.48 0.00 1.21 0.86 2.24 1.41 1.37 1.37 1.25
62 70 34 1 14.60 0.09 0.00 0.44 0.62 1.73 1.96 1.23 0.59 0.65
36 1 29 0 14.61 0.49 0.00 0.15 1.02 1.84 1.80 1.38 1.27 1.25
40 69 13 0 14.61 0.23 0.00 0.65 1.16 1.37 1.53 0.92 0.65 0.69
60 33 29 0 14.61 0.16 0.00 0.25 0.54 2.52 1.80 1.12 0.55 0.60
8 6 16 0 14.61 0.48 0.00 0.42 2.05 2.18 1.06 1.15 1.30 0.95
54 78 4 0 14.62 0.36 0.00 0.27 0.38 1.36 1.27 0.96 0.53 0.81
61 74 31 1 14.62 0.21 0.00 0.99 0.54 1.19 0.99 0.90 1.07 0.79
70 74 10 0 14.62 0.37 0.00 1.24 1.20 1.89 1.30 1.05 0.85 0.75
39 59 22 1 14.64 0.33 0.00 0.53 0.28 1.77 1.64 1.43 1.22 0.74
69 71 29 0 14.64 0.60 0.00 0.62 0.32 1.68 1.34 1.19 1.22 1.71
1 44 39 1 14.66 0.48 0.00 0.31 1.22 2.78 1.16 0.49 0.64 0.60
22 9 9 0 14.66 0.22 0.00 1.40 0.48 2.19 1.21 1.00 0.93 0.86
81 60 35 1 14.66 0.50 0.00 0.38 0.62 2.87 1.10 0.57 0.40 1.12
13 11 4 0 14.68 0.24 0.00 0.26 1.66 1.50 1.46 1.09 0.92 0.91
4 2 16 0 14.68 0.69 0.00 0.21 1.61 1.74 0.48 0.93 0.95 0.73
59 61 29 0 14.69 0.22 0.00 0.92 0.81 2.22 1.76 1.30 1.38 1.45
60 44 23 0 14.69 0.63 0.00 1.17 0.88 1.86 1.31 0.97 1.08 1.64
23 68 29 0 14.70 0.85 0.00 0.44 0.58 2.71 1.66 0.76 0.43 0.80
42 61 24 1 14.70 0.26 0.00 0.82 0.74 1.14 1.13 1.00 0.78 0.63
15 3 37 1 14.71 0.21 0.00 0.67 0.37 1.34 0.82 0.70 0.60 0.83
23 6 7 0 14.71 0.44 0.00 1.07 0.89 1.19 0.88 0.99 1.12 0.99
25 67 13 1 14.72 0.39 0.00 1.34 0.59 1.70 0.90 0.98 1.01 1.41
31 47 13 1 14.72 0.12 0.00 0.57 0.94 0.99 0.94 0.84 0.81 1.01
72 31 27 0 14.72 0.33 0.00 0.74 0.58 2.56 1.34 0.73 0.51 0.50
81 28 18 1 14.72 0.02 0.00 0.33 0.70 1.96 0.86 0.54 0.37 0.66
27 63 32 1 14.73 0.38 0.00 0.32 0.46 1.07 0.96 1.32 1.28 1.21
61 1 34 1 14.73 0.16 0.00 0.44 0.49 2.20 1.31 0.72 0.34 0.82
48 68 12 1 14.74 0.15 0.00 0.12 0.66 1.55 1.59 1.58 1.12 0.82
75 67 39 0 14.74 0.39 0.00 0.84 1.11 1.33 1.07 1.49 1.52 0.89
72 77 35 0 14.75 0.46 0.00 0.73 0.60 2.38 2.13 1.07 0.71 0.82
46 70 4 0 14.76 0.15 0.00 0.48 0.40 1.17 1.05 1.05 0.56 0.94
53 26 29 0 14.76 0.37 0.00 0.23 0.88 2.07 1.89 1.08 0.58 0.57
39 23 38 0 14.77 0.10 0.00 0.52 0.82 1.01 1.42 1.12 1.10 0.99
43 79 32 0 14.77 0.35 0.00 0.71 1.54 1.31 1.21 1.08 1.12 0.88
45 53 34 1 14.77 0.33 0.00 0.54 1.20 1.13 1.13 1.13 0.84 0.60
54 13 34 1 14.77 0.12 0.00 0.76 0.98 2.26 2.05 1.18 0.74 1.21
44 81 8 1 14.78 0.17 0.00 1.02 0.89 1.38 1.09 0.71 0.63 0.89
72 33 35 0 14.78 0.19 0.00 0.35 1.61 2.89 1.40 1.04 0.62 0.84
28 21 15 0 14.79 0.33 0.02 0.70 0.86 1.80 1.78 1.35 1.54 1.41
32 63 3 0 14.79 0.25 0.00 0.38 1.88 1.67 1.34 0.90 0.95 1.10
35 51 13 1 14.79 0.61 0.00 0.44 1.17 1.13 0.76 0.87 0.70 0.64
39 59 12 1 14.79 0.42 0.00 0.17 0.57 1.44 1.54 1.65 1.10 0.75
63 73 29 0 14.79 0.36 0.00 0.52 0.97 2.78 2.10 1.30 0.77 1.08
38 57 38 1 14.80 0.39 0.00 0.50 1.00 1.11 1.01 1.04 1.48 1.47
40 50 41 1 14.80 0.42 0.03 0.55 0.72 1.06 0.80 1.11 1.21 1.47
41 6 29 0 14.80 0.08 0.00 0.11 1.23 2.05 1.64 1.40 1.09 1.14
6 42 23 1 14.80 1.06 0.00 1.12 0.74 2.36 1.49 0.79 0.86 0.52
75 18 29 1 14.80 0.12 0.00 0.71 0.86 1.25 1.09 1.04 0.66 0.49
26 66 2 0 14.82 0.15 0.00 0.37 0.99 1.03 0.69 1.41 0.91 1.08
52 9 21 0 14.82 0.23 0.04 0.99 1.14 1.82 1.40 1.34 1.48 1.19
10 61 31 1 14.83 0.61 0.00 0.78 1.42 2.33 0.97 0.65 0.60 0.57
33 75 13 1 14.83 0.48 0.00 0.85 1.57 2.32 1.18 0.89 0.69 0.61
37 79 35 1 14.83 0.07 0.00 0.47 0.97 1.09 1.37 1.44 0.83 0.84
47 56 12 1 14.83 0.21 0.02 0.62 1.50 1.69 1.03 0.89 0.73 0.46
31 16 40 0 14.84 0.46 0.00 0.82 1.58 1.96 1.39 1.47 1.23 1.08
37 28 18 1 14.84 0.12 0.00 0.07 0.72 1.45 1.33 0.93 0.90 0.86
39 68 13 1 14.84 0.24 0.00 0.63 1.38 1.29 1.21 0.85 0.76 0.66
40 82 35 1 14.84 0.04 0.00 0.39 0.95 1.12 1.48 1.24 0.81 0.69
54 67 31 1 14.84 0.25 0.00 0.95 1.28 1.56 1.18 1.12 0.83 0.54
80 20 18 0 14.84 0.99 0.00 0.22 0.51 2.33 1.17 0.61 0.71 1.94
23 16 15 0 14.85 0.22 0.04 0.60 0.77 1.60 1.58 1.46 1.65 1.41
13 57 34 1 14.86 0.32 0.00 0.85 1.10 2.86 1.34 0.63 0.58 0.83
44 65 6 0 14.86 0.15 0.00 0.54 1.11 1.12 1.36 1.27 1.37 1.01
46 82 19 0 14.86 0.66 0.00 1.25 0.45 1.96 0.63 0.84 1.28 1.24
23 18 21 1 14.87 0.21 0.03 0.56 0.66 0.97 0.83 1.02 1.11 1.16
16 68 14 1 14.88 0.28 0.04 0.40 0.69 0.96 0.89 0.93 1.15 1.06
59 43 25 1 14.88 0.55 0.00 0.92 1.43 1.49 1.02 1.04 0.65 1.05
18 79 18 1 14.89 0.53 0.00 0.22 0.38 2.46 1.78 1.01 0.69 0.60
24 3 37 1 14.89 0.10 0.00 1.19 0.89 1.36 1.13 1.05 0.94 0.73
21 10 30 1 14.90 0.13 0.00 0.52 0.21 1.70 1.41 1.27 0.85 0.78
63 68 35 0 14.90 0.44 0.00 0.83 0.80 2.45 2.12 1.22 0.86 0.87
81 82 36 0 14.90 0.43 0.00 0.30 1.12 1.66 0.58 0.43 0.63 0.95
33 62 26 1 14.91 0.28 0.00 0.33 1.42 2.37 1.88 1.41 1.32 0.84
33 76 19 0 14.91 0.33 0.00 0.36 0.19 1.51 1.08 1.18 0.95 0.87
56 69 31 1 14.91 0.59 0.00 1.05 1.08 1.61 1.14 1.20 0.89 0.49
41 29 10 0 14.92 0.39 0.00 0.74 1.69 2.85 1.18 0.89 1.18 1.29
31 58 18 1 14.93 0.04 0.00 0.62 1.07 1.42 1.37 1.15 1.51 1.66
51 31 25 0 14.93 0.55 0.00 0.54 1.41 2.44 1.67 1.68 1.34 0.98
52 82 16 0 14.93 0.08 0.00 0.62 1.21 1.10 0.94 0.88 0.88 0.64
71 73 29 0 14.93 0.23 0.00 0.64 0.33 1.67 1.38 1.24 1.18 1.73
17 24 37 1 14.94 0.38 0.03 0.55 0.98 1.59 0.86 1.01 1.16 2.19
41 26 40 0 14.94 0.12 0.00 0.64 1.87 1.81 1.29 1.22 0.99 0.78
7 81 29 1 14.94 0.35 0.00 0.39 0.65 3.47 1.62 0.72 0.65 1.09
81 70 12 1 14.94 0.37 0.00 0.36 1.31 1.90 0.70 0.54 0.62 0.51
27 19 16 1 14.95 0.56 0.00 0.75 1.56 1.65 0.57 0.72 1.12 1.23
31 78 25 1 14.95 0.08 0.00 0.28 0.58 1.08 0.70 0.79 0.78 1.36
39 68 13 0 14.95 0.09 0.00 0.70 1.31 1.53 1.63 1.06 0.75 0.65
47 77 15 0 14.95 0.19 0.00 0.40 1.03 1.02 0.84 0.78 0.74 0.79
56 64 20 1 14.95 0.10 0.00 1.16 1.21 1.41 0.92 0.91 1.09 0.89
70 55 34 0 14.95 0.58 0.00 0.44 0.37 1.85 0.99 0.46 0.52 0.72
18 25 37 1 14.96 0.21 0.03 0.51 0.98 1.75 0.76 0.83 0.85 2.23
30 2 3 0 14.96 0.38 0.00 0.52 0.91 1.52 1.48 0.99 1.47 1.89
47 66 38 1 14.96 0.19 0.00 0.55 1.26 1.62 1.46 0.70 0.58 0.60
55 12 21 0 14.96 0.23 0.03 1.00 1.19 1.58 1.32 1.30 1.26 1.26
61 23 5 0 14.96 1.22 0.00 0.48 0.74 2.68 1.81 1.82 1.49 0.87
70 14 35 1 14.96 0.20 0.00 0.33 1.18 3.28 1.44 0.66 0.61 0.89
55 0 14 1 14.97 0.39 0.00 0.89 1.35 1.41 1.34 1.01 0.90 0.71
57 59 29 0 14.97 0.26 0.00 1.02 0.79 2.01 1.59 1.35 1.40 1.48
61 72 22 0 14.97 0.42 0.00 0.88 1.57 1.46 0.88 0.79 1.19 0.95
11 10 31 0 14.98 0.05 0.00 0.45 1.60 2.63 0.97 0.93 1.23 1.85
23 39 29 1 14.98 0.20 0.00 1.12 1.10 1.79 1.36 0.93 0.62 0.74
46 82 4 1 14.98 0.33 0.00 0.41 0.61 1.69 0.92 0.93 0.67 0.28
53 64 22 0 14.98 0.33 0.00 0.80 1.49 1.28 1.04 0.98 1.09 1.04
55 65 29 0 14.98 0.12 0.00 1.01 0.80 2.47 1.93 1.25 0.87 1.04
61 46 34 0 14.98 0.39 0.00 0.63 0.56 1.51 1.20 0.74 0.46 0.57
11 2 34 0 14.99 0.24 0.00 0.68 0.72 1.54 0.82 0.53 0.46 1.13
50 71 6 0 14.99 0.30 0.00 0.42 1.07 1.12 1.43 1.26 1.37 1.14
21 4 7 0 15.00 0.16 0.00 0.79 0.77 1.02 0.84 0.92 1.23 1.06
36 31 15 1 15.00 0.33 0.00 0.38 1.72 1.58 1.17 0.66 0.82 1.24
37 2 29 0 15.00 0.46 0.00 0.12 1.04 1.97 1.69 1.51 1.25 1.17
6 48 40 1 15.00 0.34 0.00 0.83 1.55 2.52 0.63 0.78 0.95 0.57
15 59 34 1 15.01 0.19 0.00 0.80 1.02 2.64 1.32 0.61 0.48 0.83
54 43 34 1 15.01 0.26 0.00 0.40 0.71 1.11 1.07 1.01 0.61 0.56
66 22 29 0 15.01 0.77 0.00 0.30 0.94 3.10 1.87 1.02 0.69 1.33
22 5 7 0 15.02 0.46 0.00 0.62 0.80 1.00 0.84 1.07 1.36 1.18
3 53 4 0 15.02 0.10 0.00 0.26 0.52 1.64 0.96 0.71 0.69 2.02
41 55 25 1 15.02 0.28 0.00 0.48 1.41 1.12 1.02 0.83 0.91 1.14
61 80 40 1 15.02 0.15 0.00 1.01 0.57 1.25 1.12 0.80 0.73 1.00
44 64 12 1 15.03 0.15 0.00 0.15 0.88 1.63 1.62 1.75 1.20 0.87
49 8 34 1 15.03 0.47 0.00 1.00 1.00 1.94 1.89 1.12 0.80 0.98
22 15 15 0 15.04 0.29 0.03 0.68 0.57 1.44 1.60 1.12 1.43 1.52
31 76 29 0 15.04 0.38 0.00 0.65 0.69 2.18 1.90 0.75 0.51 0.75
48 28 25 0 15.04 0.26 0.00 0.48 1.26 2.38 1.88 1.53 1.48 1.10
80 81 17 0 15.05 0.26 0.00 0.37 1.31 1.75 0.63 0.41 1.02 0.64
17 49 12 0 15.06 0.35 0.00 1.10 1.25 1.68 1.18 1.36 1.31 1.26
44 52 20 1 15.06 0.22 0.00 0.65 1.81 1.91 1.09 0.61 0.85 0.90
5 4 10 0 15.06 0.36 0.00 0.44 1.56 3.50 1.25 0.93 0.90 0.92
50 58 20 1 15.06 0.44 0.00 0.69 1.81 1.71 1.12 0.74 0.80 0.89
60 29 4 1 15.06 0.41 0.00 0.77 0.75 2.62 2.10 1.24 0.79 1.09
18 5 26 0 15.07 0.81 0.00 1.26 0.65 2.07 1.39 1.44 1.14 0.66
50 6 29 1 15.07 0.33 0.00 0.57 0.61 1.33 1.19 0.98 0.45 0.62
48 78 16 0 15.08 0.22 0.00 0.39 1.74 1.60 1.12 0.98 0.70 0.59
60 5 14 1 15.08 0.42 0.00 0.83 1.33 1.36 1.27 0.97 0.83 0.65
29 9 39 0 15.09 0.26 0.00 0.65 1.13 1.10 0.76 0.88 0.69 0.96
27 10 7 0 15.10 0.34 0.00 1.00 0.91 1.13 0.90 0.92 1.13 1.04
32 64 12 1 15.10 0.21 0.00 0.14 0.47 1.25 1.16 1.37 1.36 0.85
34 7 8 0 15.10 0.45 0.00 0.23 1.51 1.36 1.09 0.73 0.94 1.36
59 21 5 0 15.10 0.13 0.00 0.49 1.25 2.34 1.96 1.57 1.34 0.94
61 39 10 0 15.10 0.09 0.00 0.18 0.83 1.33 1.14 1.06 1.70 1.49
45 76 3 0 15.11 0.23 0.00 0.77 1.52 1.33 1.19 0.82 1.01 0.87
28 67 25 1 15.12 0.55 0.00 0.36 1.59 1.43 1.13 1.06 1.18 1.58
43 64 6 0 15.12 0.44 0.00 0.52 0.89 1.04 1.19 1.34 1.43 1.09
56 1 14 1 15.12 0.80 0.00 0.89 1.16 1.18 1.20 0.97 0.92 0.83
62 54 36 0 15.12 0.52 0.00 1.01 1.48 1.75 1.16 0.77 1.02 1.30
28 11 7 0 15.13 0.30 0.00 0.92 1.06 1.13 0.79 1.01 1.14 1.08
40 28 23 0 15.14 0.50 0.00 0.31 0.88 1.23 1.80 1.37 1.11 0.85
45 68 16 0 15.14 0.65 0.00 0.29 1.41 1.61 0.93 0.88 1.35 1.88
57 42 29 1 15.14 0.04 0.00 0.83 0.51 1.79 1.40 0.73 0.48 0.69
71 81 41 1 15.14 0.29 0.04 0.40 0.85 1.02 0.96 0.94 1.34 1.35
23 65 13 1 15.15 0.26 0.00 1.20 0.64 1.52 0.67 1.01 1.15 1.47
16 4 37 1 15.16 0.11 0.00 0.49 0.51 1.29 0.84 0.54 0.57 0.74
28 21 20 0 15.16 0.11 0.00 0.37 1.34 1.16 0.83 0.75 0.91 1.38
29 9 25 0 15.16 0.22 0.00 0.34 0.98 1.37 1.63 1.40 1.55 1.33
41 77 32 0 15.16 0.42 0.00 0.61 1.42 1.13 1.12 1.04 1.04 0.87
46 57 22 0 15.16 0.01 0.00 0.77 1.47 1.40 1.16 1.19 1.43 1.16
60 68 34 1 15.16 0.39 0.00 0.51 0.46 1.79 1.88 1.31 0.78 0.52
33 43 14 0 15.17 0.26 0.00 0.71 1.04 1.56 1.20 0.78 0.54 0.48
33 65 12 0 15.17 0.25 0.00 1.11 1.22 1.52 1.08 1.23 1.29 1.26
10 1 34 0 15.18 0.84 0.00 0.55 0.65 1.70 0.81 0.43 0.46 1.08
66 46 15 0 15.18 0.08 0.00 0.64 1.03 1.04 0.72 0.78 0.91 1.15
78 62 23 0 15.18 0.42 0.00 0.33 0.80 2.18 0.91 0.56 0.72 2.17
10 53 39 1 15.19 0.33 0.00 0.60 1.66 3.13 1.02 0.97 0.90 0.59
53 44 13 0 15.19 0.36 0.00 1.24 0.95 1.92 1.64 1.06 1.14 1.09
65 10 14 1 15.19 0.28 0.00 1.02 1.19 1.33 1.20 0.99 0.93 0.71
25 12 26 0 15.20 0.63 0.00 1.28 0.64 1.95 1.47 1.38 1.14 0.75
31 15 38 0 15.20 0.26 0.00 0.43 0.89 1.00 1.37 1.17 1.20 1.08
36 24 23 1 15.20 0.33 0.00 0.57 0.71 0.93 0.93 1.17 0.95 1.00
13 26 23 1 15.21 0.44 0.00 0.78 1.09 1.80 1.10 0.70 0.45 0.58
16 1 32 1 15.21 0.07 0.00 0.31 0.60 1.51 0.98 1.29 1.86 1.78
27 6 38 1 15.21 0.11 0.00 0.18 0.42 2.06 1.80 1.61 0.79 1.09
43 34 13 0 15.21 0.47 0.00 1.09 1.48 1.84 1.26 1.32 1.08 0.97
68 81 31 1 15.21 0.30 0.01 0.93 0.55 1.11 0.90 0.95 1.05 0.81
34 19 32 1 15.22 0.43 0.00 0.75 1.79 2.20 1.38 1.17 0.91 0.72
37 25 23 1 15.22 0.25 0.00 0.56 0.67 0.95 0.92 1.25 0.87 0.93
21 61 2 0 15.23 0.23 0.00 0.35 0.67 0.96 0.62 1.10 1.04 0.91
59 32 29 0 15.23 0.43 0.00 0.24 0.54 2.04 1.80 1.14 0.54 0.55
39 8 4 1 15.24 0.28 0.00 0.84 0.82 2.32 2.07 1.27 0.85 0.69
48 15 20 1 15.24 0.45 0.00 1.04 1.22 1.59 0.74 0.69 0.66 0.91
10 46 23 1 15.25 0.42 0.00 1.00 0.81 2.33 1.57 1.00 0.64 0.51
19 51 12 0 15.25 0.09 0.00 1.19 1.21 1.68 1.12 1.39 1.18 1.20
37 25 23 0 15.25 0.17 0.00 0.34 0.99 1.19 1.66 1.40 1.27 0.98
57 1 18 0 15.25 0.27 0.00 0.59 0.32 1.15 1.16 0.92 0.87 0.93
62 7 14 1 15.25 0.20 0.00 0.88 1.31 1.26 1.09 0.92 0.86 0.74
63 22 27 0 15.25 0.73 0.00 0.72 0.55 2.49 1.51 0.65 0.60 0.49
27 20 15 0 15.26 0.19 0.02 0.53 1.01 1.79 1.78 1.33 1.68 1.42
33 58 37 1 15.26 0.14 0.00 0.30 1.48 1.34 1.22 0.72 0.74 0.70
61 34 29 0 15.26 0.30 0.00 0.19 0.68 2.44 1.82 0.96 0.54 0.61
21 57 11 0 15.27 0.08 0.00 0.25 1.00 1.04 1.10 0.87 1.09 1.38
43 8 29 0 15.27 0.52 0.00 0.12 1.26 1.97 1.74 1.30 1.15 1.11
53 61 34 1 15.27 0.22 0.00 0.64 0.59 1.34 1.47 1.21 0.81 0.45
25 56 30 0 15.28 0.46 0.00 0.75 0.75 1.34 0.63 0.66 1.11 1.68
48 79 3 0 15.28 0.07 0.00 0.72 1.50 1.29 1.25 0.90 0.88 0.82
78 45 17 1 15.28 0.27 0.00 0.75 0.87 1.16 0.92 0.84 0.71 0.56
35 67 12 0 15.29 0.22 0.00 1.13 1.32 1.74 1.12 1.20 1.38 1.25
39 82 12 0 15.29 0.23 0.00 0.36 0.68 1.04 0.97 0.78 0.90 0.52
6 57 31 1 15.29 0.80 0.00 0.88 1.48 2.38 1.02 0.70 0.71 0.56
61 49 24 1 15.29 0.19 0.00 0.63 1.51 1.56 1.17 0.82 0.71 0.52
68 82 31 0 15.29 0.21 0.00 0.40 1.40 1.25 1.24 0.72 0.72 0.78
69 70 2 0 15.29 0.19 0.00 0.33 1.24 2.09 0.92 0.48 0.64 0.46
20 18 4 0 15.30 0.23 0.00 0.35 1.82 1.64 1.44 1.19 1.09 0.79
4 3 39 0 15.30 0.65 0.00 0.56 1.45 2.95 1.19 0.61 0.68 0.64
45 17 32 1 15.30 0.35 0.00 0.28 1.01 1.62 1.49 1.28 1.70 1.68
14 30 29 1 15.31 0.55 0.00 1.11 0.93 2.00 1.44 1.04 0.54 0.73
24 80 25 1 15.31 0.55 0.01 0.87 1.31 1.49 1.40 1.16 1.28 1.35
39 75 18 0 15.31 0.54 0.00 0.21 0.45 1.61 0.87 0.56 0.47 0.81
45 75 15 0 15.31 0.07 0.00 0.33 0.86 0.97 0.87 0.84 0.73 0.87
53 35 31 1 15.31 0.42 0.00 0.40 1.32 1.20 0.97 0.97 0.70 0.56
17 15 16 0 15.32 0.69 0.00 0.80 1.60 2.20 1.49 1.26 1.40 1.17
34 79 29 0 15.32 0.15 0.00 0.69 0.73 2.06 1.73 0.72 0.45 0.75
37 32 15 1 15.32 0.41 0.00 0.35 1.70 1.57 1.10 0.65 0.72 1.19
42 78 19 0 15.32 0.20 0.00 1.29 0.42 2.19 0.67 0.74 1.04 1.21
43 17 23 1 15.32 0.60 0.00 0.61 0.71 2.21 1.88 1.88 1.35 1.16
69 53 23 0 15.32 0.08 0.00 1.13 0.86 1.75 1.32 1.03 1.14 1.71
27 33 17 0 15.33 0.37 0.00 0.44 0.35 1.48 1.50 1.32 1.45 1.45
44 74 16 0 15.33 0.25 0.00 0.44 1.78 1.66 1.10 0.97 0.70 0.59
24 11 26 0 15.34 0.57 0.00 1.31 0.67 1.94 1.52 1.28 1.16 0.79
30 66 32 1 15.34 0.34 0.00 0.38 0.48 1.01 1.03 1.25 1.19 1.29
41 19 10 0 15.34 0.24 0.00 0.26 1.74 1.60 1.31 0.97 1.13 1.36
42 65 16 0 15.34 0.82 0.00 0.24 1.29 1.69 0.84 0.87 1.36 2.00
26 57 25 1 15.35 0.50 0.00 0.41 1.32 1.17 1.40 1.33 1.08 1.16
32 71 25 1 15.35 0.57 0.00 0.46 1.49 1.39 1.11 0.97 1.19 1.69
35 82 25 1 15.35 0.28 0.00 0.26 0.67 0.95 0.87 0.92 0.82 1.05
4 55 31 1 15.35 0.11 0.00 0.79 1.34 2.02 0.92 0.60 0.55 0.60
40 35 15 1 15.35 0.58 0.00 0.34 1.68 1.64 1.09 0.55 0.75 1.08
68 15 18 1 15.35 0.29 0.00 0.27 1.40 1.87 1.34 0.90 0.48 0.59
47 17 36 1 15.37 0.64 0.00 0.22 1.64 1.66 0.64 0.61 0.93 1.13
48 35 34 0 15.37 0.08 0.00 0.49 0.65 0.94 0.89 0.95 0.77 0.85
51 2 31 1 15.37 0.26 0.00 0.34 1.20 1.17 0.92 0.87 0.67 0.56
60 13 12 1 15.37 0.48 0.00 0.95 1.17 1.43 1.07 0.69 0.78 0.62
40 61 6 0 15.38 0.24 0.00 0.51 0.79 1.06 1.31 1.35 1.41 1.16
53 79 38 1 15.38 0.54 0.00 0.10 1.14 1.38 1.11 0.80 0.73 0.76
57 30 29 0 15.38 0.21 0.00 0.21 0.65 2.11 1.73 1.06 0.49 0.54
62 22 29 1 15.38 0.50 0.00 0.48 0.37 3.12 1.71 0.90 0.71 1.23
75 76 2 0 15.38 0.86 0.00 0.35 1.21 1.71 0.61 0.55 0.58 0.55
24 60 11 0 15.39 0.12 0.00 0.33 0.88 1.01 1.10 0.83 1.06 1.42
57 65 20 1 15.39 0.30 0.00 1.10 1.22 1.34 1.02 0.94 0.89 0.84
25 41 29 1 15.40 0.47 0.00 1.10 0.78 1.74 1.51 1.09 0.61 0.66
3 67 9 1 15.40 0.19 0.00 0.45 0.78 1.12 0.83 0.66 1.61 1.33
43 49 17 0 15.40 0.39 0.00 0.47 0.35 1.76 1.68 1.55 1.41 1.33
59 12 12 1 15.40 0.26 0.00 1.00 1.19 1.36 1.07 0.76 0.78 0.74
60 16 33 0 15.40 0.08 0.00 0.34 0.59 0.92 0.90 0.86 1.08 1.02
75 76 1 0 15.40 0.16 0.00 0.43 1.51 2.38 0.94 0.55 0.64 0.52
8 59 31 1 15.40 0.09 0.00 0.84 1.35 2.37 0.84 0.60 0.66 0.54
19 35 29 1 15.41 0.42 0.00 1.23 0.81 2.02 1.30 0.93 0.54 0.76
30 74 12 1 15.41 0.21 0.00 0.45 0.94 1.64 1.97 1.69 1.33 1.03
23 1 32 0 15.42 0.31 0.00 0.21 0.96 1.17 0.90 1.09 1.47 1.55
25 37 8 0 15.42 0.35 0.00 0.41 1.34 1.23 1.42 1.03 0.74 0.67
51 10 27 0 15.42 0.07 0.00 1.08 0.53 1.69 1.57 1.12 0.79 0.62
51 64 31 1 15.42 0.15 0.00 1.09 1.16 1.55 1.05 1.25 0.93 0.55
57 70 31 1 15.42 0.18 0.00 0.86 1.14 1.39 1.39 0.97 0.99 0.52
6 0 11 0 15.42 0.08 0.00 0.88 1.04 1.68 1.25 0.72 0.68 0.46
73 65 39 0 15.42 0.39 0.00 0.72 1.12 1.21 1.05 1.50 1.45 0.76
17 33 29 1 15.43 0.12 0.00 0.95 1.21 1.77 1.28 1.01 0.55 0.60
4 36 27 0 15.43 0.17 0.00 0.71 1.02 1.07 0.93 0.92 0.82 0.64
40 70 15 0 15.43 0.41 0.00 0.25 0.91 1.02 0.90 0.78 0.71 0.83
81 45 37 1 15.43 0.65 0.00 0.31 1.07 1.66 0.64 0.45 0.62 1.41
11 55 37 1 15.44 0.22 0.30 0.88 1.01 1.55 1.05 1.16 1.12 0.89
29 74 29 0 15.44 0.30 0.00 0.43 0.59 2.36 1.69 0.60 0.46 0.66
50 34 38 0 15.44 0.55 0.00 0.24 0.44 1.89 1.62 0.70 0.63 0.51
51 61 15 1 15.44 0.30 0.00 0.78 1.58 1.69 1.39 0.95 0.68 0.72
52 58 36 1 15.44 0.40 0.00 0.36 1.49 2.17 1.13 0.87 1.50 1.91
52 62 15 1 15.44 0.15 0.00 0.97 1.47 1.91 1.28 0.92 0.71 0.61
53 26 15 0 15.44 0.26 0.00 0.21 0.75 1.42 1.00 1.11 1.55 1.91
68 56 24 1 15.44 0.55 0.00 0.54 1.32 1.50 0.86 0.74 0.61 0.47
76 77 1 0 15.44 0.57 0.00 0.36 1.51 2.46 1.02 0.55 0.71 0.50
8 7 19 0 15.44 0.33 0.00 0.82 1.56 2.76 1.08 1.45 1.47 1.10
9 59 4 1 15.44 0.76 0.00 0.55 0.37 3.02 1.72 0.92 0.63 1.08
20 5 32 1 15.45 0.24 0.00 0.24 0.69 1.65 1.25 1.51 1.60 1.87
36 5 4 1 15.45 0.27 0.00 0.99 0.83 2.41 2.00 1.25 1.11 0.82
26 15 30 1 15.46 0.23 0.00 0.57 0.24 1.61 1.53 1.28 0.86 1.04
31 62 30 0 15.46 0.64 0.00 0.84 0.90 1.26 0.73 0.69 0.98 1.55
39 78 25 1 15.46 0.09 0.00 0.25 1.95 1.88 1.24 0.93 0.94 1.22
9 79 29 1 15.46 0.17 0.00 0.52 0.54 1.79 1.17 0.51 0.43 0.64
41 80 25 1 15.47 0.37 0.00 0.35 2.01 1.89 1.27 1.08 0.89 1.14
43 12 4 1 15.47 0.19 0.00 1.03 0.75 2.41 1.95 1.29 0.95 0.83
62 50 24 1 15.47 0.26 0.00 0.56 1.29 1.33 0.97 0.77 0.70 0.49
70 54 23 0 15.47 0.36 0.00 1.05 0.90 1.78 1.36 1.00 1.16 1.80
24 30 17 0 15.48 0.31 0.00 0.38 0.30 1.41 1.25 1.27 1.53 1.41
28 51 16 0 15.48 0.33 0.00 0.39 0.99 1.35 1.20 1.15 1.65 1.78
47 20 29 0 15.49 0.12 0.00 0.23 0.94 1.81 1.89 1.19 0.66 0.53
36 46 14 0 15.50 0.33 0.00 0.59 1.03 1.78 1.25 0.93 0.54 0.36
14 12 4 0 15.51 0.32 0.00 0.27 1.74 1.94 1.60 1.39 1.11 0.96
17 15 4 0 15.51 0.33 0.00 0.39 1.84 1.72 1.51 1.26 1.05 0.90
76 19 29 1 15.51 0.28 0.00 0.93 0.94 1.30 1.30 0.82 0.69 0.67
28 59 3 0 15.52 0.20 0.00 0.53 1.95 1.74 1.20 0.92 1.05 1.27
48 58 41 1 15.52 0.17 0.03 0.57 0.78 1.00 0.86 0.95 1.24 1.35
40 71 3 0 15.54 0.04 0.00 0.73 1.61 1.32 1.16 0.98 0.97 0.80
43 75 18 0 15.54 0.12 0.00 0.54 1.40 2.05 0.75 0.63 0.52 0.53
66 68 29 0 15.54 0.16 0.00 0.65 0.43 1.61 1.59 1.23 1.17 1.77
17 75 29 0 15.55 0.36 0.00 0.33 0.50 2.25 0.83 0.37 0.54 0.68
33 12 29 0 15.55 0.21 0.00 0.48 0.39 1.62 1.76 0.97 0.70 0.53
48 30 31 1 15.55 0.26 0.00 0.55 1.45 1.66 1.05 0.77 0.61 0.46
61 63 29 0 15.55 0.79 0.00 0.87 0.78 1.82 1.58 1.31 1.45 1.71
19 17 16 0 15.56 0.14 0.00 0.89 1.54 1.87 1.50 1.22 1.37 0.96
30 69 25 1 15.56 0.12 0.00 0.36 1.64 1.37 1.08 0.98 1.20 1.49
7 52 22 0 15.56 0.68 0.00 0.73 1.10 1.28 1.38 1.60 1.24 0.78
34 6 38 1 15.57 0.19 0.00 0.61 0.44 2.63 1.76 1.55 1.42 1.39
35 67 18 1 15.57 0.28 0.00 0.95 0.69 1.37 1.50 1.55 1.26 0.97
46 26 40 0 15.57 0.24 0.00 0.63 1.48 1.73 1.59 1.36 1.40 1.32
47 78 3 0 15.57 0.43 0.00 0.58 1.57 1.26 1.23 0.76 0.98 0.91
49 29 25 0 15.57 0.46 0.00 0.54 1.51 2.41 1.68 1.63 1.32 1.00
57 30 15 0 15.57 0.37 0.00 0.24 0.87 1.57 1.05 1.14 1.41 2.16
66 28 36 0 15.57 0.21 0.00 1.03 1.40 1.54 1.35 1.07 0.82 0.89
19 63 34 1 15.58 0.60 0.00 1.09 0.92 2.36 1.39 0.78 0.54 0.69
2 49 35 1 15.58 0.34 0.03 0.35 1.10 1.69 2.12 1.00 0.85 0.69
28 40 8 0 15.58 0.29 0.00 0.41 1.39 1.18 1.32 1.05 0.78 0.71
63 49 4 0 15.58 0.16 0.00 0.55 0.54 1.15 0.90 0.75 0.66 0.54
65 68 31 1 15.58 0.15 0.00 0.29 1.06 1.31 1.51 1.22 1.25 1.64
49 5 29 1 15.59 0.26 0.00 0.54 0.63 1.42 1.28 0.83 0.43 0.58
58 3 14 1 15.59 0.40 0.00 0.96 1.39 1.46 1.23 1.02 0.88 0.66
65 75 41 1 15.59 0.13 0.03 0.46 0.87 0.99 0.85 0.93 1.19 1.37
43 61 15 0 15.60 0.30 0.00 1.19 1.13 1.64 1.01 0.61 0.89 1.18
73 57 25 1 15.60 0.14 0.00 0.45 1.15 1.14 0.80 0.80 0.84 1.61
25 16 34 0 15.61 0.72 0.00 0.78 0.98 1.50 0.87 0.58 0.49 0.72
36 65 13 0 15.62 0.31 0.00 0.92 1.12 1.30 1.50 1.10 0.84 0.99
37 9 35 0 15.62 0.31 0.00 0.57 0.54 1.73 1.77 1.93 1.32 0.98
41 29 23 1 15.62 0.12 0.00 0.53 0.59 1.15 1.44 1.64 1.01 0.78
78 50 29 1 15.62 0.26 0.01 0.32 1.06 1.64 1.16 0.58 0.55 0.46
27 12 40 0 15.63 0.32 0.00 0.74 1.43 1.42 1.44 1.40 1.26 1.02
33 41 16 0 15.63 0.71 0.00 0.35 1.97 1.79 1.02 0.68 0.85 0.83
39 4 29 0 15.63 0.26 0.00 0.10 1.08 2.15 1.70 1.50 1.08 1.15
43 3 12 0 15.63 0.42 0.00 0.42 1.01 1.30 1.41 0.84 0.71 0.45
74 18 35 1 15.63 0.91 0.00 0.26 0.61 2.56 1.05 0.51 0.39 0.83
80 57 24 1 15.63 0.32 0.00 0.29 1.07 1.53 0.63 0.41 1.20 0.63
35 19 38 0 15.64 0.19 0.00 0.50 0.77 0.98 1.43 1.07 1.13 0.98
41 71 16 0 15.64 0.57 0.00 0.44 1.80 1.50 0.97 0.69 0.76 0.82
1 63 20 1 15.65 0.46 0.00 0.27 1.29 1.75 0.66 0.50 0.53 1.10
13 57 37 1 15.65 0.30 0.26 0.96 1.03 1.72 1.18 1.28 1.23 0.96
33 72 25 1 15.65 0.39 0.00 0.29 1.45 1.30 1.00 0.99 1.11 1.65
59 64 35 0 15.65 0.19 0.00 0.77 0.99 2.18 2.14 1.41 1.17 0.86
33 16 7 0 15.66 0.21 0.00 1.22 1.12 1.38 1.08 1.07 0.98 0.96
46 67 6 0 15.66 0.09 0.00 0.54 1.10 1.09 1.20 1.40 1.39 1.13
59 71 39 0 15.66 0.14 0.00 0.43 1.54 1.19 1.07 1.04 0.98 0.65
67 34 22 0 15.66 0.19 0.00 0.57 0.34 1.28 0.82 0.98 1.40 1.58
81 68 14 1 15.66 0.11 0.00 0.27 1.24 2.00 0.67 0.51 0.58 0.52
14 58 34 1 15.67 0.31 0.00 0.97 1.10 2.72 1.38 0.86 0.52 0.77
30 53 16 0 15.67 0.38 0.00 0.45 1.02 1.46 1.15 1.33 1.71 1.80
52 57 35 0 15.67 0.10 0.00 0.79 1.08 2.03 2.15 1.25 1.10 1.01
71 55 23 0 15.67 0.27 0.00 1.01 1.01 1.89 1.46 1.11 1.23 1.76
20 7 20 0 15.68 0.58 0.00 0.53 1.72 1.93 1.06 0.74 0.58 0.60
24 10 38 0 15.68 0.26 0.00 1.18 0.35 1.71 0.87 0.71 0.85 1.16
45 13 34 1 15.68 0.28 0.00 0.78 1.05 1.92 1.94 1.53 1.33 0.82
79 19 18 0 15.68 0.15 0.00 0.25 0.48 2.38 0.99 0.79 0.60 2.10
10 26 29 1 15.69 0.52 0.00 1.09 0.84 1.96 1.54 0.88 0.52 0.79
28 7 37 1 15.69 0.17 0.00 1.17 0.60 1.30 1.15 0.93 0.80 0.84
37 56 38 1 15.69 0.24 0.00 0.52 0.98 1.04 1.04 1.05 1.31 1.49
38 27 25 1 15.69 0.17 0.00 0.45 1.10 1.66 0.96 0.69 0.52 0.40
39 49 14 0 15.69 0.33 0.00 0.48 0.98 1.49 1.16 0.79 0.57 0.39
42 31 25 1 15.69 0.38 0.00 0.53 1.07 1.39 0.84 0.62 0.53 0.56
60 48 24 1 15.69 0.02 0.00 0.65 1.36 1.43 1.12 0.74 0.65 0.55
73 2 4 0 15.69 0.28 0.00 0.61 0.65 1.92 0.80 0.61 0.58 0.35
47 31 38 0 15.70 0.72 0.00 0.26 0.54 2.23 1.60 0.63 0.53 0.52
47 7 12 0 15.70 0.82 0.00 0.33 1.13 1.43 1.56 0.81 0.70 0.48
4 46 40 1 15.71 0.15 0.00 0.76 1.57 2.11 0.60 0.72 0.78 0.54
41 36 10 1 15.71 0.18 0.00 0.59 0.81 1.10 1.37 0.73 0.65 0.89
44 28 38 0 15.71 0.62 0.00 0.16 0.48 1.87 1.57 0.70 0.59 0.59
52 5 4 0 15.71 0.78 0.00 0.40 0.86 2.10 1.85 1.28 0.61 0.44
67 77 41 1 15.71 0.26 0.04 0.46 0.79 1.04 0.75 0.92 1.29 1.48
33 78 24 0 15.72 0.32 0.00 1.07 0.86 1.22 1.20 1.26 1.16 1.05
67 20 12 1 15.72 0.32 0.00 1.07 1.36 1.61 1.28 0.81 0.86 0.71
37 22 32 1 15.73 0.46 0.00 0.83 1.73 2.28 1.31 1.24 0.76 0.74
42 22 40 0 15.73 0.17 0.00 0.58 1.34 1.88 1.73 1.29 1.46 1.50
52 77 15 1 15.73 0.08 0.00 1.00 0.78 1.16 1.33 1.07 0.87 0.99
59 41 31 1 15.73 0.33 0.00 0.41 1.21 1.17 0.98 0.85 0.70 0.52
69 9 18 0 15.73 0.23 0.00 1.16 1.61 2.17 1.16 0.95 0.98 0.95
14 3 30 1 15.74 0.35 0.00 0.56 0.27 1.97 1.29 1.03 0.68 0.45
44 63 40 0 15.74 0.48 0.00 0.73 1.80 1.46 0.85 0.90 0.94 0.95
52 19 20 1 15.74 0.60 0.00 1.21 1.28 2.06 0.82 0.66 0.71 0.82
55 61 36 1 15.74 0.30 0.00 0.33 1.46 2.23 0.95 0.79 1.55 1.93
8 38 4 0 15.74 0.42 0.00 0.41 1.04 3.19 1.58 0.76 0.51 1.19
23 73 4 1 15.75 0.56 0.00 1.20 1.24 1.92 1.18 1.40 0.98 0.61
35 49 25 1 15.75 0.28 0.00 0.50 1.51 1.19 1.01 0.85 0.82 1.26
58 71 31 1 15.75 0.44 0.01 1.05 1.16 1.59 1.31 1.31 0.90 0.58
63 25 5 0 15.75 0.33 0.00 0.35 0.80 2.74 1.91 1.88 1.30 0.86
2 15 23 1 15.76 0.66 0.00 0.40 0.77 1.94 0.91 0.59 0.36 0.53
59 37 10 0 15.76 0.55 0.00 0.10 0.96 1.63 1.35 1.05 1.40 1.62
69 79 15 1 15.76 0.21 0.00 0.37 0.48 1.20 0.75 0.84 0.78 1.75
33 64 30 0 15.77 0.09 0.00 0.97 0.98 1.29 0.65 0.75 0.92 1.37
52 63 22 0 15.77 0.29 0.00 0.95 1.51 1.40 1.08 0.87 1.21 0.99
53 7 33 1 15.77 0.47 0.31 0.48 0.82 1.28 0.98 1.11 0.97 1.38
60 38 10 0 15.77 0.69 0.00 0.15 0.86 1.35 1.26 0.84 1.38 1.68
21 8 20 0 15.78 0.30 0.00 0.58 1.61 1.77 1.01 0.77 0.58 0.54
46 55 12 1 15.78 0.48 0.03 0.80 1.18 1.46 1.01 0.94 0.63 0.50
62 2 34 1 15.78 1.06 0.00 0.41 0.52 2.47 1.34 0.82 0.32 0.74
79 56 24 1 15.78 0.23 0.00 1.17 1.13 1.67 0.78 0.58 0.91 0.73
19 79 26 0 15.79 0.55 0.00 1.14 0.84 1.53 1.44 1.55 1.18 0.93
32 12 25 0 15.79 0.33 0.00 0.27 0.91 1.38 1.57 1.40 1.49 1.55
18 34 29 1 15.81 0.18 0.00 1.12 0.89 1.92 1.43 0.90 0.54 0.68
37 67 16 0 15.81 0.41 0.00 0.35 2.03 1.80 1.12 0.86 0.83 0.80
42 56 25 1 15.81 0.03 0.00 0.43 1.61 1.27 0.90 0.74 0.78 1.15
43 38 14 0 15.81 0.43 0.00 0.51 1.56 1.93 1.36 1.32 1.50 1.63
53 31 10 0 15.81 0.53 0.00 0.16 1.56 1.54 1.32 0.98 1.12 1.39
62 15 12 1 15.81 0.50 0.00 1.08 1.07 1.51 1.17 0.73 0.74 0.62
2 18 33 1 15.82 0.37 0.00 0.71 1.25 1.10 1.07 1.03 0.88 0.69
37 46 12 1 15.82 0.08 0.05 0.67 0.96 1.12 0.89 0.92 0.76 0.57
46 14 34 1 15.82 0.89 0.00 0.62 1.03 2.13 2.09 1.55 1.35 1.09
60 72 39 0 15.82 0.36 0.00 0.59 1.55 1.24 1.01 1.16 0.99 0.62
20 62 35 1 15.83 0.56 0.00 0.42 0.61 2.05 1.96 0.99 0.63 0.45
21 55 8 1 15.83 0.29 0.00 0.90 0.83 1.33 0.67 0.96 0.49 0.93
24 15 34 0 15.83 0.70 0.00 0.91 0.96 1.54 0.92 0.60 0.49 0.78
34 66 18 0 15.83 0.48 0.00 0.45 1.79 1.72 0.61 0.63 0.85 0.76
51 24 29 0 15.83 0.27 0.00 0.25 0.65 1.70 1.68 1.16 0.59 0.44
52 8 33 0 15.83 0.17 0.00 0.23 0.69 0.96 0.79 0.79 0.93 1.03
58 63 35 0 15.83 0.26 0.00 0.80 0.93 2.01 2.22 1.13 1.19 0.84
60 70 29 0 15.83 0.48 0.00 0.95 0.86 2.45 2.01 1.35 0.90 1.07
41 62 6 0 15.84 0.53 0.00 0.43 0.83 1.05 1.29 1.39 1.51 1.02
54 42 23 0 15.84 0.25 0.00 0.32 0.52 1.96 1.82 1.26 0.68 0.43
65 74 35 0 15.84 0.20 0.00 0.69 1.01 1.38 1.05 0.66 0.44 0.92
68 78 41 1 15.84 0.10 0.05 0.44 0.65 1.08 0.80 0.90 1.23 1.60
42 48 17 0 15.85 0.28 0.00 0.60 0.29 1.81 1.62 1.43 1.43 1.27
43 21 10 0 15.85 0.35 0.00 0.14 1.56 1.64 1.15 0.83 1.11 1.47
26 68 13 1 15.86 0.30 0.00 1.37 0.55 1.59 0.91 1.07 1.04 1.33
40 48 16 0 15.86 0.17 0.00 0.57 1.97 1.52 0.94 0.92 1.04 0.88
41 65 16 1 15.86 0.22 0.00 0.33 2.12 1.99 1.07 0.83 0.95 1.05
42 33 13 0 15.86 0.24 0.00 1.04 1.47 1.55 1.28 1.14 1.15 1.01
61 71 29 0 15.86 0.44 0.00 0.72 0.89 2.61 2.11 1.37 0.76 1.12
13 25 8 0 15.87 0.18 0.00 0.55 1.11 0.96 1.03 0.97 0.87 1.01
63 66 31 1 15.87 0.30 0.00 0.25 1.12 1.31 1.44 1.41 1.18 1.56
71 32 35 0 15.87 0.49 0.00 0.33 1.47 2.75 1.72 1.01 0.62 0.72
14 35 31 0 15.88 0.30 0.00 0.69 0.61 1.00 0.86 0.77 0.77 0.88
35 5 37 1 15.88 0.38 0.01 0.96 1.27 1.72 1.29 1.63 1.05 0.62
42 7 29 0 15.88 0.04 0.00 0.11 1.15 1.75 1.66 1.44 1.24 1.07
12 33 31 0 15.89 0.36 0.00 0.68 0.64 0.99 0.83 0.82 0.84 0.73
64 76 39 0 15.89 0.63 0.00 0.39 1.08 1.01 0.68 0.92 0.86 0.68
78 79 17 0 15.89 0.35 0.00 0.27 0.96 1.57 0.54 0.43 1.09 0.55
27 13 38 0 15.90 0.34 0.00 1.16 0.49 1.35 0.87 0.74 0.82 0.95
36 13 5 0 15.90 0.35 0.00 0.78 0.65 0.99 0.80 0.83 0.98 0.91
40 77 8 1 15.90 0.28 0.00 0.96 1.16 1.49 1.09 0.72 0.61 0.66
41 1 12 0 15.90 0.14 0.00 0.48 1.01 1.33 1.44 0.91 0.72 0.42
41 48 12 0 15.90 0.42 0.00 0.33 0.71 1.86 2.14 1.59 1.41 1.14
10 9 10 0 15.91 0.24 0.00 0.45 1.66 3.34 1.35 0.85 0.97 0.87
37 17 25 0 15.91 0.43 0.00 0.46 0.91 1.57 1.79 1.57 1.62 1.29
13 29 29 1 15.92 0.11 0.00 0.96 1.09 1.78 1.31 0.88 0.51 0.59
31 77 7 1 15.92 0.21 0.00 0.27 1.93 1.63 1.19 0.94 0.81 0.81
34 61 18 1 15.92 0.04 0.00 0.67 1.18 1.32 1.32 1.28 1.38 1.55
37 66 13 1 15.92 0.32 0.00 0.58 1.37 1.15 1.26 0.90 0.75 0.84
38 26 23 0 15.92 0.33 0.00 0.36 0.89 1.13 1.67 1.48 1.10 0.99
44 53 12 1 15.92 0.37 0.06 0.69 1.30 1.44 1.19 0.91 0.67 0.54
65 5 34 1 15.92 0.77 0.00 0.37 0.42 2.54 1.31 0.75 0.35 0.84
38 75 8 1 15.93 0.42 0.00 0.97 1.10 1.42 1.05 0.75 0.60 0.67
40 63 16 0 15.93 0.90 0.00 0.15 1.45 1.77 0.93 0.90 1.43 1.70
56 40 23 0 15.93 0.24 0.00 1.15 0.71 1.86 1.51 1.12 1.16 1.64
11 52 29 1 15.94 0.30 0.00 0.59 0.34 1.49 1.24 0.68 0.51 0.86
40 50 14 1 15.94 0.22 0.00 0.19 1.00 1.13 1.30 1.14 1.38 1.23
50 63 31 1 15.94 0.55 0.01 1.04 1.13 1.81 1.33 1.17 0.74 0.49
36 16 15 1 15.95 0.10 0.00 0.45 1.44 1.16 0.99 1.07 1.27 1.41
45 64 24 1 15.95 0.18 0.00 0.98 0.67 1.31 1.28 1.12 0.69 0.60
49 33 38 0 15.95 0.28 0.00 0.22 0.34 1.87 1.69 0.77 0.70 0.58
58 49 13 0 15.95 0.31 0.00 1.34 1.02 1.91 1.48 1.15 1.13 1.14
28 12 18 0 15.96 0.16 0.00 0.38 1.40 1.74 0.93 0.50 0.59 0.57
31 56 37 1 15.96 0.07 0.00 0.37 1.43 1.26 1.26 0.69 0.80 0.66
35 81 7 1 15.96 0.30 0.00 0.30 2.06 1.84 1.01 0.82 0.90 0.77
5 47 40 1 15.96 0.37 0.00 0.74 1.69 2.36 0.69 0.76 0.84 0.52
53 78 15 1 15.96 0.08 0.00 1.06 0.69 1.15 1.11 1.12 0.82 0.89
61 15 33 1 15.96 0.16 0.27 0.51 0.73 1.17 1.14 1.09 1.18 1.08
22 1 29 0 15.97 0.23 0.00 0.38 0.42 2.26 1.70 0.91 0.50 0.51
26 77 6 1 15.97 0.26 0.00 0.15 1.41 1.48 1.33 1.41 1.25 1.20
27 66 25 1 15.97 0.42 0.00 0.38 1.63 1.35 1.10 1.01 1.05 1.56
40 76 18 0 15.97 0.19 0.00 0.23 0.59 1.40 0.90 0.60 0.49 0.60
55 14 34 1 15.97 0.22 0.00 0.84 1.06 2.04 2.00 1.24 0.69 1.12
77 78 5 0 15.97 0.30 0.00 0.59 1.33 1.53 0.68 0.52 0.63 1.25
32 61 26 1 15.98 0.32 0.00 0.37 1.11 1.71 2.07 1.61 1.19 0.92
29 22 15 0 15.99 0.10 0.04 0.56 0.92 1.70 1.69 1.46 1.68 1.44
33 63 16 0 15.99 0.18 0.00 0.49 2.00 1.82 1.05 0.91 0.71 0.74
45 14 29 0 15.99 0.40 0.00 0.50 1.92 1.63 1.25 1.15 1.06 0.70
53 9 33 0 15.99 0.06 0.00 0.24 0.72 0.94 0.84 0.81 0.91 1.03
63 41 10 0 15.99 0.32 0.00 0.18 1.11 1.41 1.12 1.04 1.66 1.62
37 10 8 0 16.00 0.27 0.00 0.33 1.67 1.27 0.89 0.81 1.06 1.26
43 16 15 0 16.00 0.36 0.00 0.41 2.02 2.17 1.13 0.73 0.75 0.84
80 81 5 0 16.00 0.15 0.00 0.25 1.11 1.77 0.59 0.45 0.57 1.23
58 17 27 0 16.01 0.21 0.00 0.68 0.57 2.39 1.46 0.64 0.54 0.45
25 23 4 0 16.02 0.35 0.00 0.37 1.75 1.99 1.75 1.30 1.14 0.85
29 12 7 0 16.02 0.42 0.00 0.87 0.96 1.03 0.87 1.03 1.16 1.03
30 61 3 0 16.02 0.05 0.00 0.43 2.02 1.80 1.22 0.92 1.18 1.22
32 60 30 0 16.02 0.71 0.00 0.34 0.46 1.84 2.28 1.20 1.17 0.78
41 70 13 0 16.02 0.07 0.00 0.77 1.33 1.56 1.58 1.07 0.66 0.65
45 18 29 0 16.02 0.44 0.00 0.26 0.83 1.87 1.96 1.25 0.57 0.57
51 33 31 1 16.02 0.30 0.00 0.43 1.40 1.18 1.03 0.97 0.73 0.58
53 66 31 1 16.02 0.12 0.01 1.09 1.22 1.53 1.06 1.16 0.90 0.54
63 48 34 0 16.02 0.07 0.00 0.74 0.50 1.64 0.92 0.62 0.46 0.57
21 52 25 1 16.03 0.34 0.00 0.30 1.21 1.06 1.30 1.11 1.06 1.28
40 64 16 1 16.03 0.51 0.00 0.48 1.96 2.08 0.95 0.55 0.99 0.98
59 69 29 0 16.03 0.12 0.00 0.90 0.90 2.62 2.06 1.25 0.87 1.03
23 78 35 1 16.04 0.31 0.00 0.25 0.59 2.21 1.64 0.89 0.38 0.69
33 6 8 0 16.04 0.12 0.00 0.31 1.63 1.28 0.96 0.69 1.04 1.23
46 19 15 0 16.04 0.16 0.00 0.26 2.00 1.99 1.22 0.87 0.76 1.02
70 21 18 0 16.04 0.21 0.00 0.53 0.31 1.52 0.75 0.43 0.91 0.78
1 48 35 1 16.05 0.35 0.04 0.30 1.17 1.98 2.05 0.98 0.75 0.61
18 9 34 0 16.05 0.49 0.00 0.71 0.88 1.55 1.11 0.56 0.42 0.91
39 30 2 0 16.05 0.30 0.00 0.40 1.78 1.36 0.69 0.94 0.79 0.94
41 71 15 0 16.05 0.15 0.00 0.28 0.89 0.95 0.87 0.81 0.75 0.95
66 11 14 1 16.05 0.31 0.00 0.83 1.30 1.23 1.20 1.00 0.78 0.71
76 20 35 1 16.05 0.33 0.00 0.32 0.67 2.68 1.09 0.55 0.36 0.71
25 61 32 1 16.06 0.19 0.00 0.22 0.50 1.04 0.80 1.13 1.40 1.21
36 68 12 0 16.06 0.26 0.00 1.19 1.30 1.73 1.26 1.28 1.23 1.20
41 30 25 1 16.06 0.19 0.00 0.68 1.24 1.56 0.94 0.68 0.57 0.48
42 61 40 0 16.06 0.45 0.00 0.78 1.75 1.42 0.99 1.07 0.91 1.05
48 67 40 1 16.06 0.30 0.00 1.08 0.57 1.19 1.13 0.85 0.87 0.93
64 41 29 0 16.06 0.38 0.00 1.17 0.74 1.98 1.04 0.76 0.48 0.66
1 14 23 1 16.07 0.08 0.00 0.33 0.68 2.07 0.95 0.56 0.34 0.61
21 8 9 0 16.07 0.29 0.00 1.40 0.53 2.38 1.36 1.06 0.87 0.72
42 9 20 1 16.07 0.37 0.00 1.11 1.47 1.90 0.79 0.69 0.75 0.89
46 66 12 1 16.07 0.46 0.00 0.15 0.53 1.39 1.39 1.63 1.06 0.65
49 22 29 0 16.07 0.39 0.00 0.29 0.67 1.63 1.86 1.28 0.62 0.52
73 0 37 1 16.07 0.29 0.00 0.47 0.71 1.02 0.95 0.74 0.70 1.38
28 1 40 0 16.08 0.19 0.00 0.55 0.80 0.93 1.01 1.35 1.16 1.01
59 10 31 1 16.08 0.10 0.00 0.34 1.22 1.22 0.93 0.78 0.63 0.53
69 30 35 0 16.08 0.49 0.00 0.26 1.60 2.71 1.39 0.89 0.54 0.81
22 11 30 1 16.09 0.06 0.00 0.60 0.24 1.44 1.35 1.36 0.96 1.06
24 7 7 0 16.09 0.60 0.00 1.12 0.93 1.18 0.85 0.95 1.13 0.97
34 3 4 1 16.09 0.51 0.00 0.93 0.82 2.44 2.05 1.38 1.02 0.80
4 59 27 1 16.09 0.33 0.00 0.45 1.62 2.40 0.98 0.56 0.74 0.49
45 14 4 1 16.09 0.06 0.00 1.02 0.91 2.25 1.94 1.13 0.77 0.71
73 75 29 0 16.09 0.28 0.00 0.68 0.39 1.46 1.39 1.34 1.25 1.66
77 78 24 0 16.09 0.72 0.00 1.07 1.40 2.28 1.66 0.92 1.01 0.89
22 13 18 1 16.10 0.19 0.00 0.20 0.72 1.13 1.09 1.23 1.55 1.41
26 14 23 1 16.10 0.18 0.00 0.63 0.78 0.94 0.83 1.21 0.99 1.17
38 0 29 0 16.10 0.60 0.00 0.97 0.74 1.40 1.69 1.11 0.78 0.71
42 37 15 1 16.10 0.35 0.00 0.26 1.84 1.61 1.09 0.78 0.76 1.22
51 18 20 1 16.10 0.21 0.00 1.13 1.32 1.64 0.82 0.69 0.73 0.88
68 52 23 0 16.10 0.35 0.00 1.17 0.87 2.03 1.41 1.03 1.20 1.73
70 80 15 1 16.10 0.21 0.00 0.29 0.50 1.17 0.83 0.80 0.75 1.69
12 25 23 1 16.11 0.33 0.00 0.60 1.24 2.08 1.23 0.79 0.40 0.54
22 77 11 1 16.11 0.19 0.00 0.95 0.59 1.26 0.76 1.01 1.54 1.38
28 20 16 1 16.11 0.18 0.00 0.74 1.56 1.47 0.70 0.70 1.04 1.39
32 62 15 0 16.11 0.04 0.00 0.29 0.79 0.92 0.81 0.89 0.88 1.14
46 76 15 0 16.11 0.36 0.00 0.22 0.97 1.01 0.81 0.83 0.72 0.81
69 28 27 0 16.11 0.60 0.00 0.66 0.51 2.37 1.53 0.72 0.52 0.47
70 6 34 0 16.11 0.17 0.00 0.76 0.57 3.27 1.57 0.78 0.58 0.81
34 80 7 1 16.12 0.48 0.00 0.32 2.12 1.93 1.07 0.97 0.80 0.91
35 4 4 1 16.12 0.26 0.00 0.98 0.83 2.40 2.00 1.38 1.01 0.76
36 65 26 1 16.12 0.39 0.00 0.35 1.23 2.38 2.03 1.54 1.31 0.73
59 3 18 0 16.12 0.42 0.00 0.55 0.26 1.22 1.08 0.88 0.81 0.83
63 36 29 0 16.12 0.66 0.00 0.26 0.58 2.42 1.72 1.00 0.48 0.50
70 29 27 0 16.12 0.60 0.00 0.69 0.74 2.56 1.39 0.65 0.49 0.47
3 45 20 1 16.13 0.10 0.00 0.26 0.61 1.01 0.85 0.74 0.73 0.72
37 54 38 1 16.13 0.08 0.00 0.25 0.36 1.58 1.78 1.52 1.24 1.12
49 60 22 0 16.13 0.10 0.00 0.91 1.58 1.39 1.04 0.99 1.19 1.09
59 80 6 0 16.13 0.34 0.00 0.66 1.16 1.11 1.28 1.29 1.29 1.14
18 74 25 1 16.14 0.68 0.01 0.96 1.39 1.76 1.45 1.24 1.32 1.35
21 53 12 0 16.14 0.24 0.00 1.14 1.25 1.42 1.10 1.18 1.26 1.12
30 10 25 0 16.15 0.26 0.00 0.41 0.86 1.34 1.62 1.38 1.59 1.49
46 3 21 0 16.15 0.23 0.05 1.01 1.25 1.71 1.40 1.40 1.34 1.18
63 76 31 1 16.15 0.33 0.00 0.90 0.49 1.10 0.81 0.90 0.89 0.78
27 43 29 1 16.16 0.53 0.00 1.34 1.02 1.84 1.27 0.98 0.71 0.72
30 8 32 0 16.16 0.05 0.00 0.35 1.30 1.03 0.87 0.84 1.14 1.21
44 76 12 1 16.16 0.37 0.00 0.41 0.87 1.82 1.69 2.01 1.63 0.92
48 67 24 1 16.16 0.45 0.00 0.88 0.70 1.12 1.23 1.09 0.84 0.63
65 24 27 0 16.16 0.42 0.00 0.65 0.41 2.48 1.43 0.76 0.55 0.46
73 32 27 0 16.16 0.48 0.00 0.66 0.47 2.51 1.58 0.68 0.54 0.53
3 54 31 1 16.17 0.44 0.00 0.85 1.43 2.30 0.93 0.66 0.56 0.59
43 53 41 1 16.17 0.01 0.05 0.51 0.81 1.04 0.80 1.08 1.28 1.50
20 9 30 1 16.18 0.25 0.00 0.56 0.22 1.55 1.35 1.33 1.02 0.69
31 10 29 0 16.18 0.19 0.00 0.49 0.48 1.84 2.02 1.18 0.74 0.50
40 18 10 0 16.19 0.07 0.00 0.18 1.61 1.55 1.31 0.92 1.23 1.39
43 54 22 0 16.19 0.07 0.00 0.70 1.65 1.43 1.12 1.31 1.43 1.05
62 72 41 1 16.19 0.39 0.04 0.44 0.71 1.00 0.78 1.10 1.28 1.41
23 3 39 0 16.20 0.10 0.00 0.62 0.81 0.91 0.85 0.99 0.91 0.84
39 28 25 1 16.20 0.30 0.00 0.60 1.04 1.52 0.86 0.73 0.47 0.46
51 62 22 0 16.20 0.21 0.00 0.89 1.57 1.35 0.98 1.06 1.25 1.07
70 62 35 1 16.20 0.52 0.00 1.09 0.51 2.08 0.91 0.67 0.59 0.52
29 13 18 0 16.21 0.76 0.00 0.25 1.25 1.95 0.82 0.45 0.56 0.58
31 0 4 1 16.21 0.23 0.00 0.93 0.85 2.38 2.09 1.24 1.02 0.70
47 27 25 0 16.21 0.44 0.00 0.56 1.30 2.35 1.84 1.66 1.45 1.04
51 19 34 1 16.21 0.48 0.00 0.74 0.87 1.43 1.66 1.43 1.51 1.34
61 20 27 0 16.21 0.78 0.00 0.73 0.55 2.57 1.43 0.67 0.49 0.53
64 37 29 0 16.21 0.41 0.00 0.21 0.54 2.37 1.71 0.97 0.48 0.54
66 36 35 0 16.21 0.59 0.00 0.99 1.21 2.51 1.67 0.96 0.87 0.57
78 80 29 0 16.21 0.24 0.00 0.79 0.41 1.59 1.29 1.36 1.31 1.77
22 0 32 0 16.22 0.37 0.00 0.22 1.00 1.17 0.96 0.96 1.57 1.53
31 63 12 0 16.22 0.25 0.00 1.10 1.44 1.72 1.13 1.24 1.41 1.17
53 41 23 1 16.22 0.17 0.00 0.35 0.48 2.45 1.90 1.23 0.64 0.49
14 21 37 1 16.23 0.61 0.02 0.47 1.14 1.68 0.74 1.03 0.91 2.26
40 29 25 1 16.23 0.21 0.00 0.62 1.27 1.88 0.95 0.71 0.48 0.45
45 62 34 1 16.23 0.30 0.00 0.24 1.60 2.72 1.47 1.46 0.72 0.74
61 75 31 0 16.23 0.34 0.00 0.44 1.69 1.43 1.21 0.71 0.74 0.75
63 19 29 1 16.23 0.31 0.00 0.41 0.59 2.05 1.20 0.76 0.28 0.82
34 44 14 0 16.24 0.38 0.00 0.58 1.04 1.75 1.22 0.72 0.57 0.36
59 4 14 1 16.24 0.37 0.00 0.94 1.39 1.38 1.29 0.86 0.90 0.74
40 31 2 0 16.25 0.21 0.00 0.46 1.79 1.68 0.65 0.77 0.59 0.92
67 55 12 0 16.25 0.13 0.00 0.63 0.84 1.04 0.81 0.78 0.66 0.69
2 39 16 0 16.26 0.45 0.00 0.23 0.57 1.05 0.89 0.60 1.15 0.77
46 28 31 1 16.26 0.30 0.00 0.46 1.48 1.61 1.03 0.74 0.62 0.45
78 57 35 1 16.26 0.39 0.00 0.36 0.59 3.11 1.27 0.56 0.42 0.98
57 82 15 1 16.27 0.15 0.00 1.02 0.76 1.16 1.20 1.06 0.73 0.93
19 55 11 0 16.28 0.52 0.00 0.22 0.90 1.01 0.91 0.77 0.88 1.36
24 13 25 1 16.28 0.50 0.00 0.31 0.54 1.07 0.93 0.62 0.92 1.42
35 41 17 0 16.28 0.18 0.00 0.41 0.34 1.37 1.52 1.25 1.44 1.41
37 51 25 1 16.28 0.19 0.00 0.51 1.40 1.10 0.95 0.81 0.86 1.24
42 53 22 0 16.28 0.71 0.00 0.86 1.53 1.49 1.05 1.18 1.55 1.14
50 56 17 0 16.28 0.24 0.00 0.49 0.27 2.31 1.64 1.45 1.43 1.36
53 29 17 0 16.28 0.12 0.00 0.30 0.47 2.74 1.88 1.23 0.78 0.48
31 9 21 0 16.29 0.42 0.00 0.27 0.99 2.02 2.10 1.67 1.31 1.08
34 59 37 1 16.29 0.19 0.00 0.34 1.42 1.31 0.97 0.68 0.59 0.69
57 78 6 0 16.29 0.40 0.00 0.55 1.18 1.02 1.18 1.31 1.19 1.07
8 21 23 1 16.29 0.33 0.00 0.68 0.96 1.76 1.10 0.59 0.47 0.48
23 10 9 0 16.30 0.35 0.00 1.40 0.46 2.00 1.27 0.99 0.85 0.73
43 59 37 1 16.30 0.13 0.00 0.68 1.71 2.05 1.40 1.21 0.83 0.54
39 30 13 0 16.31 0.11 0.00 0.61 1.81 1.78 1.58 1.15 0.91 0.81
29 21 16 1 16.32 0.19 0.00 0.85 1.40 1.63 0.63 0.59 1.02 1.40
48 2 33 1 16.32 0.62 0.21 0.56 0.89 1.23 1.17 1.32 1.29 1.27
65 18 12 1 16.32 0.27 0.00 1.08 1.10 1.51 1.31 0.73 0.73 0.68
66 35 4 1 16.32 0.29 0.00 0.71 0.57 3.12 1.78 1.32 0.69 1.32
34 22 23 0 16.34 0.22 0.00 0.40 0.69 1.06 1.60 1.39 1.22 0.96
80 64 23 0 16.34 0.86 0.00 0.27 0.70 2.23 0.97 0.55 0.85 2.26
19 75 25 1 16.35 0.42 0.00 1.08 1.34 2.02 1.65 1.22 1.16 1.13
33 13 15 1 16.36 0.30 0.00 0.38 1.89 1.42 1.04 0.80 0.92 1.13
24 60 32 1 16.37 0.28 0.00 0.23 0.45 1.00 0.94 1.22 1.18 1.15
54 79 25 0 16.37 0.50 0.00 0.23 1.52 1.24 1.02 1.10 0.73 0.69
78 25 18 1 16.37 0.35 0.00 0.27 0.98 1.76 0.97 0.60 0.42 0.49
13 20 37 1 16.38 0.57 0.06 0.43 1.04 1.67 0.76 0.84 1.03 2.26
38 18 25 0 16.38 0.46 0.00 0.31 0.98 1.45 1.75 1.57 1.55 1.23
39 71 12 1 16.38 0.48 0.00 0.28 0.90 1.96 1.61 2.08 1.57 0.77
64 34 35 0 16.38 0.26 0.00 1.11 1.18 2.49 1.52 0.94 0.97 0.54
20 36 29 1 16.39 0.28 0.00 1.04 1.05 1.88 1.49 1.07 0.52 0.68
25 32 36 1 16.39 0.42 0.00 0.22 1.27 1.55 0.88 0.46 0.66 1.26
44 55 22 0 16.39 0.24 0.00 0.72 1.37 1.28 1.21 1.41 1.46 0.93
72 51 35 1 16.39 0.56 0.00 0.39 1.40 2.62 2.03 1.28 0.77 0.85
24 2 32 0 16.40 0.49 0.00 0.18 1.16 1.25 0.82 1.07 1.52 1.50
46 54 20 1 16.40 0.29 0.00 0.69 1.99 1.83 1.03 0.79 0.83 0.99
57 45 10 0 16.40 0.12 0.00 1.51 1.01 2.36 1.15 0.84 0.91 0.84
66 75 35 0 16.41 0.11 0.00 0.84 0.97 1.35 1.10 0.66 0.50 0.86
45 2 10 0 16.42 0.28 0.00 0.39 0.60 1.84 2.21 1.60 1.09 1.26
54 75 6 0 16.42 0.03 0.00 0.56 1.12 1.03 1.30 1.30 1.21 1.07
58 42 23 0 16.42 0.50 0.00 1.07 1.03 1.98 1.46 1.26 1.20 1.73
61 31 35 1 16.42 0.14 0.00 0.78 0.85 1.88 0.97 0.69 0.52 0.38
28 13 40 0 16.43 0.25 0.00 0.75 1.41 1.33 1.42 1.33 1.27 1.11
36 68 7 1 16.43 0.02 0.00 0.13 0.82 1.04 1.03 1.22 1.09 1.13
23 2 38 1 16.44 0.21 0.00 0.17 0.54 2.27 1.99 1.54 0.71 1.11
60 74 31 0 16.44 0.61 0.00 0.50 1.89 1.94 1.45 0.90 0.79 0.65
67 37 35 0 16.44 0.32 0.00 1.08 1.19 2.26 1.70 0.96 0.91 0.60
24 19 21 1 16.45 0.19 0.04 0.69 0.72 1.33 1.31 1.41 1.51 1.59
33 59 38 1 16.45 0.30 0.00 0.20 0.72 0.98 0.92 0.97 1.12 1.38
62 31 4 1 16.45 0.63 0.00 0.85 0.65 2.60 1.93 1.10 0.60 1.25
62 6 18 0 16.45 0.50 0.00 0.55 0.29 1.17 1.02 0.83 0.74 0.85
26 17 34 0 16.46 0.35 0.00 0.87 0.95 1.63 0.99 0.49 0.52 0.75
41 49 16 0 16.46 0.57 0.00 0.47 1.84 1.38 1.15 0.92 1.33 0.92
66 6 12 0 16.46 0.48 0.00 0.42 0.99 0.89 0.98 1.02 1.05 1.02
44 0 29 1 16.47 0.30 0.00 0.56 0.58 1.23 1.29 0.94 0.59 0.49
45 25 25 0 16.47 0.38 0.00 0.54 1.56 2.33 1.74 1.61 1.30 0.90
48 21 29 0 16.47 0.24 0.00 0.32 0.73 1.74 1.92 1.15 0.62 0.46
49 72 16 0 16.47 0.86 0.00 0.19 1.50 1.62 0.91 0.85 1.40 1.73
59 15 33 0 16.47 0.22 0.00 0.30 0.58 0.93 0.87 0.74 0.92 1.03
31 81 35 0 16.48 0.54 0.00 0.28 0.36 2.17 1.98 1.24 1.03 1.55
41 51 41 1 16.48 0.26 0.04 0.44 0.81 1.00 0.82 0.92 1.18 1.51
57 35 10 0 16.48 0.01 0.00 0.13 1.39 1.47 1.33 0.92 1.14 1.41
17 67 8 0 16.49 0.33 0.00 0.85 0.97 1.09 1.23 1.18 0.96 0.68
57 46 34 0 16.49 0.37 0.00 0.25 0.71 1.50 1.75 1.04 0.72 0.43
35 65 15 0 16.50 0.29 0.00 0.22 1.01 1.00 0.82 0.76 0.80 1.04
30 40 14 0 16.51 0.63 0.00 0.51 1.08 1.75 1.07 0.69 0.49 0.39
32 76 12 1 16.51 0.64 0.00 0.47 1.04 1.66 2.07 1.64 1.27 1.04
39 50 22 0 16.51 0.12 0.00 0.73 1.71 1.43 1.06 1.27 1.35 1.09
46 65 40 1 16.51 0.10 0.00 1.06 0.67 1.15 1.04 0.83 0.78 1.01
56 29 29 0 16.51 0.26 0.00 0.19 0.71 1.90 1.77 1.23 0.60 0.46
29 14 40 0 16.52 0.26 0.00 0.80 1.53 1.40 1.28 1.27 1.32 1.17
38 52 25 1 16.52 0.27 0.00 0.50 1.43 1.07 0.95 0.82 0.94 1.19
42 22 25 0 16.52 0.16 0.00 0.42 0.89 1.48 1.72 1.57 1.62 1.41
43 13 36 1 16.52 0.32 0.00 0.16 1.50 1.50 0.66 0.66 0.87 1.25
43 20 15 0 16.52 0.56 0.00 0.98 1.49 1.72 1.25 0.86 0.66 0.71
47 79 12 1 16.52 0.35 0.00 0.30 0.91 2.01 1.89 1.90 1.53 0.89
55 44 34 1 16.52 0.21 0.00 0.37 0.68 1.01 0.97 0.99 0.60 0.62
38 47 12 1 16.53 0.27 0.03 0.70 1.30 1.52 1.01 0.84 0.68 0.42
38 7 4 1 16.53 0.09 0.00 1.01 1.01 2.36 1.99 1.19 1.04 0.71
67 39 16 0 16.53 0.21 0.00 0.45 1.26 1.23 0.52 0.78 0.70 0.67
34 66 12 0 16.54 0.49 0.00 1.12 1.36 1.62 1.21 1.28 1.36 1.14
38 3 29 0 16.54 0.24 0.00 0.13 0.97 2.11 1.84 1.73 1.24 1.07
41 66 25 0 16.54 0.21 0.00 0.37 1.46 1.21 1.15 1.13 0.70 0.62
65 32 22 0 16.54 0.09 0.00 0.55 0.29 1.41 0.82 1.10 1.47 1.65
8 67 34 1 16.54 0.71 0.00 0.62 0.62 1.99 0.89 0.58 0.36 0.57
28 64 32 1 16.55 0.42 0.00 0.30 0.46 1.05 1.07 1.30 1.28 1.39
46 71 25 0 16.55 0.33 0.00 0.37 1.62 1.41 1.13 0.93 0.69 0.54
64 80 9 0 16.55 0.14 0.00 0.73 0.91 0.96 0.72 1.02 1.15 0.83
32 68 32 1 16.56 0.10 0.00 0.30 0.46 0.99 1.04 1.31 1.24 1.20
44 26 31 1 16.56 0.40 0.00 0.45 1.42 1.42 0.94 0.83 0.74 0.40
54 43 29 1 16.56 0.09 0.00 0.82 0.97 1.92 2.20 1.22 0.90 0.78
67 51 23 0 16.56 0.21 0.00 1.10 0.84 1.99 1.49 1.15 1.16 1.81
60 80 16 0 16.57 0.30 0.00 0.58 1.93 2.01 0.95 0.95 1.46 1.44
20 0 25 0 16.58 0.19 0.00 0.28 0.68 1.09 1.02 1.19 1.39 1.67
22 41 12 0 16.58 0.07 0.00 1.35 1.04 1.50 1.26 1.02 0.99 0.96
36 60 16 1 16.58 0.90 0.00 0.39 2.17 2.16 0.97 0.75 0.95 1.05
40 76 11 0 16.58 0.33 0.00 0.21 1.04 1.06 1.27 1.09 1.26 1.30
51 29 10 0 16.58 0.27 0.00 0.12 1.36 1.46 1.28 0.84 1.08 1.44
50 73 16 0 16.59 0.30 0.00 0.15 1.58 1.80 0.81 0.69 1.14 1.55
66 36 35 1 16.59 0.17 0.00 0.74 0.95 1.57 0.94 0.57 0.63 0.42
4 51 35 1 16.60 0.52 0.04 0.34 1.30 1.88 2.04 1.13 0.83 0.63
47 38 13 0 16.60 0.24 0.00 1.28 1.15 2.24 1.55 1.18 1.15 1.16
51 13 5 0 16.60 0.69 0.00 0.35 1.44 2.64 1.83 1.65 1.21 0.92
51 72 8 1 16.60 0.48 0.00 0.41 1.06 1.26 0.95 0.72 0.47 0.61
80 23 28 0 16.60 0.19 0.00 0.68 1.07 1.05 1.10 0.81 0.79 0.66
33 79 7 1 16.61 0.33 0.00 0.31 2.10 1.74 1.10 1.01 0.83 0.94
35 8 8 0 16.61 0.60 0.00 0.32 1.72 1.31 1.08 0.69 0.97 1.07
43 23 40 0 16.61 0.62 0.00 0.57 1.30 1.74 1.81 1.40 1.58 1.25
12 42 4 0 16.62 0.44 0.00 0.41 1.41 2.65 2.01 1.13 0.69 1.02
25 71 7 1 16.62 0.29 0.00 0.22 0.99 1.19 0.90 1.19 1.60 1.60
46 69 16 0 16.62 0.51 0.00 0.25 1.61 1.76 0.93 0.98 1.48 1.79
5 35 4 0 16.62 0.30 0.00 0.38 1.11 3.33 1.61 0.69 0.60 1.18
51 10 34 1 16.62 0.35 0.00 1.07 1.01 1.58 1.75 1.16 0.78 1.00
8 81 23 0 16.62 0.24 0.00 0.95 0.64 1.59 1.28 0.53 0.60 1.28
32 20 23 0 16.63 0.19 0.00 0.47 1.07 1.09 1.61 1.32 1.18 0.98
42 51 12 1 16.63 0.24 0.03 0.76 1.34 1.53 0.99 0.82 0.70 0.45
52 60 20 1 16.63 0.15 0.00 0.63 1.94 1.65 1.23 0.87 0.84 1.08
55 22 20 1 16.63 0.15 0.00 1.03 1.31 1.58 0.84 0.62 0.68 0.79
45 36 13 0 16.64 0.51 0.00 1.32 1.12 1.92 1.39 1.26 1.29 1.16
46 77 3 0 16.64 0.11 0.00 0.73 1.61 1.29 1.28 0.97 0.95 0.82
66 52 14 0 16.64 0.10 0.00 0.48 1.29 1.43 1.31 1.65 1.55 1.41
33 10 5 0 16.65 0.10 0.00 0.50 0.60 0.93 0.67 0.81 0.87 0.94
38 16 10 0 16.65 0.30 0.00 0.15 1.63 1.64 1.36 0.95 1.11 1.34
44 22 10 0 16.65 0.15 0.00 0.13 1.65 1.66 1.11 0.78 1.19 1.29
44 61 34 1 16.65 0.23 0.00 0.24 1.59 2.78 1.57 1.35 0.70 0.77
54 10 29 1 16.65 0.18 0.00 0.60 0.64 1.31 1.38 0.99 0.46 0.61
55 27 31 1 16.65 0.35 0.00 0.41 0.50 1.03 1.11 1.29 1.54 1.22
58 36 21 0 16.65 0.30 0.00 0.22 0.35 1.06 1.11 1.16 1.01 1.02
29 38 12 1 16.66 0.26 0.03 0.73 0.87 1.10 0.79 0.84 0.74 0.58
30 72 13 1 16.66 0.25 0.00 0.94 1.66 2.49 1.35 0.88 0.73 0.81
14 72 4 1 16.67 0.71 0.00 0.97 1.02 3.10 1.79 1.10 0.84 0.90
16 0 18 0 16.67 0.40 0.00 0.47 1.01 1.09 0.70 0.55 0.78 0.77
37 62 37 1 16.67 0.37 0.00 0.34 1.36 1.16 1.12 0.81 0.69 0.64
54 73 38 1 16.67 0.31 0.00 0.38 1.28 2.03 1.23 0.58 0.46 0.53
18 50 12 0 16.68 0.30 0.00 1.14 1.26 1.37 1.09 1.26 1.19 1.09
32 59 34 0 16.68 0.66 0.00 0.58 0.95 1.89 1.54 1.73 1.65 1.66
33 65 12 1 16.68 0.60 0.00 0.15 0.51 1.34 1.29 1.60 1.55 0.97
